{"type":"FeatureCollection","attribution":"Pompeii Linked Open Data (P-LOD), CC-BY. Geometry from the Pompeii Bibliography and Mapping Project (PBMP) and the Pompeii Artistic Landscape Project (PALP). https://p-lod.org/","source":{"api":"https://api.p-lod.org","endpoints":["/instances-of/property"],"retrieved":"2026-08-06","crs":"EPSG:4326 (WGS 84 lon/lat); source z ordinate dropped"},"features":[{"type":"Feature","properties":{"level":"property","id":"I.1.1","label":"Property I.1.1"},"geometry":{"type":"Polygon","coordinates":[[[14.489906,40.748406],[14.4899,40.748411],[14.489943,40.748437],[14.489989,40.748396],[14.490036,40.748415],[14.490098,40.74844],[14.490125,40.748399],[14.49008,40.748385],[14.490065,40.74838],[14.489962,40.748349],[14.48994,40.748372],[14.489933,40.748379],[14.48992,40.748391],[14.489918,40.74839],[14.489915,40.748392],[14.489917,40.748394],[14.489906,40.748406]]]}},{"type":"Feature","properties":{"level":"property","id":"I.1.2","label":"Property I.1.2"},"geometry":{"type":"Polygon","coordinates":[[[14.489893,40.748417],[14.489861,40.748446],[14.489862,40.748449],[14.489975,40.7485],[14.490036,40.748415],[14.489989,40.748396],[14.489943,40.748437],[14.4899,40.748411],[14.489893,40.748417]]]}},{"type":"Feature","properties":{"level":"property","id":"I.1.3","label":"Property I.1.3"},"geometry":{"type":"Polygon","coordinates":[[[14.48977,40.748538],[14.489764,40.748544],[14.48975,40.748536],[14.489751,40.748538],[14.48995,40.748647],[14.490044,40.748529],[14.490041,40.748528],[14.490098,40.74844],[14.490036,40.748415],[14.489975,40.7485],[14.489862,40.748449],[14.489861,40.748446],[14.489849,40.748457],[14.489826,40.748479],[14.489815,40.748491],[14.489798,40.748511],[14.489785,40.748523],[14.48977,40.748538]]]}},{"type":"Feature","properties":{"level":"property","id":"I.1.8","label":"Property I.1.8"},"geometry":{"type":"Polygon","coordinates":[[[14.489751,40.748538],[14.48975,40.748536],[14.48974,40.748544],[14.489718,40.748563],[14.48971,40.74857],[14.489701,40.748578],[14.489693,40.748584],[14.489674,40.748602],[14.489664,40.748611],[14.489642,40.748629],[14.489634,40.748635],[14.489738,40.748688],[14.489824,40.748733],[14.489828,40.748735],[14.489865,40.748754],[14.48995,40.748647],[14.489751,40.748538]]]}},{"type":"Feature","properties":{"level":"property","id":"I.10.1","label":"Property I.10.1"},"geometry":{"type":"Polygon","coordinates":[[[14.48988,40.749978],[14.489917,40.749998],[14.489927,40.749987],[14.489957,40.750003],[14.490019,40.749944],[14.489896,40.74988],[14.489874,40.749906],[14.489906,40.749926],[14.489863,40.749969],[14.489867,40.749971],[14.48988,40.749978]]]}},{"type":"Feature","properties":{"level":"property","id":"I.10.11","label":"Property I.10.11"},"geometry":{"type":"Polygon","coordinates":[[[14.490138,40.74946],[14.489848,40.749314],[14.489813,40.749345],[14.489801,40.749354],[14.489778,40.749375],[14.489755,40.749396],[14.48974,40.74941],[14.489739,40.749411],[14.489794,40.749449],[14.48986,40.749494],[14.49003,40.749591],[14.490103,40.749503],[14.490138,40.74946]]]}},{"type":"Feature","properties":{"level":"property","id":"I.10.12","label":"Property I.10.12"},"geometry":{"type":"Polygon","coordinates":[[[14.490138,40.74946],[14.490103,40.749503],[14.490156,40.74953],[14.490189,40.749486],[14.490183,40.749483],[14.490175,40.749479],[14.490138,40.74946]]]}},{"type":"Feature","properties":{"level":"property","id":"I.10.13","label":"Property I.10.13"},"geometry":{"type":"Polygon","coordinates":[[[14.490364,40.749576],[14.490299,40.749543],[14.490271,40.749577],[14.490337,40.749611],[14.490342,40.749606],[14.490361,40.74958],[14.490364,40.749576],[14.490364,40.749576]]]}},{"type":"Feature","properties":{"level":"property","id":"I.10.18","label":"Property I.10.18"},"geometry":{"type":"Polygon","coordinates":[[[14.490042,40.749922],[14.490053,40.74991],[14.490084,40.749882],[14.490057,40.749868],[14.490008,40.749845],[14.489992,40.749841],[14.489897,40.749798],[14.489874,40.749825],[14.489896,40.749836],[14.489883,40.749849],[14.48991,40.749863],[14.489896,40.74988],[14.490019,40.749944],[14.490042,40.749922]]]}},{"type":"Feature","properties":{"level":"property","id":"I.10.3","label":"Property I.10.3"},"geometry":{"type":"Polygon","coordinates":[[[14.489842,40.749956],[14.489863,40.749969],[14.489906,40.749926],[14.489874,40.749906],[14.489896,40.74988],[14.48991,40.749863],[14.489883,40.749849],[14.489896,40.749836],[14.489874,40.749825],[14.489783,40.749929],[14.489812,40.749943],[14.489825,40.749948],[14.489834,40.749954],[14.489842,40.749956]]]}},{"type":"Feature","properties":{"level":"property","id":"I.10.4","label":"Property I.10.4 (House of Menander)"},"geometry":{"type":"Polygon","coordinates":[[[14.489783,40.749929],[14.489897,40.749798],[14.489992,40.749841],[14.490008,40.749845],[14.490057,40.749868],[14.490084,40.749882],[14.490088,40.749879],[14.490107,40.74986],[14.490115,40.749853],[14.490123,40.749844],[14.490193,40.749776],[14.490198,40.749769],[14.490279,40.749678],[14.490312,40.749641],[14.490328,40.749621],[14.490337,40.749611],[14.490271,40.749577],[14.490299,40.749543],[14.490189,40.749486],[14.490156,40.74953],[14.490103,40.749503],[14.490054,40.749562],[14.49003,40.749591],[14.48986,40.749494],[14.489739,40.749411],[14.489574,40.749563],[14.489607,40.749581],[14.48961,40.749578],[14.489661,40.749605],[14.489643,40.749622],[14.489658,40.749629],[14.489719,40.749572],[14.489816,40.749623],[14.489646,40.749817],[14.489686,40.749836],[14.489658,40.74987],[14.489658,40.749873],[14.489689,40.749887],[14.489701,40.749892],[14.489783,40.749929]]]}},{"type":"Feature","properties":{"level":"property","id":"I.10.6","label":"Property I.10.6"},"geometry":{"type":"Polygon","coordinates":[[[14.489646,40.749817],[14.489605,40.749798],[14.489575,40.749839],[14.489583,40.749842],[14.489605,40.749853],[14.489615,40.749857],[14.489631,40.749864],[14.489643,40.74987],[14.489656,40.749876],[14.489658,40.749873],[14.489658,40.74987],[14.489686,40.749836],[14.489646,40.749817]]]}},{"type":"Feature","properties":{"level":"property","id":"I.10.7","label":"Property I.10.7"},"geometry":{"type":"Polygon","coordinates":[[[14.489569,40.749836],[14.489575,40.749839],[14.489605,40.749798],[14.489646,40.749817],[14.489816,40.749623],[14.489718,40.749572],[14.489658,40.749629],[14.489643,40.749622],[14.489616,40.74965],[14.489626,40.749655],[14.489519,40.749813],[14.489559,40.749831],[14.489569,40.749836]]]}},{"type":"Feature","properties":{"level":"property","id":"I.10.8","label":"Property I.10.8"},"geometry":{"type":"Polygon","coordinates":[[[14.489424,40.74977],[14.489519,40.749813],[14.489626,40.749655],[14.489616,40.74965],[14.489661,40.749605],[14.48961,40.749578],[14.489607,40.749581],[14.489574,40.749563],[14.489528,40.749606],[14.489522,40.749608],[14.489401,40.749722],[14.489428,40.749735],[14.489408,40.749759],[14.489409,40.749763],[14.489424,40.74977]]]}},{"type":"Feature","properties":{"level":"property","id":"I.10.9","label":"Property I.10.9"},"geometry":{"type":"Polygon","coordinates":[[[14.489398,40.749726],[14.489381,40.749742],[14.489374,40.749748],[14.489409,40.749763],[14.489408,40.749759],[14.489428,40.749735],[14.489401,40.749722],[14.489398,40.749726]]]}},{"type":"Feature","properties":{"level":"property","id":"I.11.1","label":"Property I.11.1"},"geometry":{"type":"Polygon","coordinates":[[[14.490848,40.750954],[14.490756,40.750914],[14.490661,40.751035],[14.490669,40.751039],[14.49071,40.751056],[14.490753,40.751076],[14.49076,40.751079],[14.490784,40.75109],[14.490792,40.751094],[14.490885,40.750968],[14.490871,40.750962],[14.490848,40.750954]]]}},{"type":"Feature","properties":{"level":"property","id":"I.11.12","label":"Property I.11.12"},"geometry":{"type":"Polygon","coordinates":[[[14.491212,40.750365],[14.491195,40.750357],[14.491163,40.750398],[14.491096,40.750481],[14.491085,40.750494],[14.491059,40.750527],[14.491231,40.750605],[14.491291,40.750632],[14.491276,40.750651],[14.49138,40.75071],[14.491383,40.750707],[14.491534,40.750507],[14.491287,40.750398],[14.491269,40.75039],[14.491257,40.750385],[14.491238,40.750376],[14.491212,40.750365]]]}},{"type":"Feature","properties":{"level":"property","id":"I.11.13","label":"Property I.11.13"},"geometry":{"type":"Polygon","coordinates":[[[14.491021,40.750575],[14.491001,40.7506],[14.491088,40.750641],[14.491092,40.750644],[14.491139,40.750662],[14.491164,40.750634],[14.491258,40.750673],[14.491276,40.750651],[14.491291,40.750632],[14.491059,40.750527],[14.491032,40.750561],[14.491021,40.750575]]]}},{"type":"Feature","properties":{"level":"property","id":"I.11.14","label":"Property I.11.14"},"geometry":{"type":"Polygon","coordinates":[[[14.49138,40.75071],[14.491276,40.750651],[14.491258,40.750673],[14.491164,40.750634],[14.491139,40.750662],[14.491092,40.750644],[14.491088,40.750641],[14.491001,40.7506],[14.490972,40.750636],[14.490963,40.750648],[14.490943,40.750673],[14.491177,40.750777],[14.491282,40.750824],[14.49138,40.75071]]]}},{"type":"Feature","properties":{"level":"property","id":"I.11.15","label":"Property I.11.15"},"geometry":{"type":"Polygon","coordinates":[[[14.49089,40.75074],[14.490851,40.750791],[14.490921,40.750823],[14.490952,40.750784],[14.491059,40.75083],[14.491021,40.750879],[14.491187,40.75095],[14.491254,40.75086],[14.491262,40.750848],[14.491282,40.750824],[14.490943,40.750673],[14.490912,40.750714],[14.490908,40.750718],[14.4909,40.750729],[14.49089,40.75074]]]}},{"type":"Feature","properties":{"level":"property","id":"I.11.16","label":"Property I.11.16"},"geometry":{"type":"Polygon","coordinates":[[[14.490809,40.750846],[14.490808,40.750848],[14.490933,40.750903],[14.490935,40.750908],[14.490973,40.750925],[14.491011,40.750875],[14.491021,40.750879],[14.491059,40.75083],[14.490952,40.750784],[14.490921,40.750823],[14.490851,40.750791],[14.490818,40.750835],[14.490809,40.750846]]]}},{"type":"Feature","properties":{"level":"property","id":"I.11.17","label":"Property I.11.17"},"geometry":{"type":"Polygon","coordinates":[[[14.490768,40.750899],[14.490756,40.750914],[14.490848,40.750954],[14.490871,40.750962],[14.490927,40.750985],[14.490973,40.750925],[14.490935,40.750908],[14.490933,40.750903],[14.490808,40.750848],[14.490776,40.750889],[14.490768,40.750899]]]}},{"type":"Feature","properties":{"level":"property","id":"I.11.3","label":"Property I.11.3"},"geometry":{"type":"Polygon","coordinates":[[[14.490835,40.751114],[14.490838,40.75111],[14.490837,40.751107],[14.490851,40.751088],[14.49088,40.751047],[14.490927,40.750985],[14.490885,40.750968],[14.490792,40.751094],[14.490799,40.751097],[14.490822,40.751108],[14.490835,40.751114]]]}},{"type":"Feature","properties":{"level":"property","id":"I.11.4","label":"Property I.11.4"},"geometry":{"type":"Polygon","coordinates":[[[14.490842,40.751113],[14.490871,40.751124],[14.490876,40.751122],[14.490888,40.751104],[14.490851,40.751088],[14.490837,40.751107],[14.490838,40.75111],[14.490842,40.751113]]]}},{"type":"Feature","properties":{"level":"property","id":"I.11.5","label":"Property I.11.5"},"geometry":{"type":"Polygon","coordinates":[[[14.491166,40.750979],[14.491187,40.75095],[14.491021,40.750879],[14.491011,40.750875],[14.490973,40.750925],[14.490927,40.750985],[14.49088,40.751047],[14.490851,40.751088],[14.490888,40.751104],[14.490876,40.751122],[14.490871,40.751124],[14.490878,40.751127],[14.490889,40.751132],[14.490916,40.751145],[14.49092,40.751145],[14.490984,40.751064],[14.491033,40.750995],[14.491092,40.751019],[14.491077,40.751038],[14.49112,40.751057],[14.491137,40.751036],[14.491131,40.751034],[14.491158,40.750989],[14.491166,40.750979]]]}},{"type":"Feature","properties":{"level":"property","id":"I.11.6","label":"Property I.11.6"},"geometry":{"type":"Polygon","coordinates":[[[14.491092,40.751019],[14.491033,40.750995],[14.490984,40.751064],[14.49092,40.751145],[14.490916,40.751145],[14.490913,40.751149],[14.490939,40.751161],[14.490957,40.751169],[14.490967,40.751175],[14.490997,40.751188],[14.491011,40.751194],[14.491035,40.751163],[14.491076,40.751113],[14.491079,40.751108],[14.491094,40.751089],[14.491102,40.75108],[14.49112,40.751057],[14.491077,40.751038],[14.491092,40.751019]]]}},{"type":"Feature","properties":{"level":"property","id":"I.12.1","label":"Property I.12.1"},"geometry":{"type":"Polygon","coordinates":[[[14.491207,40.751283],[14.491326,40.751131],[14.491333,40.751135],[14.491413,40.751038],[14.491232,40.750958],[14.491107,40.751125],[14.49104,40.751213],[14.491045,40.751215],[14.491053,40.751204],[14.49106,40.751207],[14.491079,40.751215],[14.491091,40.75122],[14.491101,40.751225],[14.491134,40.751239],[14.491128,40.751247],[14.491207,40.751283]]]}},{"type":"Feature","properties":{"level":"property","id":"I.12.11","label":"Property I.12.11"},"geometry":{"type":"Polygon","coordinates":[[[14.49169,40.750657],[14.491737,40.750595],[14.491742,40.750594],[14.491723,40.750585],[14.491701,40.750575],[14.491689,40.750569],[14.491672,40.750563],[14.491638,40.750547],[14.491592,40.750607],[14.491539,40.750584],[14.491538,40.750581],[14.491531,40.750578],[14.491466,40.750661],[14.491631,40.750736],[14.49169,40.750657]]]}},{"type":"Feature","properties":{"level":"property","id":"I.12.12","label":"Property I.12.12"},"geometry":{"type":"Polygon","coordinates":[[[14.491583,40.750523],[14.49155,40.750566],[14.491545,40.750572],[14.491538,40.750581],[14.491539,40.750584],[14.491592,40.750607],[14.491638,40.750547],[14.49163,40.750544],[14.491601,40.750532],[14.491583,40.750523]]]}},{"type":"Feature","properties":{"level":"property","id":"I.12.15","label":"Property I.12.15"},"geometry":{"type":"Polygon","coordinates":[[[14.491349,40.750792],[14.491281,40.750883],[14.491288,40.750886],[14.491291,40.750886],[14.491462,40.750959],[14.491499,40.750913],[14.49156,40.750941],[14.491591,40.750899],[14.491575,40.750892],[14.49161,40.750845],[14.491564,40.750825],[14.491559,40.750832],[14.491393,40.75076],[14.491389,40.750761],[14.491382,40.750771],[14.491361,40.750797],[14.491349,40.750792]]]}},{"type":"Feature","properties":{"level":"property","id":"I.12.16","label":"Property I.12.16"},"geometry":{"type":"Polygon","coordinates":[[[14.491257,40.750925],[14.491232,40.750958],[14.491404,40.751034],[14.491462,40.750959],[14.491291,40.750886],[14.491288,40.750886],[14.491269,40.75091],[14.491257,40.750925]]]}},{"type":"Feature","properties":{"level":"property","id":"I.12.3","label":"Property I.12.3"},"geometry":{"type":"Polygon","coordinates":[[[14.491252,40.751303],[14.491252,40.751303],[14.491264,40.751309],[14.49129,40.751276],[14.491322,40.75129],[14.491413,40.75117],[14.491333,40.751135],[14.491326,40.751131],[14.491207,40.751283],[14.491209,40.751284],[14.491252,40.751303]]]}},{"type":"Feature","properties":{"level":"property","id":"I.12.4","label":"Property I.12.4"},"geometry":{"type":"Polygon","coordinates":[[[14.491285,40.751319],[14.491296,40.751324],[14.491322,40.75129],[14.49129,40.751276],[14.491264,40.751309],[14.491268,40.751311],[14.491285,40.751319]]]}},{"type":"Feature","properties":{"level":"property","id":"I.12.5","label":"Property I.12.5"},"geometry":{"type":"Polygon","coordinates":[[[14.491388,40.751364],[14.491466,40.751262],[14.491472,40.751255],[14.491506,40.751211],[14.491413,40.75117],[14.491296,40.751324],[14.491331,40.751339],[14.491377,40.751359],[14.491388,40.751364]]]}},{"type":"Feature","properties":{"level":"property","id":"I.12.6","label":"Property I.12.6"},"geometry":{"type":"Polygon","coordinates":[[[14.491594,40.751097],[14.491631,40.751049],[14.491548,40.751013],[14.491549,40.751011],[14.491454,40.750969],[14.491404,40.751034],[14.491413,40.751038],[14.491333,40.751135],[14.491506,40.751211],[14.491587,40.751107],[14.491594,40.751097]]]}},{"type":"Feature","properties":{"level":"property","id":"I.12.7","label":"Property I.12.7"},"geometry":{"type":"Polygon","coordinates":[[[14.491683,40.750984],[14.491707,40.750952],[14.491591,40.750899],[14.49156,40.750941],[14.491499,40.750913],[14.491462,40.750959],[14.491454,40.750969],[14.491549,40.751011],[14.491548,40.751013],[14.491631,40.751049],[14.491674,40.750993],[14.491683,40.750984]]]}},{"type":"Feature","properties":{"level":"property","id":"I.12.8","label":"Property I.12.8"},"geometry":{"type":"Polygon","coordinates":[[[14.491774,40.750865],[14.49192,40.750673],[14.491843,40.750638],[14.491831,40.750633],[14.49179,40.750615],[14.491761,40.750656],[14.491686,40.75076],[14.491718,40.750774],[14.491682,40.750824],[14.491654,40.750864],[14.49161,40.750845],[14.491575,40.750892],[14.491707,40.750952],[14.491774,40.750865]]]}},{"type":"Feature","properties":{"level":"property","id":"I.12.9","label":"Property I.12.9"},"geometry":{"type":"Polygon","coordinates":[[[14.491446,40.750687],[14.491446,40.750687],[14.491389,40.750761],[14.491393,40.75076],[14.491559,40.750832],[14.491564,40.750825],[14.49161,40.750845],[14.491654,40.750864],[14.491718,40.750774],[14.491686,40.75076],[14.491761,40.750656],[14.49179,40.750615],[14.491751,40.750597],[14.491742,40.750594],[14.491737,40.750595],[14.491631,40.750736],[14.491466,40.750661],[14.491451,40.75068],[14.491446,40.750687]]]}},{"type":"Feature","properties":{"level":"property","id":"I.13.1","label":"Property I.13.1"},"geometry":{"type":"Polygon","coordinates":[[[14.491475,40.751404],[14.491511,40.751421],[14.49169,40.751191],[14.491744,40.751218],[14.491753,40.751207],[14.491608,40.75114],[14.491425,40.751379],[14.491456,40.751394],[14.491475,40.751404]]]}},{"type":"Feature","properties":{"level":"property","id":"I.13.10","label":"Property I.13.10"},"geometry":{"type":"Polygon","coordinates":[[[14.4923,40.750837],[14.492276,40.750826],[14.492228,40.750804],[14.492191,40.750855],[14.492275,40.750893],[14.492311,40.750842],[14.4923,40.750837],[14.4923,40.750837]]]}},{"type":"Feature","properties":{"level":"property","id":"I.13.11","label":"Property I.13.11"},"geometry":{"type":"Polygon","coordinates":[[[14.492203,40.750792],[14.492186,40.750786],[14.49213,40.750758],[14.492124,40.750756],[14.49203,40.750885],[14.492135,40.750932],[14.492228,40.750804],[14.492203,40.750792]]]}},{"type":"Feature","properties":{"level":"property","id":"I.13.14"},"geometry":{"type":"Polygon","coordinates":[[[14.491978,40.750697],[14.491955,40.750687],[14.491922,40.75073],[14.491856,40.750817],[14.491844,40.750833],[14.491817,40.750868],[14.491688,40.751036],[14.491736,40.751059],[14.491856,40.751115],[14.491882,40.751086],[14.491988,40.750942],[14.492032,40.750883],[14.492124,40.750756],[14.492047,40.750725],[14.492032,40.750718],[14.492026,40.750716],[14.492014,40.75071],[14.491978,40.750697]]]}},{"type":"Feature","properties":{"level":"property","id":"I.13.15","label":"Property I.13.15"},"geometry":{"type":"Polygon","coordinates":[[[14.491675,40.751051],[14.491656,40.751077],[14.491735,40.751112],[14.491825,40.751152],[14.491856,40.751115],[14.491736,40.751059],[14.491688,40.751036],[14.491687,40.751038],[14.491675,40.751051]]]}},{"type":"Feature","properties":{"level":"property","id":"I.13.16","label":"Property I.13.16"},"geometry":{"type":"Polygon","coordinates":[[[14.491636,40.751104],[14.491636,40.751104],[14.491608,40.75114],[14.491753,40.751207],[14.491744,40.751218],[14.491769,40.751231],[14.491811,40.751172],[14.491825,40.751152],[14.491656,40.751077],[14.491642,40.751097],[14.491636,40.751104]]]}},{"type":"Feature","properties":{"level":"property","id":"I.13.2","label":"Property I.13.2"},"geometry":{"type":"Polygon","coordinates":[[[14.491734,40.751355],[14.491764,40.751318],[14.491813,40.751343],[14.491866,40.75128],[14.491769,40.751231],[14.491744,40.751218],[14.49169,40.751191],[14.491532,40.751394],[14.491511,40.751421],[14.49152,40.751425],[14.491534,40.751431],[14.491546,40.751437],[14.491561,40.751443],[14.491629,40.751474],[14.491635,40.751477],[14.491646,40.751483],[14.491673,40.751495],[14.491686,40.751475],[14.491765,40.75137],[14.491734,40.751355]]]}},{"type":"Feature","properties":{"level":"property","id":"I.13.4","label":"Property I.13.4"},"geometry":{"type":"Polygon","coordinates":[[[14.491917,40.751343],[14.491922,40.751336],[14.491939,40.751316],[14.491866,40.75128],[14.491813,40.751343],[14.491764,40.751318],[14.491734,40.751355],[14.491765,40.75137],[14.491686,40.751475],[14.491673,40.751495],[14.491706,40.75151],[14.491713,40.751513],[14.491721,40.751517],[14.49175,40.751527],[14.491764,40.751533],[14.49179,40.751502],[14.491799,40.751491],[14.491801,40.751489],[14.491812,40.751475],[14.491814,40.751471],[14.491889,40.751378],[14.491917,40.751343]]]}},{"type":"Feature","properties":{"level":"property","id":"I.13.7","label":"Property I.13.7"},"geometry":{"type":"Polygon","coordinates":[[[14.491973,40.751274],[14.491999,40.751242],[14.491824,40.751153],[14.491811,40.751172],[14.491769,40.751231],[14.491939,40.751316],[14.491963,40.751287],[14.491973,40.751274]]]}},{"type":"Feature","properties":{"level":"property","id":"I.13.8","label":"Property I.13.8"},"geometry":{"type":"Polygon","coordinates":[[[14.49204,40.75119],[14.492058,40.751168],[14.491882,40.751086],[14.491856,40.751115],[14.491825,40.751152],[14.491824,40.751153],[14.491999,40.751242],[14.492004,40.751235],[14.492009,40.75123],[14.492023,40.751212],[14.492026,40.751208],[14.492032,40.7512],[14.49204,40.75119]]]}},{"type":"Feature","properties":{"level":"property","id":"I.13.9","label":"Property I.13.9"},"geometry":{"type":"Polygon","coordinates":[[[14.49223,40.750957],[14.492275,40.750893],[14.492191,40.750855],[14.492135,40.750932],[14.49203,40.750885],[14.491882,40.751086],[14.491939,40.751113],[14.492058,40.751168],[14.492071,40.751153],[14.492081,40.751141],[14.492109,40.751106],[14.49223,40.750957]]]}},{"type":"Feature","properties":{"level":"property","id":"I.14.1","label":"Property I.14.1"},"geometry":{"type":"Polygon","coordinates":[[[14.492534,40.750363],[14.492594,40.750283],[14.49271,40.750335],[14.49273,40.75031],[14.49274,40.750298],[14.492791,40.750232],[14.492793,40.75023],[14.492838,40.750172],[14.492819,40.750164],[14.492791,40.750153],[14.492765,40.750141],[14.492698,40.750111],[14.492663,40.750096],[14.492625,40.750078],[14.492602,40.750069],[14.492596,40.750066],[14.492591,40.750064],[14.492579,40.750059],[14.492577,40.750058],[14.492518,40.750032],[14.492499,40.750023],[14.492489,40.750019],[14.492447,40.750072],[14.492303,40.750258],[14.492534,40.750363]]]}},{"type":"Feature","properties":{"level":"property","id":"I.14.2","label":"Property I.14.2"},"geometry":{"type":"Polygon","coordinates":[[[14.492534,40.750363],[14.492303,40.750258],[14.492241,40.750337],[14.492388,40.750406],[14.492479,40.750448],[14.492584,40.750497],[14.492647,40.750416],[14.492659,40.750401],[14.49271,40.750335],[14.492594,40.750283],[14.492534,40.750363]]]}},{"type":"Feature","properties":{"level":"property","id":"I.14.3","label":"Property I.14.3"},"geometry":{"type":"Polygon","coordinates":[[[14.492584,40.750497],[14.492479,40.750448],[14.492388,40.750406],[14.49234,40.750469],[14.492365,40.750481],[14.492533,40.75056],[14.492555,40.750532],[14.492566,40.750521],[14.492584,40.750497]]]}},{"type":"Feature","properties":{"level":"property","id":"I.14.4","label":"Property I.14.4"},"geometry":{"type":"Polygon","coordinates":[[[14.492363,40.750777],[14.492447,40.75067],[14.492493,40.750612],[14.492503,40.750598],[14.492533,40.75056],[14.492397,40.750496],[14.49234,40.750469],[14.492388,40.750406],[14.492241,40.750337],[14.492111,40.750505],[14.492104,40.750515],[14.492102,40.750517],[14.492234,40.750575],[14.492312,40.750609],[14.492227,40.75072],[14.492203,40.750751],[14.492215,40.750756],[14.492211,40.750761],[14.492215,40.750763],[14.492219,40.750758],[14.492336,40.75081],[14.49235,40.750794],[14.492363,40.750777]]]}},{"type":"Feature","properties":{"level":"property","id":"I.14.7","label":"Property I.14.7"},"geometry":{"type":"Polygon","coordinates":[[[14.492312,40.750609],[14.492234,40.750575],[14.492127,40.750716],[14.49216,40.750731],[14.492173,40.750738],[14.492177,40.75074],[14.492196,40.750747],[14.492199,40.750749],[14.492196,40.750752],[14.4922,40.750754],[14.492203,40.750751],[14.492227,40.75072],[14.492312,40.750609]]]}},{"type":"Feature","properties":{"level":"property","id":"I.14.8","label":"Property I.14.8"},"geometry":{"type":"Polygon","coordinates":[[[14.492039,40.750676],[14.492127,40.750716],[14.492234,40.750575],[14.492102,40.750517],[14.492087,40.750537],[14.492077,40.750549],[14.49201,40.750635],[14.492004,40.750633],[14.492002,40.750636],[14.492007,40.750638],[14.491994,40.750655],[14.492013,40.750664],[14.492039,40.750676]]]}},{"type":"Feature","properties":{"level":"property","id":"I.15.3"},"geometry":{"type":"Polygon","coordinates":[[[14.492405,40.749983],[14.492114,40.749849],[14.491953,40.750047],[14.491942,40.750057],[14.491733,40.750325],[14.491611,40.750482],[14.491679,40.750513],[14.491695,40.75052],[14.491724,40.750534],[14.491726,40.750535],[14.491745,40.750543],[14.491757,40.750548],[14.491773,40.750555],[14.491899,40.750611],[14.491918,40.750619],[14.491955,40.750636],[14.49208,40.750475],[14.492092,40.750459],[14.492383,40.750097],[14.492388,40.75009],[14.492396,40.750079],[14.492347,40.750056],[14.492405,40.749983]]]}},{"type":"Feature","properties":{"level":"property","id":"I.15.5","label":"Property I.15.5"},"geometry":{"type":"Polygon","coordinates":[[[14.492455,40.750006],[14.492405,40.749983],[14.492347,40.750056],[14.492396,40.750079],[14.492418,40.750052],[14.492426,40.750044],[14.492455,40.750006]]]}},{"type":"Feature","properties":{"level":"property","id":"I.16.1","label":"Property I.16.1"},"geometry":{"type":"Polygon","coordinates":[[[14.491485,40.750421],[14.491485,40.750421],[14.491507,40.750431],[14.491518,40.750416],[14.491485,40.750401],[14.491474,40.750416],[14.491475,40.750417],[14.491485,40.750421]]]}},{"type":"Feature","properties":{"level":"property","id":"I.16.2","label":"Property I.16.2"},"geometry":{"type":"Polygon","coordinates":[[[14.491507,40.750431],[14.491576,40.750462],[14.491731,40.750262],[14.491859,40.750096],[14.491856,40.750093],[14.491875,40.750068],[14.491755,40.750011],[14.491795,40.74996],[14.49175,40.749939],[14.491782,40.749897],[14.491769,40.749891],[14.491728,40.749872],[14.491751,40.749843],[14.491743,40.749839],[14.491783,40.749789],[14.491675,40.749736],[14.491455,40.750016],[14.491572,40.750069],[14.491435,40.750251],[14.49149,40.750276],[14.491409,40.750385],[14.49141,40.750387],[14.491436,40.750398],[14.491444,40.750402],[14.491465,40.750412],[14.491474,40.750416],[14.491485,40.750401],[14.491518,40.750416],[14.491507,40.750431]]]}},{"type":"Feature","properties":{"level":"property","id":"I.16.3","label":"Property I.16.3"},"geometry":{"type":"Polygon","coordinates":[[[14.491374,40.750372],[14.491374,40.750372],[14.49141,40.750387],[14.491409,40.750385],[14.49149,40.750276],[14.491435,40.750251],[14.49146,40.750219],[14.491429,40.750206],[14.491344,40.750322],[14.491323,40.75035],[14.491357,40.750365],[14.491374,40.750372]]]}},{"type":"Feature","properties":{"level":"property","id":"I.16.5","label":"Property I.16.5"},"geometry":{"type":"Polygon","coordinates":[[[14.491344,40.750322],[14.491429,40.750206],[14.49146,40.750219],[14.491495,40.750172],[14.491572,40.750069],[14.491455,40.750016],[14.491374,40.750123],[14.491245,40.750289],[14.491241,40.750295],[14.491231,40.750308],[14.49127,40.750326],[14.491284,40.750333],[14.491284,40.750333],[14.491323,40.75035],[14.491344,40.750322]]]}},{"type":"Feature","properties":{"level":"property","id":"I.16.5","label":"Property I.16.5"},"geometry":{"type":"Polygon","coordinates":[[[14.492068,40.749827],[14.492018,40.749803],[14.49201,40.749813],[14.491999,40.749808],[14.491906,40.749764],[14.491893,40.749757],[14.491848,40.749735],[14.491856,40.749726],[14.491732,40.749664],[14.491675,40.749736],[14.491783,40.749789],[14.491743,40.749839],[14.491751,40.749843],[14.491728,40.749872],[14.491782,40.749897],[14.49175,40.749939],[14.491795,40.74996],[14.491755,40.750011],[14.491875,40.750068],[14.491897,40.75004],[14.491904,40.750031],[14.492068,40.749827]]]}},{"type":"Feature","properties":{"level":"property","id":"I.17.1","label":"Property I.17.1"},"geometry":{"type":"Polygon","coordinates":[[[14.490945,40.750208],[14.491004,40.750235],[14.491088,40.750118],[14.491087,40.750116],[14.491084,40.750117],[14.491079,40.750118],[14.491073,40.75012],[14.491065,40.750118],[14.491059,40.750115],[14.491056,40.75011],[14.491055,40.750103],[14.491054,40.750097],[14.491052,40.750094],[14.491047,40.750091],[14.491042,40.750089],[14.491035,40.750089],[14.491029,40.750088],[14.491024,40.750085],[14.49102,40.75008],[14.491014,40.750078],[14.491011,40.750075],[14.490998,40.750093],[14.490922,40.750059],[14.490917,40.750059],[14.490899,40.750083],[14.490858,40.750138],[14.490861,40.750139],[14.490844,40.750164],[14.49093,40.750202],[14.490945,40.750208]]]}},{"type":"Feature","properties":{"level":"property","id":"I.17.2","label":"Property I.17.2"},"geometry":{"type":"Polygon","coordinates":[[[14.491263,40.750188],[14.491201,40.750162],[14.491183,40.750186],[14.491126,40.750162],[14.49115,40.750131],[14.491128,40.750121],[14.491127,40.750123],[14.491126,40.750126],[14.491127,40.750129],[14.491126,40.750132],[14.491121,40.750134],[14.491117,40.750137],[14.491112,40.750138],[14.491104,40.750137],[14.491098,40.750134],[14.491096,40.750127],[14.491092,40.750124],[14.491089,40.75012],[14.491088,40.750118],[14.491004,40.750235],[14.491032,40.750248],[14.491047,40.750254],[14.491116,40.750284],[14.491137,40.750293],[14.49116,40.750304],[14.491172,40.750309],[14.491224,40.750239],[14.491263,40.750188]]]}},{"type":"Feature","properties":{"level":"property","id":"I.17.4","label":"Property I.17.4"},"geometry":{"type":"Polygon","coordinates":[[[14.49137,40.750047],[14.491406,40.75],[14.491286,40.74995],[14.491252,40.749992],[14.491227,40.749981],[14.491226,40.749983],[14.491225,40.749989],[14.491223,40.749993],[14.491222,40.749997],[14.491218,40.75],[14.49121,40.750006],[14.491202,40.750013],[14.491196,40.750017],[14.491187,40.750023],[14.491186,40.750025],[14.491216,40.750039],[14.491201,40.750059],[14.491148,40.750128],[14.49115,40.750131],[14.49114,40.750144],[14.491126,40.750162],[14.491183,40.750186],[14.491201,40.750162],[14.491263,40.750188],[14.491362,40.750059],[14.49137,40.750047]]]}},{"type":"Feature","properties":{"level":"property","id":"I.2.1","label":"Property I.2.1"},"geometry":{"type":"Polygon","coordinates":[[[14.489592,40.748659],[14.489573,40.748648],[14.489561,40.748658],[14.489535,40.748685],[14.489524,40.748695],[14.489552,40.74871],[14.48963,40.748752],[14.489683,40.748781],[14.489724,40.748738],[14.489722,40.748737],[14.48971,40.748729],[14.489672,40.748706],[14.48967,40.748705],[14.489654,40.748696],[14.489611,40.74867],[14.489592,40.748659]]]}},{"type":"Feature","properties":{"level":"property","id":"I.2.10","label":"Property I.2.10"},"geometry":{"type":"Polygon","coordinates":[[[14.489504,40.749067],[14.489575,40.748984],[14.48945,40.748926],[14.48937,40.748895],[14.489352,40.748911],[14.48931,40.748889],[14.489306,40.748889],[14.489297,40.748901],[14.489291,40.748907],[14.489269,40.748931],[14.489263,40.748936],[14.489268,40.748936],[14.489328,40.748976],[14.489342,40.748985],[14.489389,40.749015],[14.489392,40.749015],[14.489504,40.749067]]]}},{"type":"Feature","properties":{"level":"property","id":"I.2.13","label":"Property I.2.13"},"geometry":{"type":"Polygon","coordinates":[[[14.489195,40.748995],[14.489275,40.749034],[14.489283,40.749039],[14.489286,40.74904],[14.489342,40.748985],[14.489268,40.748936],[14.489263,40.748936],[14.489246,40.748949],[14.489231,40.748963],[14.489203,40.748988],[14.489195,40.748995]]]}},{"type":"Feature","properties":{"level":"property","id":"I.2.15"},"geometry":{"type":"Polygon","coordinates":[[[14.489437,40.749115],[14.489437,40.749115],[14.489469,40.749126],[14.489509,40.749069],[14.489504,40.749067],[14.489392,40.749015],[14.489389,40.749015],[14.489342,40.748985],[14.489286,40.74904],[14.489421,40.749107],[14.489437,40.749115]]]}},{"type":"Feature","properties":{"level":"property","id":"I.2.16","label":"Property I.2.16"},"geometry":{"type":"Polygon","coordinates":[[[14.48954,40.749152],[14.489593,40.749172],[14.489709,40.749023],[14.489699,40.749018],[14.489636,40.748988],[14.489591,40.748966],[14.489575,40.748984],[14.489504,40.749067],[14.489509,40.749069],[14.489469,40.749126],[14.489528,40.749147],[14.48954,40.749152]]]}},{"type":"Feature","properties":{"level":"property","id":"I.2.18"},"geometry":{"type":"Polygon","coordinates":[[[14.489957,40.749199],[14.489879,40.749162],[14.489876,40.749165],[14.489792,40.749131],[14.489821,40.749083],[14.489815,40.74908],[14.489709,40.749023],[14.489593,40.749172],[14.489613,40.749179],[14.489631,40.749186],[14.489648,40.749193],[14.489729,40.749227],[14.489826,40.749268],[14.489858,40.74928],[14.489868,40.749284],[14.489908,40.749245],[14.489918,40.749236],[14.489957,40.749199]]]}},{"type":"Feature","properties":{"level":"property","id":"I.2.20"},"geometry":{"type":"Polygon","coordinates":[[[14.489981,40.749174],[14.48999,40.749167],[14.490011,40.749145],[14.490014,40.749142],[14.49001,40.749139],[14.490014,40.749134],[14.489893,40.749082],[14.489833,40.749056],[14.489815,40.74908],[14.489821,40.749083],[14.489792,40.749131],[14.489876,40.749165],[14.489879,40.749162],[14.489957,40.749199],[14.489974,40.749182],[14.489981,40.749174]]]}},{"type":"Feature","properties":{"level":"property","id":"I.2.22","label":"Property I.2.22"},"geometry":{"type":"Polygon","coordinates":[[[14.490087,40.749063],[14.490123,40.749025],[14.49008,40.749004],[14.490048,40.749044],[14.489955,40.749002],[14.489893,40.749082],[14.490014,40.749134],[14.490063,40.749085],[14.490087,40.749063]]]}},{"type":"Feature","properties":{"level":"property","id":"I.2.23","label":"Property I.2.23"},"geometry":{"type":"Polygon","coordinates":[[[14.490144,40.748944],[14.490144,40.748944],[14.490132,40.748938],[14.49008,40.749004],[14.490123,40.749025],[14.490182,40.748964],[14.490166,40.748956],[14.490144,40.748944]]]}},{"type":"Feature","properties":{"level":"property","id":"I.2.24","label":"Property I.2.24"},"geometry":{"type":"Polygon","coordinates":[[[14.489893,40.749082],[14.489955,40.749002],[14.490048,40.749044],[14.490132,40.748938],[14.490039,40.748892],[14.490036,40.748895],[14.489984,40.74887],[14.489965,40.748864],[14.489952,40.748858],[14.489933,40.748849],[14.489921,40.748843],[14.489912,40.748838],[14.48991,40.748837],[14.489884,40.748868],[14.489875,40.748879],[14.48984,40.748921],[14.489912,40.748957],[14.489858,40.749021],[14.489833,40.749056],[14.489893,40.749082]]]}},{"type":"Feature","properties":{"level":"property","id":"I.2.28","label":"Property I.2.28"},"geometry":{"type":"Polygon","coordinates":[[[14.489853,40.748807],[14.489815,40.748788],[14.489785,40.748819],[14.489749,40.748856],[14.489636,40.748988],[14.489699,40.749018],[14.489815,40.74908],[14.489858,40.749021],[14.489912,40.748957],[14.48984,40.748921],[14.489884,40.748868],[14.48991,40.748837],[14.489896,40.74883],[14.489882,40.748823],[14.489871,40.748818],[14.489853,40.748807]]]}},{"type":"Feature","properties":{"level":"property","id":"I.2.3","label":"Property I.2.3"},"geometry":{"type":"Polygon","coordinates":[[[14.489669,40.748873],[14.489702,40.748834],[14.489749,40.748856],[14.489815,40.748788],[14.489784,40.748773],[14.489724,40.748738],[14.489683,40.748781],[14.489552,40.74871],[14.489524,40.748695],[14.489518,40.748701],[14.489503,40.748712],[14.489495,40.74872],[14.489482,40.748731],[14.489475,40.748737],[14.489448,40.748761],[14.489443,40.748766],[14.48948,40.748785],[14.48951,40.748801],[14.489525,40.748809],[14.489623,40.748854],[14.489669,40.748873]]]}},{"type":"Feature","properties":{"level":"property","id":"I.2.5"},"geometry":{"type":"Polygon","coordinates":[[[14.489416,40.748792],[14.489416,40.748792],[14.489409,40.748799],[14.489413,40.748799],[14.489497,40.748839],[14.489525,40.748809],[14.489443,40.748766],[14.489437,40.748772],[14.489416,40.748792]]]}},{"type":"Feature","properties":{"level":"property","id":"I.2.6","label":"Property I.2.6"},"geometry":{"type":"Polygon","coordinates":[[[14.489409,40.748799],[14.489394,40.748813],[14.489395,40.748816],[14.48948,40.748859],[14.489428,40.748918],[14.48945,40.748926],[14.489575,40.748984],[14.489591,40.748966],[14.489636,40.748988],[14.489749,40.748856],[14.489702,40.748834],[14.489669,40.748873],[14.489623,40.748854],[14.489525,40.748809],[14.489497,40.748839],[14.489413,40.748799],[14.489409,40.748799]]]}},{"type":"Feature","properties":{"level":"property","id":"I.2.8","label":"Property I.2.8"},"geometry":{"type":"Polygon","coordinates":[[[14.489452,40.748891],[14.48948,40.748859],[14.489395,40.748816],[14.489394,40.748813],[14.489388,40.748817],[14.489365,40.748839],[14.489361,40.748843],[14.489355,40.748849],[14.489332,40.748869],[14.489322,40.748878],[14.489327,40.748878],[14.48937,40.748895],[14.489428,40.748918],[14.489452,40.748891]]]}},{"type":"Feature","properties":{"level":"property","id":"I.2.9","label":"Property I.2.9"},"geometry":{"type":"Polygon","coordinates":[[[14.489309,40.748886],[14.489306,40.748889],[14.48931,40.748889],[14.489352,40.748911],[14.48937,40.748895],[14.489327,40.748878],[14.489322,40.748878],[14.489309,40.748886]]]}},{"type":"Feature","properties":{"level":"property","id":"I.20.1","label":"Property I.20.1"},"geometry":{"type":"Polygon","coordinates":[[[14.493064,40.749893],[14.493073,40.749881],[14.493075,40.749879],[14.4931,40.749848],[14.493111,40.749833],[14.49312,40.749822],[14.493121,40.749821],[14.493129,40.749811],[14.493183,40.749743],[14.49335,40.749532],[14.493013,40.749381],[14.492848,40.749589],[14.492783,40.749671],[14.49278,40.749675],[14.492996,40.749769],[14.492942,40.74984],[14.493063,40.749895],[14.493064,40.749893]]]}},{"type":"Feature","properties":{"level":"property","id":"I.20.4","label":"Property I.20.4"},"geometry":{"type":"Polygon","coordinates":[[[14.492996,40.749769],[14.49278,40.749675],[14.492728,40.749743],[14.492668,40.749805],[14.492667,40.749807],[14.492818,40.749876],[14.493008,40.749963],[14.493045,40.749916],[14.493054,40.749906],[14.493063,40.749895],[14.492942,40.74984],[14.492966,40.749809],[14.492996,40.749769]]]}},{"type":"Feature","properties":{"level":"property","id":"I.20.5","label":"Property I.20.5"},"geometry":{"type":"Polygon","coordinates":[[[14.492875,40.750132],[14.493008,40.749963],[14.492667,40.749807],[14.49253,40.749977],[14.492836,40.750115],[14.492864,40.750128],[14.492875,40.750132]]]}},{"type":"Feature","properties":{"level":"property","id":"I.21.2","label":"Property I.21.2"},"geometry":{"type":"Polygon","coordinates":[[[14.492317,40.749877],[14.492439,40.749721],[14.492455,40.749728],[14.492525,40.749759],[14.492615,40.749798],[14.492619,40.749798],[14.492675,40.749721],[14.492687,40.749726],[14.492848,40.749528],[14.492848,40.749527],[14.492863,40.749509],[14.49298,40.749365],[14.492631,40.749199],[14.492299,40.749622],[14.49219,40.749761],[14.492146,40.749818],[14.492202,40.749844],[14.492225,40.749855],[14.492261,40.749873],[14.492276,40.749858],[14.492317,40.749877]]]}},{"type":"Feature","properties":{"level":"property","id":"I.21.2","label":"Property I.21.2"},"geometry":{"type":"Polygon","coordinates":[[[14.492364,40.749898],[14.492364,40.749898],[14.492402,40.749917],[14.492428,40.749884],[14.492525,40.749759],[14.492439,40.749721],[14.492317,40.749877],[14.492351,40.749893],[14.492364,40.749898]]]}},{"type":"Feature","properties":{"level":"property","id":"I.21.5"},"geometry":{"type":"Polygon","coordinates":[[[14.492621,40.749799],[14.492619,40.749798],[14.492615,40.749798],[14.492525,40.749759],[14.492428,40.749884],[14.492402,40.749917],[14.492409,40.74992],[14.492432,40.749931],[14.492442,40.749935],[14.492447,40.749938],[14.492455,40.749941],[14.492491,40.749958],[14.492534,40.7499],[14.492621,40.749799]]]}},{"type":"Feature","properties":{"level":"property","id":"I.22.2","label":"Property I.22.2"},"geometry":{"type":"Polygon","coordinates":[[[14.4923,40.749052],[14.492236,40.749025],[14.491945,40.749396],[14.491814,40.749565],[14.491764,40.74963],[14.491813,40.749653],[14.491837,40.749665],[14.491893,40.74969],[14.491909,40.749697],[14.492056,40.749766],[14.492076,40.749775],[14.492103,40.749786],[14.492132,40.749752],[14.492156,40.749723],[14.492255,40.749605],[14.492578,40.749175],[14.4923,40.749052]]]}},{"type":"Feature","properties":{"level":"property","id":"I.3.1","label":"Property I.3.1"},"geometry":{"type":"Polygon","coordinates":[[[14.489132,40.749045],[14.48912,40.749057],[14.489154,40.749078],[14.489235,40.749125],[14.489289,40.749073],[14.489282,40.749069],[14.489277,40.749067],[14.489268,40.749062],[14.489262,40.749059],[14.489173,40.749012],[14.48916,40.749023],[14.489132,40.749045]]]}},{"type":"Feature","properties":{"level":"property","id":"I.3.11","label":"Property I.3.11"},"geometry":{"type":"Polygon","coordinates":[[[14.488734,40.749384],[14.488734,40.749384],[14.488731,40.749389],[14.488729,40.749388],[14.488728,40.749389],[14.488795,40.749422],[14.488849,40.749359],[14.488791,40.749331],[14.488764,40.749355],[14.488734,40.749384]]]}},{"type":"Feature","properties":{"level":"property","id":"I.3.12","label":"Property I.3.12"},"geometry":{"type":"Polygon","coordinates":[[[14.488693,40.749422],[14.48875,40.749453],[14.488755,40.749456],[14.488762,40.749459],[14.488795,40.749422],[14.488728,40.749389],[14.488722,40.749395],[14.488706,40.749408],[14.488693,40.749422]]]}},{"type":"Feature","properties":{"level":"property","id":"I.3.13","label":"Property I.3.13"},"geometry":{"type":"Polygon","coordinates":[[[14.488837,40.749499],[14.488859,40.749509],[14.488927,40.74943],[14.488894,40.749414],[14.488902,40.749404],[14.488913,40.74941],[14.488925,40.749395],[14.488849,40.749359],[14.488795,40.749422],[14.488762,40.749459],[14.488774,40.749466],[14.488809,40.749485],[14.488818,40.74949],[14.488837,40.749499]]]}},{"type":"Feature","properties":{"level":"property","id":"I.3.15","label":"Property I.3.15"},"geometry":{"type":"Polygon","coordinates":[[[14.488899,40.749528],[14.488911,40.749534],[14.488999,40.74943],[14.488925,40.749395],[14.488913,40.74941],[14.488902,40.749404],[14.488894,40.749414],[14.488927,40.74943],[14.488859,40.749509],[14.488877,40.749518],[14.488899,40.749528]]]}},{"type":"Feature","properties":{"level":"property","id":"I.3.16","label":"Property I.3.16"},"geometry":{"type":"Polygon","coordinates":[[[14.488989,40.749571],[14.489002,40.749577],[14.489008,40.74958],[14.48901,40.74958],[14.489043,40.749541],[14.488994,40.749517],[14.489028,40.749475],[14.489035,40.749478],[14.489053,40.749456],[14.488999,40.74943],[14.488911,40.749534],[14.48893,40.749543],[14.488938,40.749546],[14.488946,40.74955],[14.488967,40.749524],[14.488984,40.749531],[14.488962,40.749557],[14.488976,40.749564],[14.488989,40.749571]]]}},{"type":"Feature","properties":{"level":"property","id":"I.3.17","label":"Property I.3.17"},"geometry":{"type":"Polygon","coordinates":[[[14.48896,40.749556],[14.488962,40.749557],[14.488984,40.749531],[14.488967,40.749524],[14.488946,40.74955],[14.488949,40.749551],[14.48896,40.749556]]]}},{"type":"Feature","properties":{"level":"property","id":"I.3.2","label":"Property I.3.2"},"geometry":{"type":"Polygon","coordinates":[[[14.489089,40.749082],[14.489078,40.749093],[14.489082,40.749094],[14.489113,40.749114],[14.489154,40.749078],[14.48912,40.749057],[14.489109,40.749067],[14.489089,40.749082]]]}},{"type":"Feature","properties":{"level":"property","id":"I.3.22"},"geometry":{"type":"Polygon","coordinates":[[[14.489164,40.749567],[14.489263,40.749447],[14.489126,40.749393],[14.48907,40.749464],[14.489053,40.749456],[14.489035,40.749478],[14.489028,40.749475],[14.488994,40.749517],[14.489043,40.749541],[14.48901,40.74958],[14.489051,40.7496],[14.489071,40.749609],[14.489083,40.749615],[14.48909,40.749619],[14.489111,40.749629],[14.489125,40.749636],[14.489149,40.749647],[14.489157,40.749652],[14.489211,40.749589],[14.489164,40.749567]]]}},{"type":"Feature","properties":{"level":"property","id":"I.3.23","label":"Property I.3.23"},"geometry":{"type":"Polygon","coordinates":[[[14.489204,40.749676],[14.489269,40.74971],[14.489338,40.749634],[14.489304,40.749617],[14.48941,40.749486],[14.489312,40.749439],[14.489299,40.749462],[14.489263,40.749447],[14.489164,40.749567],[14.489211,40.749589],[14.489157,40.749652],[14.489188,40.749668],[14.489204,40.749676]]]}},{"type":"Feature","properties":{"level":"property","id":"I.3.24","label":"Property I.3.24"},"geometry":{"type":"Polygon","coordinates":[[[14.489318,40.749735],[14.489323,40.749737],[14.489334,40.749742],[14.489536,40.749547],[14.48941,40.749486],[14.489304,40.749617],[14.489338,40.749634],[14.489269,40.74971],[14.489279,40.749715],[14.489285,40.749718],[14.489295,40.749723],[14.489309,40.74973],[14.489318,40.749735]]]}},{"type":"Feature","properties":{"level":"property","id":"I.3.25","label":"Property I.3.25"},"geometry":{"type":"Polygon","coordinates":[[[14.489533,40.749398],[14.489502,40.749435],[14.489502,40.749435],[14.489533,40.749398],[14.489498,40.749381],[14.489446,40.749356],[14.489373,40.749326],[14.489305,40.749435],[14.489312,40.749439],[14.489536,40.749547],[14.489583,40.749501],[14.489602,40.749486],[14.489612,40.749477],[14.489628,40.749462],[14.489639,40.749452],[14.489583,40.749423],[14.489533,40.749398]]]}},{"type":"Feature","properties":{"level":"property","id":"I.3.27","label":"Property I.3.27"},"geometry":{"type":"Polygon","coordinates":[[[14.489669,40.749424],[14.489689,40.749406],[14.489637,40.749386],[14.489679,40.749334],[14.489624,40.749309],[14.489615,40.749321],[14.489588,40.749311],[14.489579,40.749323],[14.489536,40.749305],[14.489518,40.749335],[14.489438,40.749302],[14.489429,40.749314],[14.489362,40.749287],[14.489343,40.749313],[14.489373,40.749326],[14.489446,40.749356],[14.489498,40.749381],[14.489583,40.749423],[14.489639,40.749452],[14.489646,40.749445],[14.489649,40.749442],[14.489656,40.749435],[14.489669,40.749424]]]}},{"type":"Feature","properties":{"level":"property","id":"I.3.28","label":"Property I.3.28"},"geometry":{"type":"Polygon","coordinates":[[[14.489711,40.749385],[14.489728,40.74937],[14.489738,40.74936],[14.489679,40.749334],[14.489637,40.749386],[14.489689,40.749406],[14.489711,40.749385]]]}},{"type":"Feature","properties":{"level":"property","id":"I.3.3","label":"Property I.3.3"},"geometry":{"type":"Polygon","coordinates":[[[14.489429,40.749314],[14.489529,40.74918],[14.489386,40.749124],[14.489383,40.749124],[14.489369,40.749144],[14.489339,40.749129],[14.489356,40.749107],[14.489335,40.749097],[14.489323,40.74909],[14.489289,40.749073],[14.489235,40.749125],[14.489154,40.749078],[14.489113,40.749114],[14.489082,40.749094],[14.489078,40.749093],[14.489064,40.749102],[14.489052,40.749114],[14.489039,40.749127],[14.489034,40.749131],[14.48907,40.749153],[14.489165,40.749212],[14.489132,40.749241],[14.489228,40.749271],[14.489343,40.749313],[14.489362,40.749287],[14.489429,40.749314]]]}},{"type":"Feature","properties":{"level":"property","id":"I.3.30","label":"Property I.3.30"},"geometry":{"type":"Polygon","coordinates":[[[14.489797,40.749297],[14.489751,40.749276],[14.489743,40.749272],[14.489586,40.749202],[14.489572,40.749196],[14.489529,40.74918],[14.489438,40.749302],[14.489518,40.749335],[14.489536,40.749305],[14.489579,40.749323],[14.489588,40.749311],[14.489615,40.749321],[14.489624,40.749309],[14.489738,40.74936],[14.489762,40.749336],[14.489771,40.749324],[14.489797,40.749297]]]}},{"type":"Feature","properties":{"level":"property","id":"I.3.31","label":"Property I.3.31"},"geometry":{"type":"Polygon","coordinates":[[[14.48937,40.749113],[14.48937,40.749113],[14.489356,40.749107],[14.489339,40.749129],[14.489369,40.749144],[14.489383,40.749124],[14.489386,40.749124],[14.489387,40.749122],[14.489377,40.749117],[14.48937,40.749113]]]}},{"type":"Feature","properties":{"level":"property","id":"I.3.5"},"geometry":{"type":"Polygon","coordinates":[[[14.48897,40.749183],[14.488961,40.749191],[14.488954,40.749187],[14.488939,40.749201],[14.488935,40.749204],[14.48892,40.749218],[14.488959,40.749242],[14.48899,40.749211],[14.489094,40.749274],[14.489132,40.749241],[14.489165,40.749212],[14.489034,40.749131],[14.489028,40.749136],[14.489004,40.749156],[14.488991,40.749166],[14.48897,40.749183]]]}},{"type":"Feature","properties":{"level":"property","id":"I.3.7","label":"Property I.3.7"},"geometry":{"type":"Polygon","coordinates":[[[14.488922,40.74928],[14.488959,40.749242],[14.48892,40.749218],[14.488909,40.749228],[14.488893,40.749241],[14.488872,40.749262],[14.488922,40.74928]]]}},{"type":"Feature","properties":{"level":"property","id":"I.3.7","label":"Property I.3.7"},"geometry":{"type":"Polygon","coordinates":[[[14.48894,40.749287],[14.488966,40.749297],[14.489034,40.749326],[14.489094,40.749274],[14.48899,40.749211],[14.488922,40.74928],[14.48894,40.749287]]]}},{"type":"Feature","properties":{"level":"property","id":"I.3.8","label":"Property I.3.8"},"geometry":{"type":"Polygon","coordinates":[[[14.488872,40.749262],[14.488853,40.749282],[14.488854,40.749285],[14.488941,40.74932],[14.489126,40.749393],[14.489299,40.749462],[14.489312,40.749439],[14.489305,40.749435],[14.489373,40.749326],[14.489343,40.749313],[14.489228,40.749271],[14.489132,40.749241],[14.489034,40.749326],[14.488966,40.749297],[14.488922,40.74928],[14.488872,40.749262]]]}},{"type":"Feature","properties":{"level":"property","id":"I.3.9","label":"Property I.3.9"},"geometry":{"type":"Polygon","coordinates":[[[14.488793,40.74933],[14.488791,40.749331],[14.488849,40.749359],[14.48907,40.749464],[14.489126,40.749393],[14.488854,40.749285],[14.488853,40.749282],[14.488843,40.74929],[14.488827,40.749305],[14.488816,40.749314],[14.488793,40.74933]]]}},{"type":"Feature","properties":{"level":"property","id":"I.4.10","label":"Property I.4.10"},"geometry":{"type":"Polygon","coordinates":[[[14.488377,40.749705],[14.488367,40.749715],[14.488418,40.749737],[14.48845,40.7497],[14.488406,40.74968],[14.4884,40.749686],[14.488377,40.749705]]]}},{"type":"Feature","properties":{"level":"property","id":"I.4.11","label":"Property I.4.11"},"geometry":{"type":"Polygon","coordinates":[[[14.488337,40.749742],[14.488331,40.749748],[14.488504,40.749823],[14.488534,40.749789],[14.488367,40.749715],[14.488361,40.74972],[14.488337,40.749742]]]}},{"type":"Feature","properties":{"level":"property","id":"I.4.12","label":"Property I.4.12"},"geometry":{"type":"Polygon","coordinates":[[[14.488301,40.749971],[14.488332,40.749933],[14.488366,40.749947],[14.488389,40.74992],[14.488416,40.749931],[14.488472,40.749859],[14.488504,40.749823],[14.488331,40.749748],[14.488305,40.749774],[14.488285,40.749794],[14.488276,40.749804],[14.488275,40.749805],[14.48826,40.74982],[14.488252,40.749828],[14.488231,40.749846],[14.488229,40.749848],[14.488228,40.749849],[14.488208,40.749871],[14.488198,40.749882],[14.488171,40.74991],[14.488169,40.749913],[14.488182,40.749918],[14.488221,40.749936],[14.488244,40.749946],[14.48828,40.749961],[14.488301,40.749971]]]}},{"type":"Feature","properties":{"level":"property","id":"I.4.18","label":"Property I.4.18"},"geometry":{"type":"Polygon","coordinates":[[[14.488334,40.749985],[14.488365,40.749999],[14.488416,40.749931],[14.488389,40.74992],[14.488366,40.749947],[14.488332,40.749933],[14.488301,40.749971],[14.488303,40.749971],[14.488334,40.749985]]]}},{"type":"Feature","properties":{"level":"property","id":"I.4.19","label":"Property I.4.19"},"geometry":{"type":"Polygon","coordinates":[[[14.488392,40.750011],[14.488404,40.750017],[14.488434,40.74998],[14.488462,40.749946],[14.48842,40.749927],[14.488416,40.749931],[14.488365,40.749999],[14.488368,40.75],[14.488392,40.750011]]]}},{"type":"Feature","properties":{"level":"property","id":"I.4.2","label":"Property I.4.2"},"geometry":{"type":"Polygon","coordinates":[[[14.488686,40.749477],[14.488655,40.749461],[14.488645,40.749469],[14.488627,40.749485],[14.488624,40.749488],[14.488611,40.7495],[14.488604,40.749506],[14.488589,40.749518],[14.488582,40.749524],[14.488629,40.749546],[14.488674,40.749567],[14.488858,40.749653],[14.488914,40.749592],[14.488686,40.749477]]]}},{"type":"Feature","properties":{"level":"property","id":"I.4.20","label":"Property I.4.20"},"geometry":{"type":"Polygon","coordinates":[[[14.488443,40.750033],[14.488447,40.750035],[14.488446,40.750032],[14.488474,40.749999],[14.488434,40.74998],[14.488404,40.750017],[14.488407,40.750018],[14.488443,40.750033]]]}},{"type":"Feature","properties":{"level":"property","id":"I.4.22","label":"Property I.4.22"},"geometry":{"type":"Polygon","coordinates":[[[14.488541,40.750077],[14.488596,40.750006],[14.488666,40.749915],[14.488624,40.749896],[14.488629,40.749889],[14.488603,40.749876],[14.488619,40.749855],[14.488569,40.749834],[14.488545,40.749867],[14.488489,40.74984],[14.488472,40.749859],[14.48842,40.749927],[14.488462,40.749946],[14.488434,40.74998],[14.488474,40.749999],[14.488446,40.750032],[14.488447,40.750035],[14.488462,40.750041],[14.488475,40.750048],[14.488501,40.750061],[14.488503,40.750062],[14.488505,40.750063],[14.488532,40.750073],[14.488532,40.750073],[14.488541,40.750077]]]}},{"type":"Feature","properties":{"level":"property","id":"I.4.26","label":"Property I.4.26"},"geometry":{"type":"Polygon","coordinates":[[[14.4887,40.750149],[14.4887,40.750149],[14.488748,40.75017],[14.488781,40.750117],[14.488747,40.750103],[14.488739,40.750113],[14.488697,40.750094],[14.488685,40.750112],[14.488664,40.750102],[14.488648,40.750125],[14.488677,40.750138],[14.4887,40.750149]]]}},{"type":"Feature","properties":{"level":"property","id":"I.4.27","label":"Property I.4.27"},"geometry":{"type":"Polygon","coordinates":[[[14.488781,40.750184],[14.488791,40.750189],[14.488851,40.750139],[14.488857,40.750134],[14.488868,40.750124],[14.488832,40.750108],[14.488814,40.750131],[14.488781,40.750117],[14.488748,40.75017],[14.488755,40.750173],[14.488781,40.750184]]]}},{"type":"Feature","properties":{"level":"property","id":"I.4.4","label":"Property I.4.4"},"geometry":{"type":"Polygon","coordinates":[[[14.488549,40.749555],[14.488553,40.749555],[14.488615,40.74959],[14.488626,40.749577],[14.488653,40.74959],[14.488674,40.749567],[14.488582,40.749524],[14.488575,40.749531],[14.488558,40.749545],[14.488549,40.749555]]]}},{"type":"Feature","properties":{"level":"property","id":"I.4.5"},"geometry":{"type":"Polygon","coordinates":[[[14.488531,40.74957],[14.488532,40.749573],[14.488607,40.749616],[14.488581,40.749641],[14.488579,40.749644],[14.488642,40.749684],[14.48862,40.74971],[14.488644,40.749723],[14.48859,40.749799],[14.488594,40.749801],[14.488569,40.749834],[14.488619,40.749855],[14.488603,40.749876],[14.488629,40.749889],[14.488624,40.749896],[14.488666,40.749915],[14.488541,40.750077],[14.488616,40.750111],[14.488629,40.750116],[14.488648,40.750125],[14.488664,40.750102],[14.488685,40.750112],[14.488697,40.750094],[14.488739,40.750113],[14.488747,40.750103],[14.488814,40.750131],[14.488832,40.750108],[14.488868,40.750124],[14.488879,40.750115],[14.488886,40.750107],[14.488961,40.750042],[14.488967,40.750036],[14.489281,40.749766],[14.489266,40.749759],[14.48926,40.749755],[14.489244,40.749748],[14.489227,40.74974],[14.489213,40.749734],[14.489206,40.74973],[14.489195,40.749725],[14.489189,40.749731],[14.489188,40.749731],[14.488915,40.74959],[14.488858,40.749653],[14.488674,40.749567],[14.488653,40.74959],[14.488626,40.749577],[14.488615,40.74959],[14.488553,40.749555],[14.488549,40.749555],[14.488531,40.74957]]]}},{"type":"Feature","properties":{"level":"property","id":"I.4.6","label":"Property I.4.6"},"geometry":{"type":"Polygon","coordinates":[[[14.488513,40.749587],[14.488513,40.749587],[14.488504,40.749595],[14.488581,40.749641],[14.488607,40.749616],[14.488532,40.749573],[14.488531,40.74957],[14.488523,40.749576],[14.488513,40.749587]]]}},{"type":"Feature","properties":{"level":"property","id":"I.4.7","label":"Property I.4.7"},"geometry":{"type":"Polygon","coordinates":[[[14.488478,40.749615],[14.488468,40.749624],[14.488502,40.749644],[14.48862,40.74971],[14.488642,40.749684],[14.488579,40.749644],[14.488581,40.749641],[14.488504,40.749595],[14.488503,40.749596],[14.488478,40.749615]]]}},{"type":"Feature","properties":{"level":"property","id":"I.4.8","label":"Property I.4.8"},"geometry":{"type":"Polygon","coordinates":[[[14.488435,40.749653],[14.488428,40.749659],[14.488467,40.74968],[14.488502,40.749644],[14.488468,40.749624],[14.488459,40.749633],[14.488435,40.749653]]]}},{"type":"Feature","properties":{"level":"property","id":"I.4.9","label":"Property I.4.9"},"geometry":{"type":"Polygon","coordinates":[[[14.488415,40.749672],[14.488406,40.74968],[14.48845,40.7497],[14.488418,40.749737],[14.488534,40.749789],[14.488504,40.749823],[14.488489,40.74984],[14.488545,40.749867],[14.488594,40.749801],[14.48859,40.749799],[14.488644,40.749723],[14.488502,40.749644],[14.488467,40.74968],[14.488428,40.749659],[14.488422,40.749665],[14.488415,40.749672]]]}},{"type":"Feature","properties":{"level":"property","id":"I.5.1","label":"Property I.5.1"},"geometry":{"type":"Polygon","coordinates":[[[14.489938,40.748795],[14.489962,40.748806],[14.489972,40.748793],[14.489972,40.748791],[14.490004,40.74875],[14.489962,40.74873],[14.48999,40.748693],[14.489959,40.748677],[14.489886,40.74877],[14.489896,40.748775],[14.489938,40.748795]]]}},{"type":"Feature","properties":{"level":"property","id":"I.5.2","label":"Property I.5.2"},"geometry":{"type":"Polygon","coordinates":[[[14.490007,40.748809],[14.490045,40.748826],[14.490224,40.748909],[14.490312,40.7488],[14.490311,40.7488],[14.490307,40.7488],[14.490268,40.748782],[14.490269,40.748781],[14.490245,40.74877],[14.490241,40.748776],[14.490204,40.748761],[14.490292,40.748647],[14.49025,40.748629],[14.490265,40.748611],[14.490407,40.748677],[14.490539,40.748511],[14.490359,40.74846],[14.490167,40.748408],[14.490112,40.748491],[14.489959,40.748677],[14.48999,40.748693],[14.489962,40.74873],[14.490004,40.74875],[14.489972,40.748791],[14.489972,40.748793],[14.490007,40.748809]]]}},{"type":"Feature","properties":{"level":"property","id":"I.5.3","label":"Property I.5.3"},"geometry":{"type":"Polygon","coordinates":[[[14.490387,40.748703],[14.490398,40.748688],[14.490407,40.748677],[14.490265,40.748611],[14.49025,40.748629],[14.490292,40.748647],[14.490204,40.748761],[14.490241,40.748776],[14.490245,40.74877],[14.490269,40.748781],[14.490268,40.748782],[14.490307,40.7488],[14.490311,40.7488],[14.490387,40.748703]]]}},{"type":"Feature","properties":{"level":"property","id":"I.6.1","label":"Property I.6.1"},"geometry":{"type":"Polygon","coordinates":[[[14.489381,40.750458],[14.48941,40.750473],[14.489419,40.750479],[14.489428,40.75047],[14.489496,40.750403],[14.489497,40.750402],[14.489454,40.750378],[14.489442,40.750389],[14.489432,40.750384],[14.489374,40.750456],[14.489381,40.750458]]]}},{"type":"Feature","properties":{"level":"property","id":"I.6.10","label":"Property I.6.10"},"geometry":{"type":"Polygon","coordinates":[[[14.488975,40.750261],[14.488981,40.750265],[14.488983,40.750264],[14.489052,40.750188],[14.489025,40.750173],[14.48899,40.750212],[14.48897,40.750202],[14.488936,40.750238],[14.488933,40.750239],[14.488945,40.750247],[14.488975,40.750261]]]}},{"type":"Feature","properties":{"level":"property","id":"I.6.12","label":"Property I.6.12"},"geometry":{"type":"Polygon","coordinates":[[[14.488888,40.750217],[14.488888,40.750217],[14.488912,40.75023],[14.488912,40.750228],[14.488948,40.750191],[14.488923,40.750177],[14.488955,40.750141],[14.48892,40.750123],[14.488839,40.750192],[14.488854,40.7502],[14.488888,40.750217]]]}},{"type":"Feature","properties":{"level":"property","id":"I.6.13","label":"Property I.6.13"},"geometry":{"type":"Polygon","coordinates":[[[14.48942,40.749831],[14.489405,40.749824],[14.489318,40.749781],[14.489182,40.749898],[14.489323,40.749978],[14.489306,40.749998],[14.489319,40.750005],[14.489333,40.749989],[14.489341,40.749993],[14.489461,40.749853],[14.489461,40.74985],[14.489434,40.749837],[14.489437,40.749833],[14.489427,40.749829],[14.489423,40.749832],[14.48942,40.749831]]]}},{"type":"Feature","properties":{"level":"property","id":"I.6.15","label":"Property I.6.15"},"geometry":{"type":"Polygon","coordinates":[[[14.489466,40.749844],[14.489461,40.74985],[14.489461,40.749853],[14.489341,40.749993],[14.489333,40.749989],[14.489319,40.750005],[14.489306,40.749998],[14.489253,40.750059],[14.489297,40.75008],[14.489331,40.750096],[14.489371,40.750046],[14.489416,40.750072],[14.489568,40.749894],[14.489567,40.749891],[14.489557,40.749886],[14.489554,40.749889],[14.489523,40.749874],[14.489509,40.749866],[14.489466,40.749844]]]}},{"type":"Feature","properties":{"level":"property","id":"I.6.2","label":"Property I.6.2"},"geometry":{"type":"Polygon","coordinates":[[[14.489368,40.750453],[14.489374,40.750456],[14.489432,40.750384],[14.489442,40.750389],[14.489454,40.750378],[14.489497,40.750402],[14.489846,40.75009],[14.489858,40.750097],[14.489861,40.750094],[14.489849,40.750087],[14.489879,40.75006],[14.489782,40.74999],[14.489603,40.749902],[14.489589,40.749896],[14.489571,40.749887],[14.489567,40.749891],[14.489568,40.749894],[14.489416,40.750072],[14.489404,40.750085],[14.489433,40.750103],[14.489539,40.750165],[14.489453,40.75025],[14.489443,40.750245],[14.489416,40.750274],[14.489378,40.750253],[14.489355,40.750276],[14.489395,40.750298],[14.489344,40.750352],[14.489356,40.750358],[14.489363,40.75035],[14.489411,40.750374],[14.489353,40.750443],[14.489353,40.750445],[14.489368,40.750453]]]}},{"type":"Feature","properties":{"level":"property","id":"I.6.3","label":"Property I.6.3"},"geometry":{"type":"Polygon","coordinates":[[[14.489343,40.750441],[14.489353,40.750445],[14.489353,40.750443],[14.489411,40.750374],[14.489363,40.75035],[14.489356,40.750358],[14.489299,40.75042],[14.489311,40.750426],[14.489343,40.750441]]]}},{"type":"Feature","properties":{"level":"property","id":"I.6.4","label":"Property I.6.4"},"geometry":{"type":"Polygon","coordinates":[[[14.489433,40.750103],[14.48937,40.750162],[14.489362,40.750158],[14.489221,40.75031],[14.489206,40.750326],[14.489175,40.75036],[14.489209,40.750376],[14.489222,40.750383],[14.489299,40.75042],[14.489329,40.750387],[14.489356,40.750358],[14.489344,40.750352],[14.489395,40.750298],[14.489355,40.750276],[14.489378,40.750253],[14.489416,40.750274],[14.489443,40.750245],[14.489453,40.75025],[14.489539,40.750165],[14.489433,40.750103]]]}},{"type":"Feature","properties":{"level":"property","id":"I.6.6","label":"Property I.6.6"},"geometry":{"type":"Polygon","coordinates":[[[14.489167,40.750357],[14.489175,40.75036],[14.489221,40.75031],[14.48919,40.750295],[14.489172,40.750314],[14.489147,40.750302],[14.489121,40.750334],[14.489138,40.750343],[14.489167,40.750357]]]}},{"type":"Feature","properties":{"level":"property","id":"I.6.7","label":"Property I.6.7"},"geometry":{"type":"Polygon","coordinates":[[[14.489221,40.75031],[14.489362,40.750158],[14.48937,40.750162],[14.489433,40.750103],[14.489404,40.750085],[14.489416,40.750072],[14.489371,40.750046],[14.489331,40.750096],[14.489297,40.75008],[14.489208,40.750184],[14.489175,40.750167],[14.489058,40.750306],[14.489082,40.750316],[14.489114,40.750331],[14.489121,40.750334],[14.489147,40.750302],[14.489172,40.750314],[14.48919,40.750295],[14.489221,40.75031]]]}},{"type":"Feature","properties":{"level":"property","id":"I.6.9"},"geometry":{"type":"Polygon","coordinates":[[[14.489106,40.750249],[14.489175,40.750167],[14.489208,40.750184],[14.489297,40.75008],[14.489253,40.750059],[14.489323,40.749978],[14.489182,40.749898],[14.48892,40.750123],[14.488955,40.750141],[14.488923,40.750177],[14.488948,40.750191],[14.488912,40.750228],[14.488912,40.75023],[14.488933,40.750239],[14.488936,40.750238],[14.48897,40.750202],[14.48899,40.750212],[14.489025,40.750173],[14.489052,40.750188],[14.488983,40.750264],[14.488981,40.750265],[14.488979,40.750267],[14.488987,40.750271],[14.489012,40.750283],[14.489019,40.750287],[14.489057,40.750305],[14.489058,40.750306],[14.489106,40.750249]]]}},{"type":"Feature","properties":{"level":"property","id":"I.7.1","label":"Property I.7.1"},"geometry":{"type":"Polygon","coordinates":[[[14.489658,40.750397],[14.489668,40.750388],[14.489818,40.750465],[14.489931,40.750339],[14.489897,40.750319],[14.489928,40.750287],[14.489933,40.75029],[14.489985,40.750237],[14.490015,40.750205],[14.489879,40.75011],[14.489876,40.75011],[14.489841,40.75014],[14.489757,40.750211],[14.48968,40.750277],[14.489596,40.750353],[14.489446,40.750488],[14.489482,40.750505],[14.489499,40.750512],[14.489546,40.750534],[14.489658,40.750397]]]}},{"type":"Feature","properties":{"level":"property","id":"I.7.10"},"geometry":{"type":"Polygon","coordinates":[[[14.49002,40.75048],[14.490012,40.750476],[14.490026,40.75046],[14.490039,40.75045],[14.49005,40.750438],[14.490052,40.750431],[14.490108,40.750367],[14.490103,40.750364],[14.490115,40.750348],[14.490126,40.750337],[14.490177,40.750267],[14.490228,40.750202],[14.490228,40.7502],[14.490155,40.750163],[14.490134,40.750188],[14.490065,40.750152],[14.490015,40.750205],[14.489933,40.75029],[14.489928,40.750287],[14.489897,40.750319],[14.489931,40.750339],[14.489818,40.750465],[14.489968,40.750547],[14.489989,40.75052],[14.49,40.750505],[14.49002,40.75048]]]}},{"type":"Feature","properties":{"level":"property","id":"I.7.14","label":"Property I.7.14"},"geometry":{"type":"Polygon","coordinates":[[[14.490379,40.749987],[14.490366,40.749982],[14.49035,40.749974],[14.490352,40.749972],[14.490324,40.749959],[14.490321,40.749962],[14.490321,40.749966],[14.490226,40.750072],[14.490299,40.750109],[14.490302,40.750108],[14.490347,40.75005],[14.490352,40.750045],[14.490392,40.749993],[14.490379,40.749987]]]}},{"type":"Feature","properties":{"level":"property","id":"I.7.16","label":"Property I.7.16"},"geometry":{"type":"Polygon","coordinates":[[[14.490223,40.749914],[14.490151,40.749878],[14.490136,40.749891],[14.490116,40.74991],[14.490109,40.749916],[14.490104,40.749921],[14.490094,40.74993],[14.490092,40.749931],[14.490086,40.749935],[14.490067,40.749953],[14.490039,40.749977],[14.490109,40.750013],[14.490169,40.750043],[14.490226,40.750072],[14.490321,40.749966],[14.490321,40.749962],[14.490223,40.749914]]]}},{"type":"Feature","properties":{"level":"property","id":"I.7.18","label":"Property I.7.18"},"geometry":{"type":"Polygon","coordinates":[[[14.490169,40.750043],[14.490039,40.749977],[14.489999,40.750012],[14.489987,40.750022],[14.489971,40.750037],[14.489964,40.750043],[14.490015,40.750072],[14.490101,40.750119],[14.490169,40.750043]]]}},{"type":"Feature","properties":{"level":"property","id":"I.7.19","label":"Property I.7.19"},"geometry":{"type":"Polygon","coordinates":[[[14.490231,40.750204],[14.490305,40.750109],[14.490302,40.750108],[14.490299,40.750109],[14.490226,40.750072],[14.490169,40.750043],[14.490101,40.750119],[14.489964,40.750043],[14.489936,40.750068],[14.489923,40.750079],[14.489885,40.750111],[14.489873,40.750103],[14.48987,40.750106],[14.489876,40.75011],[14.48988,40.75011],[14.490015,40.750205],[14.490065,40.750152],[14.490134,40.750188],[14.490155,40.750163],[14.490228,40.7502],[14.490228,40.750202],[14.490231,40.750204]]]}},{"type":"Feature","properties":{"level":"property","id":"I.7.2"},"geometry":{"type":"Polygon","coordinates":[[[14.489737,40.750423],[14.489668,40.750388],[14.489658,40.750397],[14.489546,40.750534],[14.489556,40.750539],[14.489579,40.750549],[14.489619,40.750567],[14.489642,40.750538],[14.489671,40.750503],[14.489693,40.750474],[14.489696,40.750473],[14.489706,40.750459],[14.489737,40.750423]]]}},{"type":"Feature","properties":{"level":"property","id":"I.7.4","label":"Property I.7.4"},"geometry":{"type":"Polygon","coordinates":[[[14.48968,40.750594],[14.489681,40.750594],[14.489734,40.750533],[14.489671,40.750503],[14.489619,40.750567],[14.489646,40.750579],[14.48968,40.750594]]]}},{"type":"Feature","properties":{"level":"property","id":"I.7.6","label":"Property I.7.6"},"geometry":{"type":"Polygon","coordinates":[[[14.489786,40.750643],[14.489794,40.750646],[14.489793,40.750643],[14.489826,40.750602],[14.489783,40.750584],[14.489751,40.750627],[14.489757,40.750629],[14.489786,40.750643]]]}},{"type":"Feature","properties":{"level":"property","id":"I.7.7","label":"Property I.7.7"},"geometry":{"type":"Polygon","coordinates":[[[14.489671,40.750503],[14.489734,40.750533],[14.489681,40.750594],[14.489703,40.750605],[14.489714,40.75061],[14.489751,40.750627],[14.489783,40.750584],[14.489826,40.750602],[14.489793,40.750643],[14.489794,40.750646],[14.48981,40.750653],[14.489814,40.750652],[14.489837,40.750622],[14.489843,40.75062],[14.489864,40.750594],[14.489896,40.750608],[14.489905,40.750596],[14.489923,40.750604],[14.489968,40.750547],[14.489818,40.750465],[14.489737,40.750423],[14.489706,40.750459],[14.489696,40.750473],[14.489693,40.750474],[14.489671,40.750503]]]}},{"type":"Feature","properties":{"level":"property","id":"I.7.7","label":"Property I.7.7"},"geometry":{"type":"Polygon","coordinates":[[[14.489918,40.750611],[14.489923,40.750604],[14.489905,40.750596],[14.489896,40.750608],[14.489898,40.750617],[14.48991,40.750622],[14.489915,40.750617],[14.489918,40.750611]]]}},{"type":"Feature","properties":{"level":"property","id":"I.7.8","label":"Property I.7.8"},"geometry":{"type":"Polygon","coordinates":[[[14.489854,40.750674],[14.489854,40.750674],[14.489866,40.750679],[14.489891,40.750647],[14.489898,40.750639],[14.48991,40.750622],[14.489898,40.750617],[14.489896,40.750608],[14.489864,40.750594],[14.489843,40.75062],[14.489837,40.750622],[14.489814,40.750652],[14.48981,40.750653],[14.489826,40.75066],[14.489854,40.750674]]]}},{"type":"Feature","properties":{"level":"property","id":"I.8.10","label":"Property I.8.10"},"geometry":{"type":"Polygon","coordinates":[[[14.490476,40.75055],[14.490476,40.75055],[14.49053,40.750485],[14.490368,40.750419],[14.490348,40.750443],[14.490306,40.750494],[14.490363,40.75052],[14.490334,40.750557],[14.490436,40.750602],[14.490466,40.750562],[14.490476,40.75055]]]}},{"type":"Feature","properties":{"level":"property","id":"I.8.13","label":"Property I.8.13"},"geometry":{"type":"Polygon","coordinates":[[[14.490659,40.750109],[14.490647,40.750104],[14.490644,40.750103],[14.490549,40.750215],[14.490561,40.750222],[14.490529,40.750259],[14.490527,40.750258],[14.490495,40.750301],[14.49062,40.750372],[14.490648,40.750337],[14.490663,40.750317],[14.490782,40.750164],[14.490659,40.750109]]]}},{"type":"Feature","properties":{"level":"property","id":"I.8.14","label":"Property I.8.14"},"geometry":{"type":"Polygon","coordinates":[[[14.490448,40.750013],[14.490428,40.750005],[14.490363,40.750089],[14.490359,40.750095],[14.490325,40.75014],[14.49043,40.750187],[14.490472,40.750205],[14.490456,40.750228],[14.490527,40.750258],[14.490529,40.750259],[14.490561,40.750222],[14.490549,40.750215],[14.490644,40.750103],[14.490583,40.750074],[14.49057,40.750068],[14.490541,40.750055],[14.490474,40.750025],[14.490448,40.750013]]]}},{"type":"Feature","properties":{"level":"property","id":"I.8.17","label":"Property I.8.17"},"geometry":{"type":"Polygon","coordinates":[[[14.490272,40.750209],[14.490229,40.750266],[14.490423,40.750352],[14.490368,40.750419],[14.49053,40.750485],[14.490539,40.750474],[14.49055,40.750461],[14.49062,40.750372],[14.490495,40.750301],[14.490527,40.750258],[14.490456,40.750228],[14.490472,40.750205],[14.490325,40.75014],[14.490282,40.750196],[14.490272,40.750209]]]}},{"type":"Feature","properties":{"level":"property","id":"I.8.18","label":"Property I.8.18"},"geometry":{"type":"Polygon","coordinates":[[[14.490196,40.750308],[14.490196,40.750308],[14.490156,40.750362],[14.490348,40.750443],[14.490423,40.750352],[14.490229,40.750266],[14.490203,40.7503],[14.490196,40.750308]]]}},{"type":"Feature","properties":{"level":"property","id":"I.8.2","label":"Property I.8.2"},"geometry":{"type":"Polygon","coordinates":[[[14.490024,40.75075],[14.490052,40.750714],[14.490055,40.750709],[14.490141,40.750594],[14.490214,40.750497],[14.490279,40.750526],[14.490348,40.750443],[14.490156,40.750362],[14.490008,40.750556],[14.489958,40.750622],[14.489904,40.750694],[14.489913,40.750698],[14.489959,40.75072],[14.489971,40.750725],[14.48997,40.750722],[14.489971,40.750725],[14.489988,40.750732],[14.489997,40.750736],[14.49002,40.750747],[14.490024,40.75075]]]}},{"type":"Feature","properties":{"level":"property","id":"I.8.4","label":"Property I.8.4"},"geometry":{"type":"Polygon","coordinates":[[[14.490062,40.750767],[14.490062,40.750764],[14.490092,40.750726],[14.490055,40.750709],[14.490052,40.750714],[14.490024,40.75075],[14.490032,40.750753],[14.490053,40.750763],[14.490062,40.750767]]]}},{"type":"Feature","properties":{"level":"property","id":"I.8.5","label":"Property I.8.5"},"geometry":{"type":"Polygon","coordinates":[[[14.490127,40.750797],[14.490163,40.750749],[14.490184,40.750759],[14.490214,40.750719],[14.4902,40.750712],[14.490239,40.750659],[14.49025,40.750664],[14.490334,40.750557],[14.490363,40.75052],[14.490306,40.750494],[14.490279,40.750526],[14.490214,40.750497],[14.490141,40.750594],[14.490055,40.750709],[14.490092,40.750726],[14.490062,40.750764],[14.490062,40.750767],[14.490077,40.750774],[14.490085,40.750778],[14.490109,40.750788],[14.490127,40.750797]]]}},{"type":"Feature","properties":{"level":"property","id":"I.8.7","label":"Property I.8.7"},"geometry":{"type":"Polygon","coordinates":[[[14.490162,40.750812],[14.490167,40.750814],[14.490204,40.750769],[14.490184,40.750759],[14.490163,40.750749],[14.490127,40.750797],[14.490137,40.750802],[14.490162,40.750812]]]}},{"type":"Feature","properties":{"level":"property","id":"I.8.9","label":"Property I.8.9"},"geometry":{"type":"Polygon","coordinates":[[[14.490311,40.750762],[14.490318,40.750752],[14.490436,40.750602],[14.490334,40.750557],[14.49025,40.750664],[14.490239,40.750659],[14.4902,40.750712],[14.490214,40.750719],[14.490184,40.750759],[14.490204,40.750769],[14.490167,40.750814],[14.490182,40.750822],[14.490225,40.750841],[14.490243,40.750849],[14.490311,40.750762]]]}},{"type":"Feature","properties":{"level":"property","id":"I.9.1","label":"Property I.9.1"},"geometry":{"type":"Polygon","coordinates":[[[14.490412,40.75088],[14.490502,40.750767],[14.490615,40.750607],[14.49051,40.750562],[14.490278,40.750861],[14.490316,40.750878],[14.490334,40.750886],[14.490347,40.750892],[14.490375,40.750905],[14.490388,40.750911],[14.490412,40.75088]]]}},{"type":"Feature","properties":{"level":"property","id":"I.9.1","label":"Property I.9.1"},"geometry":{"type":"Polygon","coordinates":[[[14.490615,40.750607],[14.490659,40.750546],[14.490557,40.750503],[14.49051,40.750562],[14.490615,40.750607]]]}},{"type":"Feature","properties":{"level":"property","id":"I.9.11","label":"Property I.9.11"},"geometry":{"type":"Polygon","coordinates":[[[14.491003,40.750277],[14.490984,40.750272],[14.490935,40.75025],[14.490932,40.750251],[14.490784,40.75045],[14.490877,40.750491],[14.490905,40.750456],[14.490958,40.750478],[14.490994,40.750431],[14.49106,40.750459],[14.491061,40.750462],[14.491064,40.750463],[14.491117,40.750392],[14.491074,40.750373],[14.491053,40.750363],[14.491086,40.750317],[14.491086,40.750313],[14.491003,40.750277]]]}},{"type":"Feature","properties":{"level":"property","id":"I.9.11","label":"Property I.9.11"},"geometry":{"type":"Polygon","coordinates":[[[14.491142,40.750333],[14.491117,40.750322],[14.491088,40.75031],[14.491086,40.750313],[14.491086,40.750317],[14.491053,40.750363],[14.491074,40.750373],[14.491117,40.750392],[14.491156,40.750339],[14.491142,40.750333]]]}},{"type":"Feature","properties":{"level":"property","id":"I.9.13","label":"Property I.9.13"},"geometry":{"type":"Polygon","coordinates":[[[14.490866,40.750209],[14.490848,40.750202],[14.490811,40.750186],[14.49058,40.750474],[14.490574,40.750481],[14.490557,40.750503],[14.490659,40.750546],[14.490696,40.75056],[14.490784,40.75045],[14.490932,40.750251],[14.490935,40.75025],[14.49094,40.750243],[14.490866,40.750209]]]}},{"type":"Feature","properties":{"level":"property","id":"I.9.4"},"geometry":{"type":"Polygon","coordinates":[[[14.490502,40.750767],[14.490412,40.75088],[14.490388,40.750911],[14.490397,40.750915],[14.490406,40.750918],[14.490454,40.75094],[14.490459,40.750942],[14.490497,40.750959],[14.490508,40.750964],[14.490737,40.750672],[14.490691,40.750644],[14.490681,40.750639],[14.490693,40.750624],[14.490672,40.750615],[14.490707,40.750564],[14.490659,40.750546],[14.490502,40.750767]]]}},{"type":"Feature","properties":{"level":"property","id":"I.9.5","label":"Property I.9.5"},"geometry":{"type":"Polygon","coordinates":[[[14.4908,40.75071],[14.490737,40.750672],[14.490568,40.750887],[14.490508,40.750964],[14.490545,40.75098],[14.490561,40.750987],[14.490577,40.750995],[14.490602,40.751007],[14.490628,40.751017],[14.490653,40.750985],[14.49082,40.750769],[14.490834,40.75075],[14.490842,40.75074],[14.490845,40.750738],[14.4908,40.75071]]]}},{"type":"Feature","properties":{"level":"property","id":"I.9.8","label":"Property I.9.8"},"geometry":{"type":"Polygon","coordinates":[[[14.490878,40.750694],[14.490905,40.750658],[14.490768,40.750588],[14.490707,40.750564],[14.490672,40.750615],[14.490693,40.750624],[14.490681,40.750639],[14.490691,40.750644],[14.490737,40.750672],[14.490845,40.750738],[14.490866,40.750709],[14.490878,40.750694]]]}},{"type":"Feature","properties":{"level":"property","id":"I.9.9","label":"Property I.9.9"},"geometry":{"type":"Polygon","coordinates":[[[14.490994,40.750546],[14.491061,40.750462],[14.49106,40.750459],[14.490994,40.750431],[14.490958,40.750478],[14.490905,40.750456],[14.490877,40.750491],[14.490784,40.75045],[14.490736,40.750511],[14.490696,40.75056],[14.490707,40.750564],[14.490768,40.750588],[14.490905,40.750658],[14.490923,40.750636],[14.490931,40.750624],[14.490944,40.750608],[14.490984,40.750558],[14.490994,40.750546]]]}},{"type":"Feature","properties":{"level":"property","id":"II.1.1","label":"Property II.1.1"},"geometry":{"type":"Polygon","coordinates":[[[14.491843,40.75157],[14.491851,40.751574],[14.491916,40.751493],[14.491939,40.751505],[14.491971,40.751464],[14.491967,40.751461],[14.492024,40.751394],[14.491985,40.751374],[14.491951,40.751358],[14.491865,40.751462],[14.491831,40.751505],[14.491825,40.751505],[14.491793,40.751547],[14.491808,40.751554],[14.491843,40.75157]]]}},{"type":"Feature","properties":{"level":"property","id":"II.1.10","label":"Property II.1.10"},"geometry":{"type":"Polygon","coordinates":[[[14.492486,40.751292],[14.492579,40.751179],[14.492469,40.751125],[14.492474,40.751117],[14.492433,40.751094],[14.492471,40.751046],[14.492405,40.751014],[14.492416,40.751],[14.492295,40.750941],[14.492246,40.750997],[14.492245,40.751004],[14.492197,40.751062],[14.492173,40.751091],[14.492163,40.751103],[14.492147,40.751123],[14.492284,40.751195],[14.492314,40.751211],[14.49232,40.751204],[14.492486,40.751292]]]}},{"type":"Feature","properties":{"level":"property","id":"II.1.11"},"geometry":{"type":"Polygon","coordinates":[[[14.4923,40.751517],[14.492413,40.751381],[14.492449,40.751337],[14.492454,40.751331],[14.492486,40.751292],[14.49232,40.751204],[14.492314,40.751211],[14.492147,40.751123],[14.4921,40.751183],[14.492091,40.751191],[14.491999,40.7513],[14.491985,40.751317],[14.491977,40.751326],[14.491951,40.751358],[14.492024,40.751394],[14.492056,40.75141],[14.492062,40.751402],[14.492098,40.751419],[14.4922,40.751463],[14.4923,40.751517]]]}},{"type":"Feature","properties":{"level":"property","id":"II.1.2","label":"Property II.1.2"},"geometry":{"type":"Polygon","coordinates":[[[14.491883,40.751589],[14.491928,40.75161],[14.491959,40.75157],[14.491961,40.75157],[14.491989,40.751538],[14.492001,40.751543],[14.492098,40.751419],[14.492062,40.751402],[14.492056,40.75141],[14.492024,40.751394],[14.491967,40.751461],[14.491971,40.751464],[14.491939,40.751505],[14.491916,40.751493],[14.491851,40.751574],[14.491868,40.751583],[14.491883,40.751589]]]}},{"type":"Feature","properties":{"level":"property","id":"II.1.3","label":"Property II.1.3"},"geometry":{"type":"Polygon","coordinates":[[[14.492145,40.751712],[14.492159,40.751694],[14.492164,40.751696],[14.492166,40.751693],[14.492161,40.751691],[14.492207,40.751633],[14.492269,40.751556],[14.492285,40.751535],[14.4923,40.751517],[14.4922,40.751463],[14.492098,40.751419],[14.492001,40.751543],[14.491989,40.751538],[14.491961,40.75157],[14.491959,40.75157],[14.491928,40.75161],[14.491964,40.751626],[14.491974,40.751631],[14.491979,40.751634],[14.491994,40.751641],[14.492024,40.751655],[14.492036,40.751661],[14.492046,40.751666],[14.492077,40.75168],[14.492091,40.751686],[14.492101,40.751691],[14.492133,40.751706],[14.492145,40.751712]]]}},{"type":"Feature","properties":{"level":"property","id":"II.1.8"},"geometry":{"type":"Polygon","coordinates":[[[14.492368,40.750865],[14.492364,40.750863],[14.492326,40.750905],[14.492318,40.750914],[14.492295,40.750941],[14.492416,40.751],[14.492405,40.751014],[14.49245,40.751036],[14.492471,40.751046],[14.492433,40.751094],[14.492474,40.751117],[14.492469,40.751125],[14.492579,40.751179],[14.49267,40.751068],[14.492675,40.751061],[14.4927,40.751031],[14.492564,40.750967],[14.492557,40.750964],[14.49252,40.750946],[14.492363,40.75087],[14.492368,40.750865]]]}},{"type":"Feature","properties":{"level":"property","id":"II.2.2","label":"Property II.2.2"},"geometry":{"type":"Polygon","coordinates":[[[14.492288,40.751771],[14.492313,40.751738],[14.492341,40.751751],[14.492348,40.751744],[14.492367,40.751753],[14.492377,40.751741],[14.492407,40.751755],[14.492473,40.751672],[14.492532,40.751701],[14.492556,40.751671],[14.492497,40.751642],[14.492526,40.751606],[14.492692,40.751686],[14.492725,40.751645],[14.492725,40.75164],[14.492734,40.751629],[14.492868,40.751459],[14.493069,40.751201],[14.492894,40.751117],[14.492878,40.751109],[14.49284,40.751091],[14.492831,40.75109],[14.492746,40.75105],[14.49261,40.75121],[14.492399,40.751465],[14.492227,40.751671],[14.492217,40.751684],[14.492211,40.75169],[14.492196,40.751708],[14.49219,40.751705],[14.492187,40.751708],[14.492194,40.751711],[14.492183,40.751724],[14.492194,40.75173],[14.492228,40.751745],[14.492253,40.751756],[14.492254,40.751756],[14.492259,40.751759],[14.492283,40.751769],[14.492288,40.751771]]]}},{"type":"Feature","properties":{"level":"property","id":"II.2.3","label":"Property II.2.3"},"geometry":{"type":"Polygon","coordinates":[[[14.492336,40.751794],[14.492347,40.7518],[14.49238,40.751759],[14.492397,40.751767],[14.492407,40.751755],[14.492377,40.751741],[14.492367,40.751753],[14.492348,40.751744],[14.492341,40.751751],[14.492313,40.751738],[14.492288,40.751771],[14.492305,40.75178],[14.492336,40.751794]]]}},{"type":"Feature","properties":{"level":"property","id":"II.2.4","label":"Property II.2.4"},"geometry":{"type":"Polygon","coordinates":[[[14.49254,40.751891],[14.49254,40.751891],[14.492543,40.751888],[14.492535,40.751884],[14.492692,40.751686],[14.492526,40.751606],[14.492497,40.751642],[14.492556,40.751671],[14.492532,40.751701],[14.492473,40.751672],[14.492407,40.751755],[14.492397,40.751767],[14.49238,40.751759],[14.492347,40.7518],[14.492414,40.751832],[14.492435,40.751841],[14.49254,40.751891]]]}},{"type":"Feature","properties":{"level":"property","id":"II.3.3","label":"Property II.3.3"},"geometry":{"type":"Polygon","coordinates":[[[14.492567,40.751902],[14.492567,40.751902],[14.492628,40.751931],[14.49264,40.751936],[14.492659,40.751946],[14.492675,40.751953],[14.492718,40.751973],[14.492737,40.751981],[14.492781,40.752003],[14.492842,40.751929],[14.49285,40.751926],[14.492881,40.751889],[14.49292,40.751907],[14.492956,40.751866],[14.492931,40.751853],[14.492965,40.751813],[14.492922,40.751794],[14.492951,40.751758],[14.492937,40.751751],[14.492961,40.75172],[14.492975,40.751727],[14.492987,40.751711],[14.492802,40.751625],[14.492578,40.751903],[14.492569,40.751899],[14.492567,40.751902]]]}},{"type":"Feature","properties":{"level":"property","id":"II.3.4","label":"Property II.3.4"},"geometry":{"type":"Polygon","coordinates":[[[14.492913,40.752058],[14.492918,40.752053],[14.492923,40.752055],[14.492925,40.752051],[14.49292,40.75205],[14.492974,40.751982],[14.493153,40.751759],[14.493172,40.751735],[14.49318,40.751725],[14.49328,40.751599],[14.493134,40.751524],[14.493155,40.751499],[14.492978,40.751407],[14.492802,40.751625],[14.492987,40.751711],[14.492975,40.751727],[14.492961,40.75172],[14.492937,40.751751],[14.492951,40.751758],[14.492922,40.751794],[14.492965,40.751813],[14.492931,40.751853],[14.492956,40.751866],[14.49292,40.751907],[14.492881,40.751889],[14.49285,40.751926],[14.492842,40.751929],[14.492782,40.752001],[14.492794,40.752006],[14.492816,40.752017],[14.492832,40.752024],[14.49285,40.752029],[14.492861,40.752035],[14.492899,40.752052],[14.492913,40.752058]]]}},{"type":"Feature","properties":{"level":"property","id":"II.3.8","label":"Property II.3.8"},"geometry":{"type":"Polygon","coordinates":[[[14.493329,40.751323],[14.493297,40.751307],[14.493292,40.751313],[14.493284,40.751308],[14.493122,40.75123],[14.492978,40.751407],[14.493155,40.751499],[14.493134,40.751524],[14.49328,40.751599],[14.493317,40.751553],[14.493321,40.751547],[14.493376,40.751478],[14.493452,40.751383],[14.493419,40.751367],[14.493406,40.75136],[14.493375,40.751345],[14.493329,40.751323]]]}},{"type":"Feature","properties":{"level":"property","id":"II.4.1","label":"Property II.4.1"},"geometry":{"type":"Polygon","coordinates":[[[14.492997,40.752095],[14.493008,40.7521],[14.493007,40.752097],[14.493061,40.752032],[14.493004,40.752004],[14.492955,40.752066],[14.492947,40.752063],[14.492945,40.752066],[14.492952,40.752069],[14.492949,40.752073],[14.49296,40.752079],[14.492997,40.752095]]]}},{"type":"Feature","properties":{"level":"property","id":"II.4.3"},"geometry":{"type":"Polygon","coordinates":[[[14.493645,40.752389],[14.493708,40.752308],[14.493721,40.752293],[14.493746,40.752261],[14.494169,40.751721],[14.493975,40.75163],[14.493954,40.751621],[14.493487,40.751403],[14.493345,40.751579],[14.493313,40.751617],[14.493309,40.751624],[14.493269,40.751674],[14.493264,40.75168],[14.493038,40.751963],[14.493028,40.751974],[14.493004,40.752004],[14.493061,40.752032],[14.493007,40.752097],[14.493008,40.7521],[14.493018,40.752105],[14.493032,40.752112],[14.49305,40.75212],[14.493076,40.752132],[14.49308,40.752127],[14.493085,40.752129],[14.4931,40.752136],[14.493121,40.752147],[14.493128,40.75215],[14.493149,40.752159],[14.493181,40.752174],[14.493231,40.752197],[14.493249,40.752206],[14.493299,40.752229],[14.49331,40.752234],[14.493354,40.752255],[14.493517,40.752334],[14.493621,40.752384],[14.493628,40.752375],[14.493643,40.752381],[14.493635,40.752391],[14.493648,40.752397],[14.493653,40.752399],[14.493657,40.752395],[14.493645,40.752389]]]}},{"type":"Feature","properties":{"level":"property","id":"II.5.2","label":"Property II.5.2"},"geometry":{"type":"Polygon","coordinates":[[[14.49472,40.752427],[14.494992,40.752112],[14.494628,40.751939],[14.494608,40.75193],[14.494237,40.751752],[14.493918,40.752161],[14.493717,40.752419],[14.493702,40.752412],[14.4937,40.752415],[14.493719,40.752424],[14.493733,40.75243],[14.493755,40.752439],[14.493776,40.752448],[14.493831,40.752472],[14.493848,40.752479],[14.493867,40.752487],[14.493902,40.752502],[14.493927,40.752512],[14.49421,40.752631],[14.494453,40.752736],[14.494564,40.752605],[14.494711,40.752438],[14.49472,40.752427]]]}},{"type":"Feature","properties":{"level":"property","id":"II.6.1","label":"Property II.6.1"},"geometry":{"type":"Polygon","coordinates":[[[14.495993,40.750916],[14.496008,40.750912],[14.495997,40.750906],[14.4955,40.75061],[14.495487,40.750602],[14.495351,40.750522],[14.495305,40.750565],[14.495305,40.750566],[14.495298,40.750567],[14.495292,40.750567],[14.495285,40.750567],[14.49528,40.750567],[14.495267,40.750568],[14.495252,40.750569],[14.495241,40.75057],[14.495226,40.750572],[14.49521,40.750574],[14.495174,40.75058],[14.495182,40.750599],[14.495162,40.750604],[14.495137,40.750609],[14.495132,40.75061],[14.495104,40.750618],[14.495079,40.750626],[14.495051,40.750636],[14.495011,40.750653],[14.494978,40.750669],[14.49495,40.750684],[14.494943,40.750688],[14.494915,40.750707],[14.494894,40.750723],[14.494871,40.75074],[14.494854,40.750756],[14.494833,40.750776],[14.494816,40.750796],[14.4948,40.750813],[14.494799,40.750815],[14.49479,40.750827],[14.494773,40.750818],[14.494767,40.750816],[14.494736,40.750855],[14.494599,40.751032],[14.494605,40.751034],[14.494606,40.751033],[14.494625,40.751041],[14.494599,40.751074],[14.494514,40.751182],[14.494491,40.751219],[14.494489,40.751222],[14.494473,40.751255],[14.49447,40.75126],[14.494457,40.751296],[14.494457,40.751298],[14.494446,40.751344],[14.494445,40.751348],[14.494442,40.751382],[14.494422,40.751382],[14.494422,40.751381],[14.494415,40.75138],[14.494415,40.751412],[14.494416,40.751434],[14.49442,40.751461],[14.494424,40.751482],[14.494429,40.751503],[14.494434,40.751518],[14.494438,40.75153],[14.494448,40.751554],[14.494456,40.751572],[14.494466,40.75159],[14.494475,40.751604],[14.494483,40.751618],[14.494491,40.751629],[14.494501,40.751643],[14.494507,40.751641],[14.494524,40.751634],[14.494539,40.751652],[14.494556,40.751671],[14.494584,40.751699],[14.494607,40.751719],[14.494625,40.751732],[14.494645,40.751746],[14.494666,40.751761],[14.494689,40.751775],[14.494735,40.751798],[14.494768,40.751812],[14.494806,40.751827],[14.494846,40.751838],[14.494898,40.751852],[14.494948,40.75186],[14.495023,40.751868],[14.495076,40.751867],[14.495128,40.751863],[14.495155,40.751861],[14.495156,40.75186],[14.495171,40.751858],[14.495176,40.751873],[14.495175,40.751873],[14.495177,40.751879],[14.49521,40.751873],[14.495229,40.751868],[14.495249,40.751863],[14.495267,40.751859],[14.495296,40.75185],[14.49531,40.751845],[14.495316,40.751843],[14.495345,40.751858],[14.495351,40.751851],[14.495363,40.751856],[14.495664,40.751506],[14.495847,40.751291],[14.495937,40.751142],[14.496028,40.750991],[14.496033,40.750981],[14.49602,40.750983],[14.496015,40.750972],[14.496012,40.750964],[14.495993,40.750916]]]}},{"type":"Feature","properties":{"level":"property","id":"II.7.9","label":"Property II.7.9"},"geometry":{"type":"Polygon","coordinates":[[[14.493954,40.751482],[14.493961,40.751474],[14.493965,40.751476],[14.493967,40.751474],[14.493963,40.751471],[14.493965,40.751469],[14.49398,40.751451],[14.493982,40.751448],[14.493985,40.75145],[14.493988,40.751447],[14.493985,40.751445],[14.494187,40.751201],[14.49419,40.751202],[14.494192,40.751199],[14.494189,40.751198],[14.49419,40.751196],[14.494205,40.751177],[14.494207,40.751175],[14.494212,40.751177],[14.494215,40.751174],[14.494209,40.751172],[14.494389,40.750957],[14.494392,40.750958],[14.494394,40.750955],[14.494391,40.750954],[14.494393,40.750952],[14.494411,40.750929],[14.494412,40.750927],[14.494415,40.750928],[14.494417,40.750925],[14.494415,40.750924],[14.494598,40.750704],[14.494602,40.750706],[14.494604,40.750703],[14.494601,40.750701],[14.494602,40.750699],[14.494616,40.75068],[14.494618,40.750678],[14.494623,40.75068],[14.494625,40.750677],[14.494621,40.750675],[14.494827,40.75043],[14.494831,40.750431],[14.494833,40.750428],[14.494829,40.750427],[14.494832,40.750423],[14.494846,40.750407],[14.494848,40.750404],[14.494852,40.750406],[14.494855,40.750403],[14.494851,40.750401],[14.494856,40.750395],[14.494684,40.750312],[14.494708,40.750279],[14.494526,40.750194],[14.494524,40.750196],[14.493787,40.749726],[14.493758,40.749763],[14.493692,40.749847],[14.493744,40.749875],[14.493741,40.749878],[14.493727,40.749894],[14.493724,40.749897],[14.493719,40.749895],[14.493715,40.749899],[14.493721,40.749902],[14.493406,40.750291],[14.493352,40.750265],[14.493321,40.750303],[14.49331,40.750317],[14.49329,40.75034],[14.493285,40.750337],[14.493281,40.750342],[14.493287,40.750344],[14.493285,40.750347],[14.493271,40.750365],[14.493269,40.750367],[14.493265,40.750365],[14.49326,40.750369],[14.493265,40.750372],[14.493219,40.750427],[14.493274,40.750453],[14.492891,40.750928],[14.49288,40.750923],[14.492878,40.750926],[14.492889,40.750931],[14.492885,40.750936],[14.49287,40.750957],[14.492858,40.750951],[14.492855,40.750956],[14.492865,40.750961],[14.49286,40.750968],[14.493147,40.751103],[14.493144,40.751107],[14.493148,40.751109],[14.493151,40.751105],[14.493153,40.751106],[14.49317,40.751113],[14.493173,40.751114],[14.493169,40.751118],[14.493173,40.751121],[14.493177,40.751116],[14.49353,40.751285],[14.493526,40.751289],[14.49353,40.751291],[14.493534,40.751287],[14.493536,40.751287],[14.493553,40.751296],[14.493556,40.751297],[14.493552,40.751301],[14.493556,40.751303],[14.49356,40.751299],[14.493954,40.751482]]]}},{"type":"Feature","properties":{"level":"property","id":"II.8.1","label":"Property II.8.1"},"geometry":{"type":"Polygon","coordinates":[[[14.493416,40.749569],[14.493412,40.749568],[14.493402,40.749585],[14.493376,40.749612],[14.493354,40.749639],[14.493329,40.749669],[14.493321,40.749679],[14.4933,40.749705],[14.493372,40.749738],[14.493641,40.749861],[14.493731,40.749748],[14.493734,40.749745],[14.493521,40.74962],[14.493447,40.749586],[14.493416,40.749569]]]}},{"type":"Feature","properties":{"level":"property","id":"II.8.2","label":"Property II.8.2"},"geometry":{"type":"Polygon","coordinates":[[[14.493476,40.749786],[14.4933,40.749705],[14.493278,40.749732],[14.493267,40.749745],[14.49326,40.749753],[14.493252,40.749763],[14.493244,40.749773],[14.493281,40.749788],[14.493339,40.749814],[14.493421,40.749853],[14.493585,40.74993],[14.493641,40.749861],[14.493476,40.749786]]]}},{"type":"Feature","properties":{"level":"property","id":"II.8.5","label":"Property II.8.5"},"geometry":{"type":"Polygon","coordinates":[[[14.493281,40.749788],[14.493244,40.749773],[14.493239,40.749778],[14.493234,40.749787],[14.493226,40.749797],[14.493223,40.749799],[14.493211,40.749812],[14.493212,40.749812],[14.493191,40.749838],[14.493533,40.749996],[14.493585,40.74993],[14.493339,40.749814],[14.493281,40.749788]]]}},{"type":"Feature","properties":{"level":"property","id":"II.8.6","label":"Property II.8.6"},"geometry":{"type":"Polygon","coordinates":[[[14.49332,40.750266],[14.493326,40.750259],[14.49333,40.750261],[14.493334,40.750256],[14.49333,40.750255],[14.493493,40.75005],[14.493509,40.750025],[14.493533,40.749996],[14.493191,40.749838],[14.493011,40.750061],[14.49295,40.750136],[14.492939,40.750149],[14.492917,40.750177],[14.493264,40.750337],[14.49332,40.750266]]]}},{"type":"Feature","properties":{"level":"property","id":"II.9.1","label":"Property II.9.1"},"geometry":{"type":"Polygon","coordinates":[[[14.492838,40.750282],[14.492843,40.750282],[14.493204,40.750422],[14.493254,40.750354],[14.492903,40.750197],[14.492865,40.750244],[14.492856,40.750256],[14.492835,40.750281],[14.492838,40.750282]]]}},{"type":"Feature","properties":{"level":"property","id":"II.9.2","label":"Property II.9.2"},"geometry":{"type":"Polygon","coordinates":[[[14.493204,40.750422],[14.492843,40.750282],[14.492838,40.750282],[14.492826,40.750297],[14.492818,40.750309],[14.492801,40.750331],[14.493145,40.750487],[14.493147,40.750489],[14.493152,40.750492],[14.493204,40.750422]]]}},{"type":"Feature","properties":{"level":"property","id":"II.9.5"},"geometry":{"type":"Polygon","coordinates":[[[14.493147,40.750489],[14.493145,40.750487],[14.492801,40.750331],[14.49278,40.750359],[14.492776,40.750357],[14.492774,40.75036],[14.492765,40.750372],[14.492715,40.750432],[14.492703,40.750446],[14.492683,40.75047],[14.492693,40.750476],[14.492679,40.750492],[14.492669,40.750486],[14.492666,40.750489],[14.492676,40.750495],[14.492668,40.750504],[14.492658,40.750515],[14.492655,40.750519],[14.492646,40.750514],[14.49247,40.750735],[14.49246,40.750747],[14.492389,40.750837],[14.492558,40.750916],[14.492736,40.750999],[14.492798,40.750922],[14.492808,40.75091],[14.493006,40.750664],[14.493147,40.750489]]]}},{"type":"Feature","properties":{"level":"property","id":"III.1.1","label":"Property III.1.1"},"geometry":{"type":"Polygon","coordinates":[[[14.490659,40.751115],[14.490629,40.751102],[14.490615,40.751097],[14.490609,40.751105],[14.490612,40.751108],[14.490618,40.751111],[14.490627,40.751115],[14.490633,40.751118],[14.490643,40.751121],[14.490649,40.751124],[14.490659,40.751128],[14.490661,40.751129],[14.490668,40.75112],[14.490659,40.751115]]]}},{"type":"Feature","properties":{"level":"property","id":"III.1.2","label":"Property III.1.2"},"geometry":{"type":"Polygon","coordinates":[[[14.490707,40.751136],[14.490682,40.751126],[14.490668,40.75112],[14.490661,40.751129],[14.490662,40.75113],[14.490682,40.75114],[14.490694,40.751144],[14.490707,40.75115],[14.490712,40.751153],[14.490719,40.751144],[14.490723,40.751143],[14.490707,40.751136]]]}},{"type":"Feature","properties":{"level":"property","id":"III.1.3","label":"Property III.1.3"},"geometry":{"type":"Polygon","coordinates":[[[14.490743,40.751153],[14.490723,40.751143],[14.490719,40.751144],[14.490712,40.751153],[14.490714,40.751154],[14.490727,40.751159],[14.490735,40.751163],[14.490743,40.751155],[14.490743,40.751153]]]}},{"type":"Feature","properties":{"level":"property","id":"III.1.4","label":"Property III.1.4"},"geometry":{"type":"Polygon","coordinates":[[[14.490789,40.751173],[14.490755,40.751159],[14.490743,40.751153],[14.490743,40.751155],[14.490735,40.751163],[14.490756,40.751172],[14.49077,40.751179],[14.490783,40.751184],[14.490788,40.751188],[14.490797,40.751176],[14.490789,40.751173]]]}},{"type":"Feature","properties":{"level":"property","id":"III.1.5","label":"Property III.1.5"},"geometry":{"type":"Polygon","coordinates":[[[14.490835,40.751193],[14.490805,40.751179],[14.490797,40.751176],[14.490788,40.751188],[14.490795,40.75119],[14.490807,40.751195],[14.490816,40.7512],[14.490828,40.751204],[14.490836,40.751207],[14.490839,40.751209],[14.490847,40.751198],[14.490835,40.751193],[14.490835,40.751193]]]}},{"type":"Feature","properties":{"level":"property","id":"III.1.6","label":"Property III.1.6"},"geometry":{"type":"Polygon","coordinates":[[[14.490943,40.75124],[14.490928,40.751234],[14.490847,40.751198],[14.490839,40.751209],[14.490841,40.75121],[14.490847,40.751202],[14.490908,40.751229],[14.490905,40.751232],[14.490909,40.751234],[14.490912,40.75123],[14.490918,40.751233],[14.49093,40.751245],[14.49095,40.751247],[14.490956,40.75125],[14.490948,40.751259],[14.490952,40.751262],[14.490963,40.751248],[14.490943,40.75124]]]}},{"type":"Feature","properties":{"level":"property","id":"III.10.3"},"geometry":{"type":"Polygon","coordinates":[[[14.490097,40.753364],[14.490174,40.753253],[14.490155,40.753244],[14.490164,40.75323],[14.490158,40.753224],[14.490142,40.753207],[14.490134,40.7532],[14.49013,40.753194],[14.490127,40.753188],[14.49012,40.753187],[14.490111,40.753185],[14.490099,40.753175],[14.490088,40.75316],[14.49008,40.753146],[14.490071,40.753135],[14.490062,40.753123],[14.49005,40.753119],[14.490048,40.753121],[14.490005,40.753178],[14.489993,40.753173],[14.489905,40.753285],[14.489909,40.753287],[14.48991,40.753285],[14.489962,40.753307],[14.489981,40.753315],[14.489983,40.753316],[14.489999,40.753323],[14.490016,40.753329],[14.490031,40.753336],[14.490047,40.753342],[14.490067,40.753351],[14.490097,40.753364]]]}},{"type":"Feature","properties":{"level":"property","id":"III.10.4","label":"Property III.10.4"},"geometry":{"type":"Polygon","coordinates":[[[14.490168,40.753234],[14.490164,40.75323],[14.490155,40.753244],[14.490174,40.753253],[14.490097,40.753364],[14.490115,40.753373],[14.490117,40.753374],[14.490127,40.753378],[14.490156,40.753389],[14.490181,40.7534],[14.490186,40.753393],[14.490185,40.753391],[14.490228,40.753334],[14.490278,40.753266],[14.490263,40.753264],[14.490237,40.753257],[14.490214,40.753246],[14.490196,40.753242],[14.490179,40.753236],[14.490168,40.753234]]]}},{"type":"Feature","properties":{"level":"property","id":"III.10.6","label":"Property III.10.6"},"geometry":{"type":"Polygon","coordinates":[[[14.490281,40.753267],[14.490278,40.753266],[14.490233,40.753327],[14.490228,40.753334],[14.490185,40.753391],[14.490186,40.753393],[14.490204,40.753401],[14.490235,40.753414],[14.490262,40.753426],[14.490266,40.753419],[14.490312,40.753357],[14.490336,40.753324],[14.490326,40.753318],[14.490316,40.753308],[14.490305,40.753296],[14.490296,40.753288],[14.490291,40.753277],[14.490285,40.75327],[14.490281,40.753267]]]}},{"type":"Feature","properties":{"level":"property","id":"III.11.1","label":"Property III.11.1"},"geometry":{"type":"Polygon","coordinates":[[[14.49036,40.753465],[14.49036,40.753465],[14.490398,40.75348],[14.490397,40.753477],[14.490409,40.753459],[14.490383,40.753449],[14.490415,40.753401],[14.49036,40.753378],[14.490334,40.753415],[14.49033,40.75342],[14.490314,40.753445],[14.490328,40.753451],[14.49036,40.753465]]]}},{"type":"Feature","properties":{"level":"property","id":"III.11.2","label":"Property III.11.2"},"geometry":{"type":"Polygon","coordinates":[[[14.49052,40.75347],[14.490567,40.753406],[14.49056,40.753401],[14.490551,40.753402],[14.490539,40.753406],[14.490526,40.753407],[14.490511,40.753403],[14.490497,40.753398],[14.490478,40.753396],[14.490467,40.753397],[14.490454,40.753391],[14.490445,40.753384],[14.490434,40.753378],[14.490415,40.753369],[14.490409,40.753362],[14.490401,40.753355],[14.490394,40.753349],[14.490388,40.753346],[14.490383,40.753346],[14.49036,40.753378],[14.490415,40.753401],[14.490383,40.753449],[14.490409,40.753459],[14.490397,40.753477],[14.490398,40.75348],[14.490417,40.753486],[14.490456,40.753502],[14.49048,40.753511],[14.490489,40.753514],[14.49052,40.75347]]]}},{"type":"Feature","properties":{"level":"property","id":"III.11.4"},"geometry":{"type":"Polygon","coordinates":[[[14.490568,40.753407],[14.490567,40.753406],[14.49052,40.75347],[14.490489,40.753514],[14.490497,40.753517],[14.490529,40.753529],[14.490551,40.753538],[14.490596,40.753556],[14.49062,40.753565],[14.490646,40.753575],[14.490662,40.753582],[14.490673,40.75357],[14.49069,40.753548],[14.490698,40.753538],[14.490709,40.753524],[14.490712,40.753521],[14.490707,40.753521],[14.490698,40.75352],[14.490669,40.75351],[14.490649,40.753503],[14.490634,40.753497],[14.490621,40.753492],[14.490612,40.753484],[14.490607,40.753477],[14.490604,40.75347],[14.490595,40.753459],[14.490588,40.753444],[14.490583,40.753432],[14.490575,40.753418],[14.490568,40.753407]]]}},{"type":"Feature","properties":{"level":"property","id":"III.12.a","label":"Property III.12.a"},"geometry":{"type":"Polygon","coordinates":[[[14.490836,40.753599],[14.490929,40.753577],[14.490921,40.75357],[14.490898,40.753567],[14.490879,40.753565],[14.490869,40.753562],[14.490857,40.753562],[14.490847,40.753564],[14.490836,40.753562],[14.490829,40.75356],[14.49082,40.75356],[14.490806,40.753553],[14.490791,40.753545],[14.490778,40.753538],[14.490769,40.753536],[14.490767,40.753534],[14.490766,40.753537],[14.490755,40.753551],[14.490738,40.753573],[14.490727,40.753587],[14.490748,40.753589],[14.490783,40.753593],[14.490836,40.753599]]]}},{"type":"Feature","properties":{"level":"property","id":"III.2.1","label":"Property III.2.1"},"geometry":{"type":"Polygon","coordinates":[[[14.491083,40.751302],[14.491063,40.751294],[14.491,40.751265],[14.490886,40.751408],[14.490878,40.751418],[14.490802,40.751516],[14.490976,40.751595],[14.491077,40.751468],[14.491062,40.751461],[14.491164,40.751338],[14.491083,40.751302]]]}},{"type":"Feature","properties":{"level":"property","id":"III.2.2","label":"Property III.2.2"},"geometry":{"type":"Polygon","coordinates":[[[14.491239,40.751372],[14.491225,40.751365],[14.491181,40.751346],[14.491164,40.751338],[14.491162,40.751341],[14.491164,40.751342],[14.491181,40.751354],[14.491187,40.751358],[14.491194,40.751363],[14.491207,40.751367],[14.491214,40.751368],[14.491221,40.751371],[14.491224,40.751375],[14.491225,40.751381],[14.491227,40.751386],[14.49123,40.751387],[14.49124,40.751374],[14.491239,40.751372]]]}},{"type":"Feature","properties":{"level":"property","id":"III.2.3","label":"Property III.2.3"},"geometry":{"type":"Polygon","coordinates":[[[14.491322,40.751401],[14.491298,40.75139],[14.491244,40.751366],[14.491239,40.751372],[14.49124,40.751374],[14.49123,40.751387],[14.491233,40.751388],[14.491239,40.751387],[14.491245,40.751385],[14.491254,40.751385],[14.491263,40.751388],[14.491274,40.751389],[14.491281,40.751392],[14.491295,40.751398],[14.491303,40.751404],[14.491313,40.751411],[14.491322,40.751415],[14.49133,40.751419],[14.491333,40.751423],[14.491339,40.751425],[14.491349,40.751415],[14.491322,40.751401]]]}},{"type":"Feature","properties":{"level":"property","id":"III.3.1","label":"Property III.3.1"},"geometry":{"type":"Polygon","coordinates":[[[14.491426,40.751452],[14.491387,40.751434],[14.491376,40.751429],[14.49137,40.751436],[14.491374,40.751438],[14.49138,40.751443],[14.491395,40.751449],[14.491407,40.751454],[14.491425,40.751462],[14.491428,40.751464],[14.491435,40.751456],[14.491426,40.751452],[14.491426,40.751452]]]}},{"type":"Feature","properties":{"level":"property","id":"III.3.2","label":"Property III.3.2"},"geometry":{"type":"Polygon","coordinates":[[[14.491484,40.751474],[14.491482,40.751476],[14.491469,40.751471],[14.491441,40.751458],[14.491435,40.751456],[14.491428,40.751464],[14.491433,40.751466],[14.491441,40.75147],[14.491458,40.751476],[14.491466,40.751481],[14.49151,40.751501],[14.491518,40.751491],[14.491517,40.751489],[14.491502,40.751483],[14.491484,40.751474]]]}},{"type":"Feature","properties":{"level":"property","id":"III.3.4","label":"Property III.3.4"},"geometry":{"type":"Polygon","coordinates":[[[14.491585,40.751519],[14.491545,40.751502],[14.491517,40.751489],[14.491518,40.751491],[14.49151,40.751501],[14.49155,40.751518],[14.491575,40.751528],[14.491582,40.751532],[14.49159,40.751521],[14.491585,40.751519]]]}},{"type":"Feature","properties":{"level":"property","id":"III.3.5","label":"Property III.3.5"},"geometry":{"type":"Polygon","coordinates":[[[14.491627,40.751539],[14.491595,40.751523],[14.49159,40.751521],[14.491582,40.751532],[14.49159,40.751535],[14.491608,40.751543],[14.491622,40.75155],[14.491625,40.751552],[14.491633,40.751542],[14.491627,40.751539]]]}},{"type":"Feature","properties":{"level":"property","id":"III.3.6","label":"Property III.3.6"},"geometry":{"type":"Polygon","coordinates":[[[14.491718,40.751593],[14.491704,40.751585],[14.491644,40.751555],[14.491631,40.751549],[14.491636,40.751543],[14.491633,40.751541],[14.491625,40.751552],[14.491513,40.751694],[14.491515,40.751695],[14.491551,40.751721],[14.491554,40.751725],[14.491585,40.751747],[14.491589,40.751749],[14.491656,40.751666],[14.491661,40.751668],[14.491718,40.751593]]]}},{"type":"Feature","properties":{"level":"property","id":"III.4.1","label":"Property III.4.1"},"geometry":{"type":"Polygon","coordinates":[[[14.491808,40.751629],[14.491771,40.751611],[14.491759,40.751606],[14.491692,40.751693],[14.491686,40.751701],[14.491662,40.751732],[14.491738,40.751768],[14.491841,40.751645],[14.491808,40.751629]]]}},{"type":"Feature","properties":{"level":"property","id":"III.4.2","label":"Property III.4.2"},"geometry":{"type":"Polygon","coordinates":[[[14.492105,40.751766],[14.492009,40.751723],[14.491991,40.751714],[14.491902,40.751673],[14.491887,40.751667],[14.491841,40.751645],[14.491738,40.751768],[14.491662,40.751732],[14.491607,40.751803],[14.491596,40.751819],[14.491567,40.751858],[14.49176,40.751949],[14.491758,40.751952],[14.491903,40.75202],[14.492105,40.751766]]]}},{"type":"Feature","properties":{"level":"property","id":"III.5.1","label":"Property III.5.1"},"geometry":{"type":"Polygon","coordinates":[[[14.492245,40.75185],[14.492167,40.751813],[14.492142,40.7518],[14.492135,40.751797],[14.492095,40.751848],[14.49213,40.751863],[14.492142,40.751847],[14.492217,40.751884],[14.492245,40.75185]]]}},{"type":"Feature","properties":{"level":"property","id":"III.5.2","label":"Property III.5.2"},"geometry":{"type":"Polygon","coordinates":[[[14.492268,40.751861],[14.492247,40.751851],[14.492245,40.75185],[14.492217,40.751884],[14.492318,40.751931],[14.492348,40.751897],[14.492316,40.751881],[14.492311,40.751882],[14.492268,40.751861]]]}},{"type":"Feature","properties":{"level":"property","id":"III.5.3","label":"Property III.5.3"},"geometry":{"type":"Polygon","coordinates":[[[14.492377,40.751911],[14.49235,40.751898],[14.492348,40.751897],[14.492318,40.751931],[14.492363,40.751952],[14.49239,40.751919],[14.492394,40.751919],[14.492377,40.751911],[14.492377,40.751911]]]}},{"type":"Feature","properties":{"level":"property","id":"III.5.4","label":"Property III.5.4"},"geometry":{"type":"Polygon","coordinates":[[[14.492404,40.751925],[14.492394,40.751919],[14.49239,40.751919],[14.492363,40.751952],[14.492385,40.751962],[14.492406,40.751934],[14.492411,40.751928],[14.492404,40.751925],[14.492404,40.751925]]]}},{"type":"Feature","properties":{"level":"property","id":"III.5.5","label":"Property III.5.5"},"geometry":{"type":"Polygon","coordinates":[[[14.492459,40.751951],[14.492432,40.751938],[14.492411,40.751928],[14.492406,40.751934],[14.492385,40.751962],[14.492443,40.751985],[14.492447,40.751987],[14.492453,40.75198],[14.492473,40.751958],[14.492459,40.751951]]]}},{"type":"Feature","properties":{"level":"property","id":"III.6.2","label":"Property III.6.2"},"geometry":{"type":"Polygon","coordinates":[[[14.492562,40.751999],[14.492528,40.751984],[14.492515,40.751979],[14.492473,40.752033],[14.492472,40.752034],[14.49251,40.752053],[14.492535,40.75206],[14.492557,40.752039],[14.492581,40.75201],[14.492584,40.75201],[14.492562,40.751999]]]}},{"type":"Feature","properties":{"level":"property","id":"III.6.2","label":"Property III.6.2"},"geometry":{"type":"Polygon","coordinates":[[[14.492609,40.75202],[14.492584,40.75201],[14.492581,40.75201],[14.492557,40.752039],[14.492535,40.75206],[14.492554,40.752068],[14.492568,40.752076],[14.49258,40.75208],[14.492585,40.752078],[14.492588,40.752073],[14.492594,40.752068],[14.492598,40.752062],[14.492599,40.75206],[14.492615,40.752066],[14.492639,40.752037],[14.492641,40.752034],[14.492609,40.75202]]]}},{"type":"Feature","properties":{"level":"property","id":"III.6.3","label":"Property III.6.3"},"geometry":{"type":"Polygon","coordinates":[[[14.492672,40.752051],[14.492643,40.752035],[14.492641,40.752034],[14.492639,40.752037],[14.492615,40.752066],[14.492651,40.752082],[14.492674,40.752052],[14.492672,40.752051]]]}},{"type":"Feature","properties":{"level":"property","id":"III.6.4","label":"Property III.6.4"},"geometry":{"type":"Polygon","coordinates":[[[14.492741,40.752063],[14.492722,40.752054],[14.492686,40.752038],[14.492674,40.752052],[14.492651,40.752082],[14.492692,40.752089],[14.492724,40.752091],[14.492758,40.752102],[14.492773,40.752081],[14.492775,40.752078],[14.492741,40.752063]]]}},{"type":"Feature","properties":{"level":"property","id":"III.6.5","label":"Property III.6.5"},"geometry":{"type":"Polygon","coordinates":[[[14.492818,40.752096],[14.492791,40.752085],[14.492775,40.752078],[14.492773,40.752081],[14.492758,40.752102],[14.492766,40.752105],[14.492767,40.752108],[14.492775,40.752113],[14.492785,40.752117],[14.492793,40.75212],[14.4928,40.752123],[14.492802,40.752124],[14.492823,40.752098],[14.492818,40.752096]]]}},{"type":"Feature","properties":{"level":"property","id":"III.6.6"},"geometry":{"type":"Polygon","coordinates":[[[14.492868,40.752119],[14.492849,40.75211],[14.492827,40.7521],[14.492823,40.752098],[14.492802,40.752124],[14.492804,40.752124],[14.492817,40.75213],[14.492827,40.752134],[14.492837,40.752138],[14.492844,40.752141],[14.492848,40.752143],[14.492868,40.752119],[14.492868,40.752119]]]}},{"type":"Feature","properties":{"level":"property","id":"III.6.8"},"geometry":{"type":"Polygon","coordinates":[[[14.492902,40.752168],[14.49292,40.752176],[14.492936,40.752185],[14.492946,40.752189],[14.49296,40.752193],[14.492958,40.752194],[14.492962,40.752196],[14.492963,40.752195],[14.492971,40.752199],[14.492981,40.752204],[14.492993,40.752206],[14.492997,40.752207],[14.492997,40.752206],[14.49302,40.752215],[14.493039,40.752223],[14.493068,40.752237],[14.493098,40.752251],[14.493107,40.752258],[14.49312,40.75227],[14.493129,40.752273],[14.493149,40.752246],[14.493006,40.75218],[14.492986,40.75217],[14.492897,40.752131],[14.492875,40.752158],[14.492883,40.752162],[14.492896,40.752166],[14.492902,40.752168]]]}},{"type":"Feature","properties":{"level":"property","id":"III.6.9"},"geometry":{"type":"Polygon","coordinates":[[[14.493149,40.752246],[14.493129,40.752273],[14.493131,40.752274],[14.493142,40.752278],[14.493159,40.752284],[14.493177,40.752295],[14.493184,40.752298],[14.493184,40.752298],[14.493186,40.752299],[14.493203,40.752276],[14.493207,40.752274],[14.493193,40.752267],[14.49316,40.752251],[14.493149,40.752246]]]}},{"type":"Feature","properties":{"level":"property","id":"III.7.1","label":"Property III.7.1"},"geometry":{"type":"Polygon","coordinates":[[[14.493263,40.752299],[14.49323,40.752284],[14.49323,40.752288],[14.493213,40.75231],[14.493216,40.752311],[14.493219,40.752319],[14.493218,40.752342],[14.493219,40.752342],[14.493195,40.752372],[14.493199,40.752374],[14.493288,40.752414],[14.493298,40.752419],[14.493419,40.752475],[14.493421,40.752472],[14.493412,40.752468],[14.493467,40.752398],[14.493423,40.752378],[14.493404,40.75237],[14.493339,40.752341],[14.49331,40.752327],[14.4933,40.752323],[14.493283,40.752315],[14.493268,40.752309],[14.493258,40.752305],[14.493263,40.752299]]]}},{"type":"Feature","properties":{"level":"property","id":"III.7.3","label":"Property III.7.3"},"geometry":{"type":"Polygon","coordinates":[[[14.49323,40.752284],[14.493207,40.752274],[14.493203,40.752276],[14.493186,40.752299],[14.493188,40.7523],[14.493188,40.7523],[14.493212,40.752309],[14.493213,40.75231],[14.49323,40.752288],[14.49323,40.752284]]]}},{"type":"Feature","properties":{"level":"property","id":"III.8.1"},"geometry":{"type":"Polygon","coordinates":[[[14.489223,40.752949],[14.489252,40.752963],[14.489317,40.752884],[14.489315,40.752884],[14.489304,40.752884],[14.489292,40.752885],[14.489285,40.752885],[14.489276,40.752885],[14.489266,40.752883],[14.489255,40.752882],[14.489244,40.75288],[14.489235,40.75288],[14.489225,40.752877],[14.489215,40.752869],[14.489205,40.752858],[14.489203,40.752862],[14.489158,40.752917],[14.489193,40.752934],[14.489223,40.752949]]]}},{"type":"Feature","properties":{"level":"property","id":"III.8.3"},"geometry":{"type":"Polygon","coordinates":[[[14.489389,40.752905],[14.48938,40.752901],[14.489368,40.752902],[14.489359,40.752901],[14.489335,40.752889],[14.489324,40.752885],[14.489317,40.752884],[14.489252,40.752963],[14.489254,40.752964],[14.489266,40.752971],[14.489274,40.752975],[14.489276,40.752976],[14.489291,40.752985],[14.489312,40.752995],[14.489333,40.752971],[14.489389,40.752905]]]}},{"type":"Feature","properties":{"level":"property","id":"III.8.4","label":"Property III.8.4"},"geometry":{"type":"Polygon","coordinates":[[[14.489332,40.752972],[14.489312,40.752995],[14.489322,40.753001],[14.489329,40.753005],[14.489338,40.753009],[14.489358,40.752984],[14.489332,40.752972]]]}},{"type":"Feature","properties":{"level":"property","id":"III.8.6","label":"Property III.8.6"},"geometry":{"type":"Polygon","coordinates":[[[14.489332,40.752972],[14.489358,40.752984],[14.489338,40.753009],[14.489345,40.753012],[14.48936,40.75302],[14.48938,40.75303],[14.489401,40.753005],[14.489451,40.752945],[14.48945,40.752944],[14.489439,40.752943],[14.489424,40.752937],[14.489407,40.752927],[14.489401,40.752917],[14.489395,40.752909],[14.489389,40.752905],[14.489332,40.752972]]]}},{"type":"Feature","properties":{"level":"property","id":"III.8.6","label":"Property III.8.6"},"geometry":{"type":"Polygon","coordinates":[[[14.489454,40.752948],[14.489451,40.752945],[14.48938,40.75303],[14.489408,40.753043],[14.489427,40.75305],[14.489444,40.753059],[14.489468,40.753071],[14.489491,40.753082],[14.489513,40.753057],[14.489534,40.753034],[14.489536,40.753032],[14.489532,40.75303],[14.489506,40.753028],[14.489493,40.753024],[14.489465,40.753011],[14.489452,40.753001],[14.489445,40.752993],[14.489445,40.75298],[14.48945,40.752969],[14.489452,40.752957],[14.489454,40.752948]]]}},{"type":"Feature","properties":{"level":"property","id":"III.9.1","label":"Property III.9.1"},"geometry":{"type":"Polygon","coordinates":[[[14.48957,40.75312],[14.489582,40.753125],[14.489581,40.753122],[14.489608,40.753089],[14.489605,40.753087],[14.489597,40.753079],[14.489584,40.753068],[14.489575,40.753063],[14.489572,40.753066],[14.48954,40.753106],[14.489553,40.753112],[14.48957,40.75312]]]}},{"type":"Feature","properties":{"level":"property","id":"III.9.2","label":"Property III.9.2"},"geometry":{"type":"Polygon","coordinates":[[[14.489597,40.753131],[14.489627,40.753145],[14.489649,40.753116],[14.489641,40.753113],[14.489633,40.753105],[14.489626,40.753101],[14.48962,40.753098],[14.489611,40.753092],[14.489608,40.753089],[14.489581,40.753122],[14.489582,40.753125],[14.489597,40.753131]]]}},{"type":"Feature","properties":{"level":"property","id":"III.9.3","label":"Property III.9.3"},"geometry":{"type":"Polygon","coordinates":[[[14.489674,40.753166],[14.489674,40.753166],[14.489666,40.753179],[14.489692,40.753189],[14.489719,40.753155],[14.489709,40.753154],[14.489681,40.753144],[14.489665,40.753138],[14.489661,40.753132],[14.489654,40.753119],[14.489649,40.753116],[14.489627,40.753145],[14.48965,40.753155],[14.489674,40.753166]]]}},{"type":"Feature","properties":{"level":"property","id":"III.9.4","label":"Property III.9.4"},"geometry":{"type":"Polygon","coordinates":[[[14.489739,40.75321],[14.489752,40.753216],[14.489755,40.753211],[14.489755,40.753209],[14.489779,40.753178],[14.48977,40.753176],[14.489751,40.753167],[14.489736,40.753158],[14.489721,40.753155],[14.489719,40.753155],[14.489692,40.753189],[14.489694,40.75319],[14.489739,40.75321]]]}},{"type":"Feature","properties":{"level":"property","id":"III.9.5","label":"Property III.9.5"},"geometry":{"type":"Polygon","coordinates":[[[14.489797,40.753229],[14.48983,40.753243],[14.489866,40.753193],[14.489855,40.753194],[14.489831,40.753194],[14.4898,40.753184],[14.489779,40.753178],[14.489755,40.753209],[14.489755,40.753211],[14.489764,40.753216],[14.489797,40.753229]]]}},{"type":"Feature","properties":{"level":"property","id":"III.9.6","label":"Property III.9.6"},"geometry":{"type":"Polygon","coordinates":[[[14.489881,40.753265],[14.489913,40.753221],[14.489916,40.753215],[14.489963,40.753147],[14.489972,40.753139],[14.489962,40.753144],[14.489951,40.753145],[14.48994,40.753144],[14.489924,40.753138],[14.489909,40.753135],[14.489897,40.753132],[14.489889,40.753132],[14.489886,40.753136],[14.489888,40.753142],[14.489884,40.75316],[14.48988,40.753174],[14.489873,40.753188],[14.48987,40.75319],[14.489866,40.753193],[14.48983,40.753243],[14.489844,40.753249],[14.489866,40.753258],[14.489881,40.753265]]]}},{"type":"Feature","properties":{"level":"property","id":"IV.1.1"},"geometry":{"type":"Polygon","coordinates":[[[14.488905,40.752868],[14.488873,40.752852],[14.488843,40.752836],[14.488819,40.752823],[14.488765,40.752796],[14.488746,40.752786],[14.488708,40.752833],[14.488712,40.752834],[14.48872,40.752826],[14.488729,40.752826],[14.488745,40.752827],[14.488761,40.752828],[14.488774,40.752831],[14.48879,40.752838],[14.488809,40.752845],[14.488838,40.752862],[14.488859,40.752878],[14.488883,40.752898],[14.4889,40.75291],[14.488905,40.752912],[14.488928,40.752882],[14.488932,40.752881],[14.488922,40.752876],[14.488905,40.752868]]]}},{"type":"Feature","properties":{"level":"property","id":"IV.1.4","label":"Property IV.1.4"},"geometry":{"type":"Polygon","coordinates":[[[14.488943,40.752887],[14.488932,40.752881],[14.488928,40.752882],[14.488905,40.752912],[14.488913,40.752916],[14.488917,40.752918],[14.488919,40.752919],[14.488944,40.75289],[14.488943,40.752887]]]}},{"type":"Feature","properties":{"level":"property","id":"IV.1.5","label":"Property IV.1.5"},"geometry":{"type":"Polygon","coordinates":[[[14.488972,40.752914],[14.488947,40.752902],[14.488939,40.752899],[14.488947,40.752889],[14.488943,40.752887],[14.488944,40.75289],[14.488919,40.752919],[14.488924,40.752922],[14.488935,40.752929],[14.488959,40.75294],[14.488962,40.752942],[14.488983,40.75292],[14.488972,40.752914]]]}},{"type":"Feature","properties":{"level":"property","id":"IV.1.6","label":"Property IV.1.6"},"geometry":{"type":"Polygon","coordinates":[[[14.488999,40.752927],[14.488993,40.752925],[14.488983,40.75292],[14.488962,40.752942],[14.488974,40.752949],[14.488984,40.752956],[14.488991,40.752959],[14.489013,40.752934],[14.488999,40.752927]]]}},{"type":"Feature","properties":{"level":"property","id":"IV.1.7","label":"Property IV.1.7"},"geometry":{"type":"Polygon","coordinates":[[[14.489046,40.752953],[14.489024,40.75294],[14.489013,40.752934],[14.488991,40.752959],[14.488995,40.752961],[14.489003,40.752968],[14.489015,40.75298],[14.489027,40.75299],[14.489034,40.752996],[14.489035,40.752995],[14.489064,40.752963],[14.489046,40.752953]]]}},{"type":"Feature","properties":{"level":"property","id":"IV.2.1","label":"Property IV.2.1"},"geometry":{"type":"Polygon","coordinates":[[[14.489162,40.753006],[14.489132,40.752991],[14.48911,40.752979],[14.489115,40.752972],[14.489111,40.752971],[14.489075,40.753015],[14.489073,40.753018],[14.489093,40.75302],[14.489105,40.75302],[14.489113,40.753022],[14.489124,40.753026],[14.489143,40.753035],[14.489157,40.75304],[14.489169,40.753048],[14.489172,40.753051],[14.489193,40.753026],[14.489197,40.753025],[14.489162,40.753006]]]}},{"type":"Feature","properties":{"level":"property","id":"IV.2.2","label":"Property IV.2.2"},"geometry":{"type":"Polygon","coordinates":[[[14.489213,40.753032],[14.489197,40.753025],[14.489193,40.753026],[14.489172,40.753051],[14.48918,40.753056],[14.48919,40.753062],[14.489214,40.753035],[14.489213,40.753032]]]}},{"type":"Feature","properties":{"level":"property","id":"IV.2.4","label":"Property IV.2.4"},"geometry":{"type":"Polygon","coordinates":[[[14.489276,40.753063],[14.489213,40.753032],[14.489214,40.753035],[14.48919,40.753062],[14.489195,40.753065],[14.489205,40.753069],[14.489221,40.753077],[14.489231,40.753084],[14.489246,40.753095],[14.489259,40.753106],[14.489278,40.753117],[14.489284,40.753119],[14.489312,40.753085],[14.489317,40.753083],[14.489296,40.753073],[14.489276,40.753063]]]}},{"type":"Feature","properties":{"level":"property","id":"IV.2.4","label":"Property IV.2.4"},"geometry":{"type":"Polygon","coordinates":[[[14.489335,40.753091],[14.489317,40.753083],[14.489312,40.753085],[14.489284,40.753119],[14.489287,40.753119],[14.489307,40.753125],[14.489309,40.753126],[14.489335,40.753095],[14.489335,40.753091]]]}},{"type":"Feature","properties":{"level":"property","id":"IV.2.5","label":"Property IV.2.5"},"geometry":{"type":"Polygon","coordinates":[[[14.489345,40.753097],[14.489335,40.753091],[14.489335,40.753095],[14.489309,40.753126],[14.489318,40.753132],[14.489334,40.753142],[14.489341,40.753145],[14.489351,40.753148],[14.489385,40.753158],[14.4894,40.753164],[14.489406,40.753167],[14.489413,40.753173],[14.489415,40.753171],[14.489437,40.753144],[14.489424,40.753135],[14.489414,40.75313],[14.489399,40.753122],[14.489385,40.753115],[14.489371,40.753109],[14.489365,40.753106],[14.489345,40.753097]]]}},{"type":"Feature","properties":{"level":"property","id":"IV.3.1","label":"Property IV.3.1"},"geometry":{"type":"Polygon","coordinates":[[[14.489529,40.753187],[14.4895,40.753174],[14.489485,40.753167],[14.489459,40.753201],[14.489458,40.753202],[14.489463,40.753206],[14.489476,40.753215],[14.489494,40.753226],[14.489507,40.753232],[14.489536,40.753191],[14.489529,40.753187]]]}},{"type":"Feature","properties":{"level":"property","id":"IV.3.3","label":"Property IV.3.3"},"geometry":{"type":"Polygon","coordinates":[[[14.489578,40.75321],[14.489539,40.753193],[14.489536,40.753191],[14.489507,40.753232],[14.489513,40.753233],[14.489523,40.753235],[14.489535,40.753238],[14.489558,40.753246],[14.489574,40.753252],[14.48958,40.753253],[14.489602,40.753223],[14.489605,40.753222],[14.489578,40.75321]]]}},{"type":"Feature","properties":{"level":"property","id":"IV.3.3","label":"Property IV.3.3"},"geometry":{"type":"Polygon","coordinates":[[[14.489633,40.753235],[14.489605,40.753222],[14.489602,40.753223],[14.48958,40.753253],[14.489589,40.753255],[14.489605,40.753259],[14.489614,40.753262],[14.489634,40.753238],[14.489633,40.753235]]]}},{"type":"Feature","properties":{"level":"property","id":"IV.3.4","label":"Property IV.3.4"},"geometry":{"type":"Polygon","coordinates":[[[14.489667,40.75325],[14.489655,40.753244],[14.489642,40.753239],[14.489633,40.753235],[14.489634,40.753238],[14.489614,40.753262],[14.489617,40.753263],[14.489632,40.753268],[14.489638,40.753271],[14.489648,40.753277],[14.489667,40.75325]]]}},{"type":"Feature","properties":{"level":"property","id":"IV.3.5","label":"Property IV.3.5"},"geometry":{"type":"Polygon","coordinates":[[[14.489689,40.753259],[14.489669,40.753251],[14.489667,40.75325],[14.489648,40.753277],[14.489654,40.753285],[14.48966,40.753292],[14.489665,40.753296],[14.489691,40.75326],[14.489689,40.753259]]]}},{"type":"Feature","properties":{"level":"property","id":"IV.3.6","label":"Property IV.3.6"},"geometry":{"type":"Polygon","coordinates":[[[14.489738,40.753281],[14.489712,40.753269],[14.489691,40.75326],[14.489665,40.753296],[14.489671,40.753297],[14.489682,40.753303],[14.489696,40.753308],[14.489715,40.753315],[14.48974,40.753281],[14.489738,40.753281]]]}},{"type":"Feature","properties":{"level":"property","id":"IV.3.7","label":"Property IV.3.7"},"geometry":{"type":"Polygon","coordinates":[[[14.489762,40.753291],[14.489759,40.75329],[14.489742,40.753282],[14.48974,40.753281],[14.489715,40.753315],[14.489717,40.753316],[14.489723,40.753317],[14.48973,40.753319],[14.48974,40.753323],[14.489764,40.753292],[14.489762,40.753291]]]}},{"type":"Feature","properties":{"level":"property","id":"IV.3.8","label":"Property IV.3.8"},"geometry":{"type":"Polygon","coordinates":[[[14.489827,40.753321],[14.48982,40.753318],[14.489796,40.753307],[14.489773,40.753297],[14.489764,40.753292],[14.48974,40.753323],[14.489744,40.753324],[14.489757,40.753332],[14.489764,40.753336],[14.489773,40.753343],[14.489781,40.753347],[14.489791,40.753353],[14.489796,40.753356],[14.489803,40.753363],[14.489805,40.753364],[14.489806,40.753363],[14.489835,40.753326],[14.489827,40.753321]]]}},{"type":"Feature","properties":{"level":"property","id":"IV.4.1","label":"Property IV.4.1"},"geometry":{"type":"Polygon","coordinates":[[[14.489912,40.753359],[14.489886,40.753347],[14.489867,40.753339],[14.489839,40.753379],[14.489839,40.753381],[14.48984,40.753381],[14.489846,40.753382],[14.489853,40.753386],[14.489861,40.753392],[14.489874,40.753402],[14.489885,40.753412],[14.489887,40.753415],[14.489922,40.753366],[14.489926,40.753366],[14.489912,40.753359],[14.489912,40.753359]]]}},{"type":"Feature","properties":{"level":"property","id":"IV.4.2","label":"Property IV.4.2"},"geometry":{"type":"Polygon","coordinates":[[[14.490129,40.753451],[14.490085,40.753432],[14.490072,40.753428],[14.49006,40.753421],[14.490037,40.753413],[14.490026,40.753407],[14.49,40.753442],[14.489997,40.753441],[14.489957,40.753423],[14.489981,40.753388],[14.489952,40.753377],[14.489926,40.753366],[14.489922,40.753366],[14.489887,40.753415],[14.489889,40.753418],[14.489894,40.75342],[14.489902,40.753419],[14.489911,40.753419],[14.489919,40.753422],[14.489928,40.753426],[14.489955,40.753436],[14.489991,40.753449],[14.49005,40.753474],[14.490085,40.753489],[14.490097,40.753496],[14.490129,40.753451]]]}},{"type":"Feature","properties":{"level":"property","id":"IV.4.3","label":"Property IV.4.3"},"geometry":{"type":"Polygon","coordinates":[[[14.490005,40.753397],[14.489983,40.753389],[14.489981,40.753388],[14.489957,40.753423],[14.489997,40.753441],[14.49,40.753442],[14.490026,40.753407],[14.490005,40.753397]]]}},{"type":"Feature","properties":{"level":"property","id":"IV.4.6","label":"Property IV.4.6"},"geometry":{"type":"Polygon","coordinates":[[[14.490191,40.753478],[14.490163,40.753466],[14.49015,40.75346],[14.490145,40.753466],[14.490127,40.753459],[14.490132,40.753452],[14.490129,40.753451],[14.490097,40.753496],[14.490114,40.753507],[14.490135,40.75352],[14.490144,40.753531],[14.490149,40.753547],[14.490151,40.753556],[14.490155,40.753558],[14.490155,40.753557],[14.490207,40.753487],[14.490191,40.753478],[14.490191,40.753478]]]}},{"type":"Feature","properties":{"level":"property","id":"IV.5.1","label":"Property IV.5.1"},"geometry":{"type":"Polygon","coordinates":[[[14.490311,40.753519],[14.490275,40.753504],[14.490262,40.753499],[14.490222,40.753558],[14.490218,40.753564],[14.490223,40.75356],[14.49024,40.753561],[14.490249,40.753561],[14.490258,40.753557],[14.490274,40.753559],[14.490288,40.753562],[14.490293,40.753565],[14.490321,40.753523],[14.490311,40.753519]]]}},{"type":"Feature","properties":{"level":"property","id":"IV.5.3"},"geometry":{"type":"Polygon","coordinates":[[[14.490415,40.75356],[14.490388,40.75355],[14.490344,40.753532],[14.490333,40.753528],[14.490321,40.753523],[14.490293,40.753565],[14.490295,40.753567],[14.490333,40.753577],[14.49035,40.753583],[14.490359,40.753583],[14.490377,40.753583],[14.490388,40.753584],[14.490406,40.753591],[14.490414,40.753593],[14.490431,40.753566],[14.490415,40.75356]]]}},{"type":"Feature","properties":{"level":"property","id":"IV.5.4","label":"Property IV.5.4"},"geometry":{"type":"Polygon","coordinates":[[[14.490479,40.753585],[14.490449,40.753573],[14.490431,40.753566],[14.490414,40.753593],[14.490424,40.753594],[14.490439,40.753598],[14.49045,40.753601],[14.490461,40.753607],[14.49047,40.753613],[14.490471,40.753617],[14.490472,40.753626],[14.490472,40.753633],[14.490467,40.753638],[14.490463,40.753643],[14.490465,40.75365],[14.49047,40.753657],[14.490467,40.753667],[14.490469,40.753667],[14.490547,40.753659],[14.49055,40.753644],[14.490552,40.753632],[14.490556,40.753617],[14.490479,40.753585]]]}},{"type":"Feature","properties":{"level":"property","id":"V.1.1","label":"Property V.1.1"},"geometry":{"type":"Polygon","coordinates":[[[14.486128,40.751668],[14.486121,40.751674],[14.486201,40.751714],[14.48626,40.751654],[14.486236,40.751642],[14.486197,40.751623],[14.486184,40.751616],[14.486176,40.751624],[14.486152,40.751645],[14.486132,40.751664],[14.486128,40.751668]]]}},{"type":"Feature","properties":{"level":"property","id":"V.1.13","label":"Property V.1.13"},"geometry":{"type":"Polygon","coordinates":[[[14.485492,40.752223],[14.485481,40.752234],[14.485745,40.752365],[14.485779,40.752328],[14.485737,40.752303],[14.485733,40.752307],[14.485532,40.752185],[14.485525,40.752192],[14.485492,40.752223]]]}},{"type":"Feature","properties":{"level":"property","id":"V.1.15","label":"Property V.1.15"},"geometry":{"type":"Polygon","coordinates":[[[14.485567,40.752151],[14.485543,40.752174],[14.485532,40.752185],[14.485733,40.752307],[14.485737,40.752303],[14.485734,40.752302],[14.485817,40.752226],[14.485614,40.752109],[14.485613,40.752106],[14.485606,40.752113],[14.485595,40.752124],[14.485588,40.752131],[14.485578,40.752142],[14.485567,40.752151]]]}},{"type":"Feature","properties":{"level":"property","id":"V.1.17","label":"Property V.1.17"},"geometry":{"type":"Polygon","coordinates":[[[14.485637,40.752105],[14.485637,40.752105],[14.485627,40.752114],[14.485613,40.752106],[14.485614,40.752109],[14.485677,40.752145],[14.485714,40.752106],[14.48567,40.752079],[14.485669,40.752076],[14.485658,40.752085],[14.485637,40.752105]]]}},{"type":"Feature","properties":{"level":"property","id":"V.1.18","label":"Property V.1.18"},"geometry":{"type":"Polygon","coordinates":[[[14.485812,40.752399],[14.485819,40.752402],[14.485835,40.752409],[14.48587,40.752427],[14.485972,40.752342],[14.486069,40.752262],[14.485766,40.752055],[14.485731,40.75209],[14.485687,40.752062],[14.485684,40.752063],[14.485669,40.752076],[14.48567,40.752079],[14.485714,40.752106],[14.485677,40.752145],[14.485817,40.752226],[14.485734,40.752302],[14.485737,40.752303],[14.485779,40.752328],[14.485745,40.752365],[14.485812,40.752399]]]}},{"type":"Feature","properties":{"level":"property","id":"V.1.19","label":"Property V.1.19"},"geometry":{"type":"Polygon","coordinates":[[[14.485697,40.75205],[14.485684,40.752063],[14.485687,40.752062],[14.485731,40.75209],[14.485766,40.752055],[14.485724,40.752026],[14.485724,40.752023],[14.485712,40.752034],[14.485697,40.75205]]]}},{"type":"Feature","properties":{"level":"property","id":"V.1.2","label":"Property V.1.2"},"geometry":{"type":"Polygon","coordinates":[[[14.48627,40.751658],[14.48626,40.751654],[14.486201,40.751714],[14.486208,40.751717],[14.486269,40.751747],[14.486321,40.751686],[14.486324,40.751685],[14.48631,40.751677],[14.48627,40.751658]]]}},{"type":"Feature","properties":{"level":"property","id":"V.1.20","label":"Property V.1.20"},"geometry":{"type":"Polygon","coordinates":[[[14.485742,40.752008],[14.485724,40.752023],[14.485724,40.752026],[14.485766,40.752055],[14.485843,40.752107],[14.485878,40.752079],[14.485793,40.752021],[14.485754,40.751997],[14.485752,40.751998],[14.485747,40.752004],[14.485742,40.752008]]]}},{"type":"Feature","properties":{"level":"property","id":"V.1.22","label":"Property V.1.22"},"geometry":{"type":"Polygon","coordinates":[[[14.485775,40.751978],[14.485755,40.751996],[14.485754,40.751997],[14.485793,40.752021],[14.485819,40.751999],[14.485783,40.751975],[14.485783,40.751972],[14.485775,40.751978]]]}},{"type":"Feature","properties":{"level":"property","id":"V.1.24","label":"Property V.1.24"},"geometry":{"type":"Polygon","coordinates":[[[14.4858,40.751956],[14.485793,40.75196],[14.485797,40.75196],[14.485833,40.751987],[14.485839,40.751982],[14.485865,40.751997],[14.485884,40.75198],[14.485822,40.751939],[14.485822,40.751936],[14.485816,40.751941],[14.4858,40.751956]]]}},{"type":"Feature","properties":{"level":"property","id":"V.1.27"},"geometry":{"type":"Polygon","coordinates":[[[14.486294,40.752073],[14.485984,40.751863],[14.485944,40.751834],[14.485931,40.751846],[14.485909,40.751867],[14.485897,40.751879],[14.485882,40.751893],[14.485869,40.751904],[14.485838,40.751932],[14.485828,40.75194],[14.485822,40.751936],[14.485822,40.751939],[14.485868,40.751969],[14.485884,40.75198],[14.485865,40.751997],[14.485839,40.751982],[14.485833,40.751987],[14.485797,40.75196],[14.485793,40.75196],[14.485783,40.751972],[14.485783,40.751975],[14.485819,40.751999],[14.485793,40.752021],[14.485878,40.752079],[14.485843,40.752107],[14.486069,40.752262],[14.486088,40.752246],[14.486097,40.752239],[14.486294,40.752073]]]}},{"type":"Feature","properties":{"level":"property","id":"V.1.28","label":"Property V.1.28"},"geometry":{"type":"Polygon","coordinates":[[[14.485976,40.751805],[14.485944,40.751834],[14.485984,40.751863],[14.486019,40.751887],[14.486094,40.751819],[14.486128,40.75179],[14.486092,40.751767],[14.486058,40.751797],[14.486016,40.75177],[14.485991,40.751792],[14.485976,40.751805]]]}},{"type":"Feature","properties":{"level":"property","id":"V.1.29","label":"Property V.1.29"},"geometry":{"type":"Polygon","coordinates":[[[14.486023,40.751763],[14.486016,40.75177],[14.486058,40.751797],[14.486092,40.751767],[14.48605,40.75174],[14.486048,40.751741],[14.486023,40.751763]]]}},{"type":"Feature","properties":{"level":"property","id":"V.1.30","label":"Property V.1.30"},"geometry":{"type":"Polygon","coordinates":[[[14.486056,40.751735],[14.48605,40.75174],[14.486092,40.751767],[14.486128,40.75179],[14.48617,40.751751],[14.486088,40.751706],[14.486083,40.75171],[14.486056,40.751735]]]}},{"type":"Feature","properties":{"level":"property","id":"V.1.31","label":"Property V.1.31"},"geometry":{"type":"Polygon","coordinates":[[[14.486094,40.751701],[14.486088,40.751706],[14.48617,40.751751],[14.486208,40.751717],[14.486121,40.751674],[14.486115,40.75168],[14.486094,40.751701]]]}},{"type":"Feature","properties":{"level":"property","id":"V.1.4","label":"Property V.1.4"},"geometry":{"type":"Polygon","coordinates":[[[14.486359,40.751701],[14.486343,40.751694],[14.486344,40.751696],[14.486287,40.751756],[14.486332,40.751778],[14.486396,40.751719],[14.486387,40.751715],[14.486359,40.751701]]]}},{"type":"Feature","properties":{"level":"property","id":"V.1.5","label":"Property V.1.5"},"geometry":{"type":"Polygon","coordinates":[[[14.486405,40.751722],[14.486405,40.751722],[14.486396,40.751719],[14.486332,40.751778],[14.486354,40.751789],[14.486389,40.751758],[14.486409,40.751775],[14.486446,40.751742],[14.486435,40.751737],[14.486405,40.751722]]]}},{"type":"Feature","properties":{"level":"property","id":"V.1.7","label":"Property V.1.7"},"geometry":{"type":"Polygon","coordinates":[[[14.486507,40.751809],[14.486536,40.751785],[14.486523,40.751779],[14.486499,40.751769],[14.486485,40.75176],[14.486453,40.751745],[14.486446,40.751742],[14.486417,40.751767],[14.486409,40.751775],[14.486389,40.751758],[14.486354,40.751789],[14.486332,40.751778],[14.486287,40.751756],[14.486344,40.751696],[14.486343,40.751694],[14.486324,40.751685],[14.486321,40.751686],[14.486269,40.751747],[14.486208,40.751717],[14.48617,40.751751],[14.486128,40.75179],[14.486094,40.751819],[14.486019,40.751887],[14.486294,40.752073],[14.486295,40.752072],[14.486309,40.752061],[14.486562,40.751849],[14.486507,40.751809]]]}},{"type":"Feature","properties":{"level":"property","id":"V.1.8","label":"Property V.1.8"},"geometry":{"type":"Polygon","coordinates":[[[14.486543,40.751788],[14.486536,40.751785],[14.486507,40.751809],[14.486562,40.751849],[14.4866,40.751817],[14.486579,40.751806],[14.486543,40.751788]]]}},{"type":"Feature","properties":{"level":"property","id":"V.2.1","label":"Property V.2.1"},"geometry":{"type":"Polygon","coordinates":[[[14.486501,40.751942],[14.486469,40.751969],[14.486466,40.751969],[14.486422,40.752007],[14.486356,40.752071],[14.486482,40.752154],[14.486635,40.752029],[14.486602,40.752006],[14.486668,40.751956],[14.486635,40.751933],[14.486699,40.751866],[14.486692,40.751862],[14.486653,40.751844],[14.486627,40.751832],[14.486585,40.751868],[14.486582,40.751872],[14.486573,40.75188],[14.486566,40.751886],[14.486514,40.751931],[14.486501,40.751942]]]}},{"type":"Feature","properties":{"level":"property","id":"V.2.10","label":"Property V.2.10"},"geometry":{"type":"Polygon","coordinates":[[[14.486792,40.752339],[14.486922,40.752232],[14.486949,40.752249],[14.486936,40.752272],[14.486949,40.75228],[14.486968,40.752262],[14.486972,40.752264],[14.487031,40.752211],[14.487054,40.752188],[14.487105,40.752137],[14.487084,40.752125],[14.487105,40.752103],[14.48708,40.752086],[14.487106,40.752058],[14.487105,40.752056],[14.487077,40.752042],[14.487071,40.752039],[14.48705,40.752028],[14.487045,40.752025],[14.487017,40.752056],[14.486999,40.752047],[14.486966,40.752085],[14.486941,40.752071],[14.48694,40.752069],[14.486888,40.752128],[14.486695,40.752286],[14.486792,40.752339]]]}},{"type":"Feature","properties":{"level":"property","id":"V.2.10","label":"Property V.2.10"},"geometry":{"type":"Polygon","coordinates":[[[14.48704,40.752022],[14.487029,40.752016],[14.486999,40.752003],[14.48694,40.752069],[14.486941,40.752071],[14.486966,40.752085],[14.486999,40.752047],[14.487017,40.752056],[14.487045,40.752025],[14.48704,40.752022]]]}},{"type":"Feature","properties":{"level":"property","id":"V.2.10","label":"Property V.2.10"},"geometry":{"type":"Polygon","coordinates":[[[14.487151,40.752077],[14.487114,40.75206],[14.487105,40.752056],[14.487106,40.752058],[14.48708,40.752086],[14.487105,40.752103],[14.487084,40.752125],[14.487105,40.752137],[14.48716,40.752082],[14.487151,40.752077]]]}},{"type":"Feature","properties":{"level":"property","id":"V.2.15","label":"Property V.2.15"},"geometry":{"type":"Polygon","coordinates":[[[14.486883,40.752389],[14.486884,40.752388],[14.486884,40.752388],[14.486902,40.752376],[14.486901,40.752375],[14.486902,40.752375],[14.486906,40.752369],[14.486909,40.752365],[14.486915,40.752362],[14.486926,40.75236],[14.486985,40.752321],[14.486987,40.75232],[14.487035,40.752353],[14.48716,40.752277],[14.48718,40.752293],[14.487295,40.752185],[14.487328,40.752154],[14.487327,40.752152],[14.487321,40.752149],[14.487296,40.752147],[14.487291,40.752145],[14.487287,40.752143],[14.487272,40.752137],[14.487259,40.752129],[14.487224,40.752112],[14.487217,40.752109],[14.487205,40.752103],[14.487168,40.752086],[14.48716,40.752082],[14.487105,40.752137],[14.48709,40.752152],[14.487054,40.752188],[14.487031,40.752211],[14.486972,40.752264],[14.486968,40.752262],[14.486949,40.75228],[14.486936,40.752272],[14.486949,40.752249],[14.486922,40.752232],[14.486792,40.752339],[14.486753,40.75237],[14.486792,40.752398],[14.48688,40.75247],[14.486897,40.752458],[14.486895,40.752457],[14.486881,40.752446],[14.486872,40.752438],[14.48686,40.752427],[14.486854,40.752418],[14.486854,40.752411],[14.486856,40.752407],[14.486872,40.752397],[14.486871,40.752396],[14.486878,40.75239],[14.486883,40.752389]]]}},{"type":"Feature","properties":{"level":"property","id":"V.2.19"},"geometry":{"type":"Polygon","coordinates":[[[14.487346,40.75216],[14.487327,40.752152],[14.487328,40.752154],[14.487295,40.752185],[14.487255,40.752223],[14.487211,40.752264],[14.48718,40.752293],[14.487255,40.752353],[14.487255,40.752353],[14.487296,40.752324],[14.487322,40.752306],[14.487329,40.752301],[14.487453,40.752214],[14.487439,40.752206],[14.487398,40.752185],[14.487393,40.752182],[14.487384,40.75218],[14.487375,40.752175],[14.487346,40.75216]]]}},{"type":"Feature","properties":{"level":"property","id":"V.2.2","label":"Property V.2.2"},"geometry":{"type":"Polygon","coordinates":[[[14.486737,40.751884],[14.48671,40.751871],[14.486699,40.751866],[14.486635,40.751933],[14.486668,40.751956],[14.486743,40.751887],[14.486737,40.751884]]]}},{"type":"Feature","properties":{"level":"property","id":"V.2.2","label":"Property V.2.2"},"geometry":{"type":"Polygon","coordinates":[[[14.487193,40.752396],[14.487255,40.752353],[14.48718,40.752293],[14.48716,40.752277],[14.487035,40.752353],[14.487034,40.752357],[14.487046,40.75236],[14.487057,40.752364],[14.487069,40.752368],[14.487078,40.752369],[14.487087,40.752372],[14.487096,40.752375],[14.487114,40.75238],[14.487123,40.752384],[14.487126,40.752384],[14.487139,40.752377],[14.487172,40.752399],[14.487176,40.752399],[14.487193,40.752396]]]}},{"type":"Feature","properties":{"level":"property","id":"V.2.3","label":"Property V.2.3"},"geometry":{"type":"Polygon","coordinates":[[[14.486784,40.751906],[14.486759,40.751894],[14.486743,40.751887],[14.486668,40.751956],[14.486693,40.751971],[14.486702,40.751961],[14.486717,40.75197],[14.486743,40.751941],[14.486764,40.751952],[14.486795,40.751915],[14.486799,40.751914],[14.486784,40.751906]]]}},{"type":"Feature","properties":{"level":"property","id":"V.2.4","label":"Property V.2.4"},"geometry":{"type":"Polygon","coordinates":[[[14.486817,40.751921],[14.486799,40.751914],[14.486795,40.751915],[14.486764,40.751952],[14.486743,40.751941],[14.486717,40.75197],[14.486702,40.751961],[14.486693,40.751971],[14.486668,40.751956],[14.486602,40.752006],[14.486635,40.752029],[14.486476,40.752159],[14.486501,40.752176],[14.486487,40.752189],[14.486503,40.752201],[14.486511,40.752195],[14.486563,40.752229],[14.48656,40.752232],[14.486568,40.752237],[14.486684,40.752135],[14.486779,40.752051],[14.486788,40.752055],[14.486845,40.751991],[14.486796,40.751967],[14.486829,40.751927],[14.486817,40.751921]]]}},{"type":"Feature","properties":{"level":"property","id":"V.2.5"},"geometry":{"type":"Polygon","coordinates":[[[14.486857,40.752024],[14.486873,40.752006],[14.486893,40.752015],[14.486925,40.751978],[14.486928,40.751978],[14.486919,40.751972],[14.486892,40.751957],[14.486879,40.751951],[14.486866,40.751944],[14.486841,40.751933],[14.486829,40.751927],[14.486796,40.751967],[14.486845,40.751991],[14.486828,40.75201],[14.486857,40.752024]]]}},{"type":"Feature","properties":{"level":"property","id":"V.2.7","label":"Property V.2.7"},"geometry":{"type":"Polygon","coordinates":[[[14.486949,40.751989],[14.486928,40.751978],[14.486925,40.751978],[14.486893,40.752015],[14.486873,40.752006],[14.486857,40.752024],[14.486828,40.75201],[14.486788,40.752055],[14.486779,40.752051],[14.486684,40.752135],[14.486568,40.752237],[14.486644,40.752283],[14.486677,40.752301],[14.486888,40.752128],[14.48694,40.752069],[14.486915,40.752056],[14.486931,40.752038],[14.486916,40.752028],[14.486949,40.751992],[14.486949,40.751989]]]}},{"type":"Feature","properties":{"level":"property","id":"V.2.7","label":"Property V.2.7"},"geometry":{"type":"Polygon","coordinates":[[[14.486972,40.75199],[14.486966,40.751998],[14.486963,40.751996],[14.486956,40.751993],[14.486949,40.751989],[14.486949,40.751992],[14.486916,40.752028],[14.486931,40.752038],[14.486915,40.752056],[14.48694,40.752069],[14.486999,40.752003],[14.486972,40.75199]]]}},{"type":"Feature","properties":{"level":"property","id":"V.2.c","label":"Property V.2.c"},"geometry":{"type":"Polygon","coordinates":[[[14.486328,40.752094],[14.486314,40.752105],[14.486312,40.752106],[14.486402,40.752168],[14.486423,40.752152],[14.486482,40.752193],[14.486487,40.752189],[14.486501,40.752176],[14.486476,40.752159],[14.486482,40.752154],[14.486447,40.752131],[14.486356,40.752071],[14.486352,40.752075],[14.486334,40.752089],[14.486328,40.752094]]]}},{"type":"Feature","properties":{"level":"property","id":"V.2.d","label":"Property V.2.d"},"geometry":{"type":"Polygon","coordinates":[[[14.48656,40.752232],[14.486563,40.752229],[14.486511,40.752195],[14.486503,40.752201],[14.486487,40.752189],[14.486482,40.752193],[14.486423,40.752152],[14.486402,40.752168],[14.486313,40.752106],[14.486272,40.75214],[14.486236,40.752168],[14.486406,40.752282],[14.48648,40.752221],[14.48653,40.752257],[14.48656,40.752232]]]}},{"type":"Feature","properties":{"level":"property","id":"V.2.e","label":"Property V.2.e"},"geometry":{"type":"Polygon","coordinates":[[[14.486326,40.752259],[14.486212,40.752187],[14.486187,40.752206],[14.486101,40.752277],[14.486157,40.752316],[14.486199,40.752346],[14.486269,40.752285],[14.486285,40.752296],[14.486326,40.752259]]]}},{"type":"Feature","properties":{"level":"property","id":"V.2.g","label":"Property V.2.g"},"geometry":{"type":"Polygon","coordinates":[[[14.486398,40.752311],[14.486326,40.752259],[14.486285,40.752296],[14.486269,40.752285],[14.486199,40.752346],[14.486157,40.752316],[14.486101,40.752277],[14.486006,40.752355],[14.485995,40.752364],[14.485956,40.752395],[14.485951,40.752399],[14.485927,40.752419],[14.485923,40.752422],[14.485905,40.752438],[14.485967,40.752468],[14.486031,40.7525],[14.486047,40.752506],[14.486142,40.752551],[14.486145,40.752549],[14.486145,40.752546],[14.486323,40.752397],[14.486309,40.752385],[14.486362,40.752342],[14.486398,40.752311]]]}},{"type":"Feature","properties":{"level":"property","id":"V.2.h","label":"Property V.2.h"},"geometry":{"type":"Polygon","coordinates":[[[14.486197,40.752575],[14.486232,40.752592],[14.486239,40.752587],[14.486272,40.752603],[14.486307,40.752574],[14.486276,40.752553],[14.486452,40.752404],[14.486362,40.752342],[14.486309,40.752385],[14.486323,40.752397],[14.486145,40.752546],[14.486145,40.752549],[14.486183,40.752567],[14.486197,40.752575]]]}},{"type":"Feature","properties":{"level":"property","id":"V.2.i","label":"Property V.2.i"},"geometry":{"type":"Polygon","coordinates":[[[14.48656,40.752232],[14.48653,40.752257],[14.48648,40.752221],[14.486406,40.752282],[14.486236,40.752168],[14.486212,40.752187],[14.486326,40.752259],[14.486398,40.752311],[14.486362,40.752342],[14.486452,40.752404],[14.486276,40.752553],[14.486307,40.752574],[14.486272,40.752603],[14.486319,40.752626],[14.486347,40.752639],[14.486578,40.752754],[14.486879,40.752562],[14.486818,40.752513],[14.486828,40.752505],[14.48688,40.75247],[14.486792,40.752398],[14.486753,40.75237],[14.486792,40.752339],[14.486695,40.752286],[14.486677,40.752301],[14.486644,40.752283],[14.486568,40.752237],[14.48656,40.752232]]]}},{"type":"Feature","properties":{"level":"property","id":"V.3.1"},"geometry":{"type":"Polygon","coordinates":[[[14.487539,40.752253],[14.487517,40.752242],[14.487516,40.752243],[14.487505,40.752238],[14.487493,40.752232],[14.487479,40.752224],[14.48741,40.752278],[14.487397,40.752288],[14.487517,40.752362],[14.487591,40.752277],[14.487572,40.752267],[14.487539,40.752253]]]}},{"type":"Feature","properties":{"level":"property","id":"V.3.10"},"geometry":{"type":"Polygon","coordinates":[[[14.48774,40.752697],[14.487749,40.752685],[14.487754,40.752679],[14.487674,40.75264],[14.487627,40.752695],[14.487539,40.75265],[14.48746,40.752752],[14.487453,40.752763],[14.487532,40.752803],[14.487623,40.752849],[14.487663,40.752796],[14.48767,40.752788],[14.48774,40.752697]]]}},{"type":"Feature","properties":{"level":"property","id":"V.3.11","label":"Property V.3.11"},"geometry":{"type":"Polygon","coordinates":[[[14.487561,40.752928],[14.487575,40.752912],[14.487623,40.752849],[14.487453,40.752763],[14.487366,40.752894],[14.487532,40.752966],[14.487561,40.752928]]]}},{"type":"Feature","properties":{"level":"property","id":"V.3.12","label":"Property V.3.12"},"geometry":{"type":"Polygon","coordinates":[[[14.487496,40.753013],[14.487505,40.753],[14.487532,40.752966],[14.487366,40.752894],[14.487299,40.752994],[14.487303,40.752995],[14.48731,40.752997],[14.48732,40.753003],[14.487327,40.753004],[14.487336,40.75301],[14.487345,40.753011],[14.487352,40.753015],[14.487366,40.753015],[14.487377,40.753024],[14.487382,40.753026],[14.487455,40.75306],[14.487459,40.753062],[14.487496,40.753013],[14.487496,40.753013]]]}},{"type":"Feature","properties":{"level":"property","id":"V.3.3"},"geometry":{"type":"Polygon","coordinates":[[[14.487679,40.752319],[14.487665,40.752311],[14.487664,40.752312],[14.487642,40.752301],[14.487629,40.752295],[14.487606,40.752284],[14.487591,40.752277],[14.487517,40.752362],[14.487506,40.752376],[14.487372,40.752535],[14.487371,40.752546],[14.487366,40.752552],[14.487357,40.752557],[14.487348,40.752561],[14.487345,40.752568],[14.48734,40.75257],[14.487341,40.752574],[14.487336,40.752578],[14.487301,40.752622],[14.48729,40.752635],[14.487288,40.752642],[14.487278,40.752652],[14.487275,40.75266],[14.487266,40.752669],[14.487276,40.752675],[14.487307,40.752688],[14.487319,40.752689],[14.487336,40.752701],[14.487352,40.752705],[14.487368,40.752716],[14.487381,40.752721],[14.487391,40.752723],[14.487411,40.752734],[14.487421,40.752736],[14.487438,40.752746],[14.487448,40.752748],[14.48746,40.752752],[14.487539,40.75265],[14.487637,40.752522],[14.487581,40.752498],[14.487633,40.752431],[14.48771,40.752332],[14.487703,40.752329],[14.487679,40.752319]]]}},{"type":"Feature","properties":{"level":"property","id":"V.3.6","label":"Property V.3.6"},"geometry":{"type":"Polygon","coordinates":[[[14.487746,40.752348],[14.487734,40.752344],[14.48771,40.752332],[14.487671,40.752382],[14.487581,40.752498],[14.487637,40.752522],[14.487765,40.752358],[14.487746,40.752348]]]}},{"type":"Feature","properties":{"level":"property","id":"V.3.7","label":"Property V.3.7"},"geometry":{"type":"Polygon","coordinates":[[[14.487823,40.752385],[14.487802,40.752376],[14.487765,40.752358],[14.487637,40.752522],[14.487577,40.7526],[14.487637,40.752629],[14.487662,40.752598],[14.48767,40.752601],[14.487747,40.752506],[14.487733,40.7525],[14.487824,40.752387],[14.487823,40.752385]]]}},{"type":"Feature","properties":{"level":"property","id":"V.3.8","label":"Property V.3.8"},"geometry":{"type":"Polygon","coordinates":[[[14.48788,40.752412],[14.487862,40.752403],[14.487823,40.752385],[14.487824,40.752387],[14.487733,40.7525],[14.487747,40.752506],[14.48767,40.752601],[14.487662,40.752598],[14.487637,40.752629],[14.487577,40.7526],[14.487539,40.75265],[14.487627,40.752695],[14.487674,40.75264],[14.487754,40.752679],[14.487939,40.752439],[14.48788,40.752412]]]}},{"type":"Feature","properties":{"level":"property","id":"V.4.10","label":"Property V.4.10"},"geometry":{"type":"Polygon","coordinates":[[[14.488153,40.75284],[14.488161,40.75283],[14.488171,40.752816],[14.488037,40.752752],[14.487996,40.752812],[14.488126,40.752878],[14.488153,40.75284]]]}},{"type":"Feature","properties":{"level":"property","id":"V.4.13","label":"Property V.4.13"},"geometry":{"type":"Polygon","coordinates":[[[14.487887,40.752938],[14.487854,40.752922],[14.48781,40.752977],[14.487819,40.752982],[14.487768,40.753066],[14.487934,40.753137],[14.487972,40.753085],[14.487978,40.753077],[14.487981,40.753072],[14.488001,40.753046],[14.488008,40.753037],[14.488028,40.753009],[14.487994,40.752992],[14.487889,40.75294],[14.487887,40.752938]]]}},{"type":"Feature","properties":{"level":"property","id":"V.4.3","label":"Property V.4.3"},"geometry":{"type":"Polygon","coordinates":[[[14.487944,40.752821],[14.487966,40.752796],[14.487996,40.752812],[14.488037,40.752752],[14.488002,40.752735],[14.488101,40.75262],[14.488127,40.752591],[14.488169,40.752541],[14.488158,40.752536],[14.488138,40.752528],[14.488126,40.752523],[14.488112,40.752517],[14.488106,40.752514],[14.488089,40.752506],[14.488058,40.752492],[14.488046,40.752487],[14.488033,40.752482],[14.487982,40.752458],[14.487787,40.752716],[14.487888,40.752764],[14.487871,40.752786],[14.487944,40.752821]],[[14.488091,40.752518],[14.488091,40.752518],[14.488098,40.752521],[14.488091,40.752518]]]}},{"type":"Feature","properties":{"level":"property","id":"V.4.3","label":"Property V.4.3"},"geometry":{"type":"Polygon","coordinates":[[[14.488209,40.752559],[14.488184,40.752548],[14.488169,40.752541],[14.488137,40.752579],[14.488127,40.752591],[14.488078,40.752648],[14.488135,40.752673],[14.488219,40.752564],[14.488209,40.752559]]]}},{"type":"Feature","properties":{"level":"property","id":"V.4.6","label":"Property V.4.6"},"geometry":{"type":"Polygon","coordinates":[[[14.48832,40.752609],[14.48831,40.752605],[14.488285,40.752594],[14.488276,40.752589],[14.488252,40.752579],[14.48823,40.752569],[14.488219,40.752564],[14.488159,40.752642],[14.488135,40.752673],[14.488119,40.752694],[14.48818,40.752724],[14.488197,40.752703],[14.488238,40.752722],[14.488262,40.75269],[14.48827,40.75268],[14.48832,40.752609]]]}},{"type":"Feature","properties":{"level":"property","id":"V.4.9","label":"Property V.4.9"},"geometry":{"type":"Polygon","coordinates":[[[14.488206,40.752766],[14.488214,40.752754],[14.488238,40.752722],[14.488197,40.752703],[14.48818,40.752724],[14.488119,40.752694],[14.488135,40.752673],[14.488078,40.752648],[14.488002,40.752735],[14.488059,40.752763],[14.488171,40.752816],[14.488206,40.752766]]]}},{"type":"Feature","properties":{"level":"property","id":"V.4.a"},"geometry":{"type":"Polygon","coordinates":[[[14.488089,40.752925],[14.488098,40.752916],[14.488126,40.752878],[14.487996,40.752812],[14.487966,40.752796],[14.487944,40.752821],[14.487871,40.752786],[14.487888,40.752764],[14.487787,40.752716],[14.487753,40.752761],[14.487745,40.752771],[14.487726,40.752797],[14.487853,40.752864],[14.487827,40.752894],[14.487861,40.752912],[14.487854,40.752922],[14.487887,40.752938],[14.487889,40.75294],[14.488028,40.753009],[14.488089,40.752925]]]}},{"type":"Feature","properties":{"level":"property","id":"V.4.b","label":"Property V.4.b"},"geometry":{"type":"Polygon","coordinates":[[[14.487703,40.752828],[14.48769,40.752845],[14.487647,40.752902],[14.48781,40.752977],[14.487854,40.752922],[14.487861,40.752912],[14.487827,40.752894],[14.487853,40.752864],[14.487726,40.752797],[14.487703,40.752828]]]}},{"type":"Feature","properties":{"level":"property","id":"V.4.c","label":"Property V.4.c"},"geometry":{"type":"Polygon","coordinates":[[[14.487626,40.752931],[14.487616,40.752945],[14.487574,40.752998],[14.487658,40.753036],[14.487661,40.753032],[14.487694,40.753046],[14.4877,40.753038],[14.487722,40.753047],[14.487712,40.753062],[14.487758,40.753082],[14.487819,40.752982],[14.48781,40.752977],[14.487647,40.752902],[14.487626,40.752931]]]}},{"type":"Feature","properties":{"level":"property","id":"V.5.2","label":"Property V.5.2"},"geometry":{"type":"Polygon","coordinates":[[[14.488374,40.752635],[14.488358,40.752628],[14.488327,40.75267],[14.488327,40.75267],[14.488246,40.752779],[14.488342,40.752818],[14.488449,40.752667],[14.488418,40.752654],[14.488407,40.752649],[14.488405,40.752648],[14.488403,40.752647],[14.488374,40.752635]]]}},{"type":"Feature","properties":{"level":"property","id":"V.5.3","label":"Property V.5.3"},"geometry":{"type":"Polygon","coordinates":[[[14.488565,40.752718],[14.488548,40.752711],[14.488449,40.752667],[14.488342,40.752818],[14.488246,40.752779],[14.488184,40.752863],[14.488172,40.752879],[14.488152,40.752907],[14.488335,40.752984],[14.488341,40.752976],[14.488499,40.753043],[14.488648,40.752838],[14.488616,40.752825],[14.488632,40.752799],[14.488627,40.752796],[14.488655,40.752757],[14.488565,40.752718]]]}},{"type":"Feature","properties":{"level":"property","id":"V.5.4","label":"Property V.5.4"},"geometry":{"type":"Polygon","coordinates":[[[14.488684,40.75277],[14.488661,40.75276],[14.488655,40.752757],[14.488627,40.752796],[14.488632,40.752799],[14.488616,40.752825],[14.488648,40.752838],[14.488694,40.752774],[14.488684,40.75277],[14.488684,40.75277]]]}},{"type":"Feature","properties":{"level":"property","id":"VI.1.1","label":"Property VI.1.1"},"geometry":{"type":"Polygon","coordinates":[[[14.481329,40.751773],[14.481244,40.751803],[14.481438,40.7519],[14.481416,40.751926],[14.48142,40.751928],[14.481421,40.751927],[14.48153,40.751988],[14.481531,40.751989],[14.481618,40.751883],[14.481604,40.751872],[14.481588,40.75189],[14.481479,40.751837],[14.481431,40.751809],[14.481426,40.751806],[14.481371,40.751754],[14.481371,40.751754],[14.481369,40.751755],[14.481329,40.751773]]]}},{"type":"Feature","properties":{"level":"property","id":"VI.1.10","label":"Property VI.1.10"},"geometry":{"type":"Polygon","coordinates":[[[14.482116,40.751537],[14.482029,40.751503],[14.481975,40.751474],[14.481926,40.751514],[14.481854,40.751459],[14.481854,40.751456],[14.481797,40.751497],[14.481778,40.751508],[14.481759,40.751521],[14.481716,40.751544],[14.481716,40.751547],[14.48174,40.751564],[14.481755,40.751575],[14.481838,40.751637],[14.481915,40.751693],[14.481905,40.751706],[14.481982,40.751739],[14.482085,40.751586],[14.482092,40.751575],[14.482108,40.751551],[14.482109,40.751548],[14.482116,40.751537]]]}},{"type":"Feature","properties":{"level":"property","id":"VI.1.12","label":"Property VI.1.12"},"geometry":{"type":"Polygon","coordinates":[[[14.481894,40.75143],[14.481887,40.751437],[14.481871,40.751451],[14.481866,40.751452],[14.481868,40.751456],[14.481861,40.751461],[14.481854,40.751456],[14.481854,40.751459],[14.481926,40.751514],[14.481972,40.751477],[14.481972,40.751477],[14.481895,40.751433],[14.481894,40.75143]]]}},{"type":"Feature","properties":{"level":"property","id":"VI.1.13","label":"Property VI.1.13"},"geometry":{"type":"Polygon","coordinates":[[[14.482105,40.751431],[14.481994,40.751377],[14.481993,40.751374],[14.481981,40.751384],[14.481904,40.751429],[14.4819,40.751434],[14.481894,40.75143],[14.481895,40.751433],[14.481972,40.751477],[14.481975,40.751474],[14.482029,40.751503],[14.482116,40.751537],[14.48215,40.751483],[14.48216,40.75146],[14.482159,40.751457],[14.482105,40.751431]]]}},{"type":"Feature","properties":{"level":"property","id":"VI.1.14","label":"Property VI.1.14"},"geometry":{"type":"Polygon","coordinates":[[[14.481994,40.751377],[14.482159,40.751457],[14.48216,40.75146],[14.482195,40.751402],[14.482202,40.751391],[14.482214,40.75137],[14.482191,40.751349],[14.482173,40.751363],[14.482103,40.751312],[14.4821,40.751312],[14.482095,40.751314],[14.482086,40.75132],[14.48206,40.751337],[14.482047,40.751345],[14.482004,40.751369],[14.481997,40.751375],[14.481993,40.751374],[14.481994,40.751377]]]}},{"type":"Feature","properties":{"level":"property","id":"VI.1.17","label":"Property VI.1.17"},"geometry":{"type":"Polygon","coordinates":[[[14.482103,40.751312],[14.482173,40.751363],[14.482191,40.751349],[14.482214,40.75137],[14.482232,40.751339],[14.482155,40.75128],[14.482146,40.751282],[14.482108,40.751306],[14.4821,40.751312],[14.482103,40.751312]]]}},{"type":"Feature","properties":{"level":"property","id":"VI.1.18","label":"Property VI.1.18"},"geometry":{"type":"Polygon","coordinates":[[[14.482208,40.751243],[14.482195,40.751252],[14.48216,40.751272],[14.482146,40.751282],[14.482155,40.75128],[14.482232,40.751339],[14.482242,40.751321],[14.482246,40.751313],[14.482266,40.751279],[14.482208,40.751243]]]}},{"type":"Feature","properties":{"level":"property","id":"VI.1.19","label":"Property VI.1.19"},"geometry":{"type":"Polygon","coordinates":[[[14.482278,40.751251],[14.4823,40.75123],[14.482271,40.751211],[14.482263,40.751219],[14.482255,40.751226],[14.482248,40.751233],[14.482278,40.751251]]]}},{"type":"Feature","properties":{"level":"property","id":"VI.1.2"},"geometry":{"type":"Polygon","coordinates":[[[14.481588,40.75189],[14.481604,40.751872],[14.481618,40.751883],[14.481652,40.751842],[14.48166,40.751837],[14.481673,40.751821],[14.4817,40.751792],[14.481666,40.751774],[14.48161,40.751734],[14.481523,40.751657],[14.481523,40.751656],[14.481512,40.751663],[14.481475,40.751687],[14.48147,40.75169],[14.481469,40.751689],[14.481468,40.75169],[14.481466,40.751691],[14.481459,40.751696],[14.481446,40.751706],[14.481438,40.751711],[14.481418,40.751723],[14.481403,40.751733],[14.481371,40.751754],[14.481371,40.751754],[14.481426,40.751806],[14.481465,40.751829],[14.481479,40.751837],[14.481588,40.75189]]]}},{"type":"Feature","properties":{"level":"property","id":"VI.1.5","label":"Property VI.1.5"},"geometry":{"type":"Polygon","coordinates":[[[14.481524,40.751655],[14.481523,40.751656],[14.48161,40.751734],[14.481612,40.751735],[14.481612,40.751735],[14.48168,40.751681],[14.481705,40.751662],[14.48168,40.75164],[14.481635,40.751603],[14.481631,40.751596],[14.481596,40.751621],[14.481566,40.751641],[14.481534,40.751663],[14.481524,40.751655]]]}},{"type":"Feature","properties":{"level":"property","id":"VI.1.7","label":"Property VI.1.7"},"geometry":{"type":"Polygon","coordinates":[[[14.481716,40.751547],[14.481716,40.751544],[14.481706,40.75155],[14.481687,40.751561],[14.481682,40.75157],[14.481666,40.751579],[14.481653,40.751581],[14.481631,40.751596],[14.481635,40.751603],[14.48166,40.751623],[14.48168,40.75164],[14.481705,40.751662],[14.48168,40.751681],[14.481612,40.751735],[14.481666,40.751774],[14.4817,40.751793],[14.481673,40.751821],[14.48166,40.751837],[14.481652,40.751842],[14.481618,40.751883],[14.481531,40.751989],[14.481533,40.75199],[14.481629,40.752044],[14.481636,40.752047],[14.481727,40.7521],[14.481725,40.752103],[14.481729,40.752105],[14.481755,40.752071],[14.48176,40.752062],[14.481775,40.752044],[14.481777,40.75204],[14.481811,40.751995],[14.481804,40.751991],[14.481893,40.751872],[14.481901,40.751857],[14.481926,40.751821],[14.481933,40.751811],[14.481982,40.751739],[14.481905,40.751706],[14.481915,40.751693],[14.481838,40.751637],[14.48174,40.751564],[14.481716,40.751547]]]}},{"type":"Feature","properties":{"level":"property","id":"VI.10.10","label":"Property VI.10.10"},"geometry":{"type":"Polygon","coordinates":[[[14.484271,40.750757],[14.484233,40.750742],[14.484219,40.750737],[14.484191,40.750781],[14.484257,40.750804],[14.484281,40.750763],[14.484285,40.750762],[14.484271,40.750757]]]}},{"type":"Feature","properties":{"level":"property","id":"VI.10.11","label":"Property VI.10.11"},"geometry":{"type":"Polygon","coordinates":[[[14.484442,40.751033],[14.484456,40.751007],[14.484458,40.751004],[14.48448,40.75097],[14.484481,40.750967],[14.484499,40.750939],[14.484501,40.750935],[14.484512,40.750918],[14.48443,40.750887],[14.484462,40.750833],[14.48446,40.750831],[14.484445,40.750825],[14.484442,40.750825],[14.484417,40.750869],[14.484356,40.750848],[14.484343,40.750844],[14.484348,40.750837],[14.484283,40.750812],[14.484295,40.750792],[14.484312,40.750798],[14.484325,40.750779],[14.484326,40.750778],[14.484307,40.75077],[14.484285,40.750762],[14.484281,40.750763],[14.484257,40.750804],[14.484191,40.750781],[14.484185,40.75079],[14.484184,40.750792],[14.484168,40.750816],[14.484166,40.750818],[14.484148,40.750848],[14.484146,40.75085],[14.484105,40.750915],[14.484098,40.750924],[14.484019,40.75105],[14.484012,40.75106],[14.483992,40.751092],[14.483971,40.751125],[14.48396,40.751141],[14.483956,40.751147],[14.483954,40.75115],[14.483937,40.751177],[14.483935,40.751179],[14.48393,40.751187],[14.483929,40.751188],[14.483924,40.751196],[14.484059,40.751246],[14.484065,40.751247],[14.484153,40.751287],[14.48426,40.751333],[14.484291,40.751282],[14.484297,40.751266],[14.484301,40.751261],[14.484306,40.751252],[14.484419,40.75107],[14.484438,40.751038],[14.484442,40.751033]]]}},{"type":"Feature","properties":{"level":"property","id":"VI.10.12","label":"Property VI.10.12"},"geometry":{"type":"Polygon","coordinates":[[[14.484374,40.750797],[14.484337,40.750782],[14.484326,40.750778],[14.484312,40.750798],[14.484295,40.750792],[14.484283,40.750812],[14.484348,40.750837],[14.484343,40.750844],[14.484356,40.750848],[14.484385,40.7508],[14.484374,40.750797],[14.484374,40.750797]]]}},{"type":"Feature","properties":{"level":"property","id":"VI.10.13","label":"Property VI.10.13"},"geometry":{"type":"Polygon","coordinates":[[[14.484433,40.75082],[14.484396,40.750804],[14.484385,40.7508],[14.484356,40.750848],[14.484417,40.750869],[14.484442,40.750825],[14.484445,40.750825],[14.484433,40.75082]]]}},{"type":"Feature","properties":{"level":"property","id":"VI.10.15","label":"Property VI.10.15"},"geometry":{"type":"Polygon","coordinates":[[[14.484545,40.750864],[14.484517,40.750854],[14.484475,40.750836],[14.48446,40.750831],[14.484462,40.750833],[14.48443,40.750887],[14.484512,40.750918],[14.484545,40.750864]]]}},{"type":"Feature","properties":{"level":"property","id":"VI.10.2","label":"Property VI.10.2"},"geometry":{"type":"Polygon","coordinates":[[[14.484092,40.751602],[14.484141,40.751519],[14.484107,40.751504],[14.483991,40.751445],[14.483817,40.75137],[14.483801,40.751399],[14.483788,40.751417],[14.483782,40.751428],[14.483769,40.751446],[14.483762,40.751459],[14.484092,40.751602]]]}},{"type":"Feature","properties":{"level":"property","id":"VI.10.3","label":"Property VI.10.3"},"geometry":{"type":"Polygon","coordinates":[[[14.483836,40.751342],[14.483821,40.751363],[14.483817,40.75137],[14.483991,40.751445],[14.484107,40.751504],[14.484141,40.751519],[14.484149,40.751522],[14.484159,40.751504],[14.484163,40.751496],[14.484174,40.751478],[14.484084,40.751445],[14.484006,40.751408],[14.484021,40.751387],[14.483977,40.75137],[14.483979,40.751367],[14.483938,40.751351],[14.483954,40.751325],[14.483941,40.75132],[14.483925,40.751345],[14.48389,40.751331],[14.483855,40.751315],[14.483851,40.751316],[14.483842,40.751332],[14.483836,40.751342]]]}},{"type":"Feature","properties":{"level":"property","id":"VI.10.5","label":"Property VI.10.5"},"geometry":{"type":"Polygon","coordinates":[[[14.483865,40.75129],[14.483856,40.75131],[14.483851,40.751316],[14.483855,40.751315],[14.48389,40.751331],[14.483925,40.751345],[14.483941,40.75132],[14.483868,40.751289],[14.483865,40.75129]]]}},{"type":"Feature","properties":{"level":"property","id":"VI.10.6","label":"Property VI.10.6"},"geometry":{"type":"Polygon","coordinates":[[[14.48426,40.751333],[14.484153,40.751287],[14.484065,40.751247],[14.484059,40.751246],[14.483924,40.751196],[14.483906,40.751224],[14.483904,40.751228],[14.483895,40.751243],[14.483885,40.751258],[14.483865,40.75129],[14.483868,40.751289],[14.483941,40.75132],[14.483954,40.751325],[14.483938,40.751351],[14.483979,40.751367],[14.483977,40.75137],[14.484021,40.751387],[14.484006,40.751408],[14.484084,40.751445],[14.484174,40.751478],[14.484231,40.751383],[14.484237,40.751373],[14.48425,40.751352],[14.484251,40.751349],[14.48426,40.751333]]]}},{"type":"Feature","properties":{"level":"property","id":"VI.11.10","label":"Property VI.11.10"},"geometry":{"type":"Polygon","coordinates":[[[14.48417,40.752248],[14.484447,40.751805],[14.484442,40.751803],[14.484364,40.751767],[14.484343,40.751757],[14.484287,40.751732],[14.484259,40.75172],[14.48425,40.751721],[14.484215,40.751705],[14.484198,40.751698],[14.484114,40.751661],[14.483809,40.752145],[14.483902,40.752182],[14.483883,40.752212],[14.48392,40.752226],[14.483923,40.75222],[14.483959,40.752232],[14.48399,40.752184],[14.484041,40.752203],[14.484053,40.752201],[14.48417,40.752248]]]}},{"type":"Feature","properties":{"level":"property","id":"VI.11.12","label":"Property VI.11.12"},"geometry":{"type":"Polygon","coordinates":[[[14.484104,40.752352],[14.484127,40.752316],[14.484135,40.752305],[14.48417,40.752248],[14.484053,40.752201],[14.484041,40.752203],[14.48399,40.752184],[14.483922,40.752288],[14.483757,40.752228],[14.483756,40.75223],[14.483727,40.752279],[14.483727,40.752279],[14.483715,40.752299],[14.48387,40.752362],[14.483878,40.75235],[14.484061,40.752418],[14.484093,40.752367],[14.484104,40.752352]]]}},{"type":"Feature","properties":{"level":"property","id":"VI.11.14","label":"Property VI.11.14"},"geometry":{"type":"Polygon","coordinates":[[[14.48401,40.7525],[14.48401,40.7525],[14.484017,40.752489],[14.483906,40.75245],[14.4839,40.75246],[14.483841,40.752438],[14.483811,40.752489],[14.483975,40.752555],[14.484,40.752515],[14.48401,40.7525]]]}},{"type":"Feature","properties":{"level":"property","id":"VI.11.19","label":"Property VI.11.19"},"geometry":{"type":"Polygon","coordinates":[[[14.483749,40.752739],[14.483694,40.752718],[14.483591,40.752865],[14.483675,40.752907],[14.483738,40.752938],[14.483741,40.752935],[14.483754,40.752914],[14.483762,40.752902],[14.483767,40.752894],[14.483784,40.752864],[14.483793,40.752851],[14.483799,40.752841],[14.4838,40.752839],[14.483818,40.752809],[14.483821,40.752805],[14.483832,40.752787],[14.483837,40.752779],[14.48384,40.752775],[14.483745,40.752745],[14.483749,40.752739]]]}},{"type":"Feature","properties":{"level":"property","id":"VI.11.3","label":"Property VI.11.3"},"geometry":{"type":"Polygon","coordinates":[[[14.483437,40.75275],[14.48342,40.75278],[14.483591,40.752865],[14.483694,40.752718],[14.483724,40.752675],[14.483528,40.752605],[14.483504,40.752646],[14.48349,40.752663],[14.483472,40.752694],[14.483467,40.752703],[14.483456,40.752722],[14.483451,40.752729],[14.483442,40.752743],[14.483437,40.75275]]]}},{"type":"Feature","properties":{"level":"property","id":"VI.11.4"},"geometry":{"type":"Polygon","coordinates":[[[14.483841,40.752438],[14.483669,40.752374],[14.483615,40.752464],[14.48361,40.752472],[14.483604,40.752485],[14.483584,40.752516],[14.483564,40.752548],[14.483551,40.752566],[14.483528,40.752605],[14.483701,40.752666],[14.483724,40.752675],[14.483694,40.752718],[14.483749,40.752739],[14.483745,40.752745],[14.48384,40.752775],[14.483865,40.752734],[14.483875,40.75272],[14.483922,40.752641],[14.48393,40.752629],[14.483939,40.752614],[14.483941,40.752611],[14.483951,40.752596],[14.483958,40.752582],[14.483975,40.752555],[14.483811,40.752489],[14.483841,40.752438]]]}},{"type":"Feature","properties":{"level":"property","id":"VI.11.6"},"geometry":{"type":"Polygon","coordinates":[[[14.48404,40.752453],[14.484061,40.752418],[14.483878,40.75235],[14.48387,40.752362],[14.483715,40.752299],[14.483698,40.752327],[14.483691,40.752337],[14.483669,40.752374],[14.483841,40.752438],[14.4839,40.75246],[14.483906,40.75245],[14.484017,40.752489],[14.484033,40.752462],[14.48404,40.752453]]]}},{"type":"Feature","properties":{"level":"property","id":"VI.11.8","label":"Property VI.11.8"},"geometry":{"type":"Polygon","coordinates":[[[14.483779,40.752189],[14.483757,40.752228],[14.483922,40.752288],[14.483959,40.752232],[14.483923,40.75222],[14.48392,40.752226],[14.483883,40.752212],[14.483902,40.752182],[14.483809,40.752145],[14.4838,40.752159],[14.483797,40.752164],[14.483786,40.752182],[14.483779,40.752189]]]}},{"type":"Feature","properties":{"level":"property","id":"VI.12.2","label":"Property VI.12.2"},"geometry":{"type":"Polygon","coordinates":[[[14.484821,40.750993],[14.484804,40.750988],[14.484777,40.750974],[14.484763,40.750968],[14.484735,40.751005],[14.484796,40.751028],[14.484817,40.750994],[14.484821,40.750993]]]}},{"type":"Feature","properties":{"level":"property","id":"VI.12.2","label":"Property VI.12.2"},"geometry":{"type":"Polygon","coordinates":[[[14.484924,40.75104],[14.4849,40.751029],[14.484876,40.751018],[14.484844,40.751004],[14.484821,40.750993],[14.484817,40.750994],[14.484796,40.751028],[14.484735,40.751005],[14.484763,40.750968],[14.484758,40.750965],[14.484724,40.750951],[14.484701,40.75094],[14.484676,40.750929],[14.484654,40.750919],[14.48461,40.7509],[14.484592,40.750893],[14.484571,40.750927],[14.484565,40.750936],[14.484127,40.751622],[14.484393,40.751742],[14.484407,40.751748],[14.484466,40.751775],[14.484906,40.751069],[14.484924,40.75104]]]}},{"type":"Feature","properties":{"level":"property","id":"VI.13.10","label":"Property VI.13.10"},"geometry":{"type":"Polygon","coordinates":[[[14.485099,40.751549],[14.485115,40.751523],[14.48491,40.751433],[14.484896,40.751455],[14.484873,40.751447],[14.48484,40.7515],[14.485074,40.751593],[14.48508,40.751583],[14.485087,40.75157],[14.485091,40.751563],[14.485099,40.751549]]]}},{"type":"Feature","properties":{"level":"property","id":"VI.13.13","label":"Property VI.13.13"},"geometry":{"type":"Polygon","coordinates":[[[14.484852,40.751855],[14.484877,40.751815],[14.484926,40.751834],[14.484931,40.751826],[14.484942,40.751808],[14.484951,40.751793],[14.48496,40.751779],[14.484997,40.751716],[14.484646,40.751589],[14.484579,40.751702],[14.484572,40.751714],[14.484558,40.751738],[14.484619,40.75176],[14.484713,40.751795],[14.484719,40.751794],[14.48482,40.75183],[14.484814,40.751842],[14.484852,40.751855]]]}},{"type":"Feature","properties":{"level":"property","id":"VI.13.13","label":"Property VI.13.13"},"geometry":{"type":"Polygon","coordinates":[[[14.484908,40.751865],[14.484918,40.751847],[14.484926,40.751834],[14.484877,40.751815],[14.484852,40.751855],[14.484903,40.751874],[14.484908,40.751865]]]}},{"type":"Feature","properties":{"level":"property","id":"VI.13.17","label":"Property VI.13.17"},"geometry":{"type":"Polygon","coordinates":[[[14.48482,40.75183],[14.484719,40.751794],[14.484713,40.751795],[14.484619,40.75176],[14.484558,40.751738],[14.484554,40.751745],[14.484545,40.751759],[14.484542,40.751764],[14.484515,40.751809],[14.484514,40.751809],[14.484512,40.751812],[14.484851,40.751958],[14.484854,40.751954],[14.484856,40.751951],[14.484903,40.751874],[14.484814,40.751842],[14.48482,40.75183]]]}},{"type":"Feature","properties":{"level":"property","id":"VI.13.19","label":"Property VI.13.19"},"geometry":{"type":"Polygon","coordinates":[[[14.48502,40.75168],[14.48502,40.75168],[14.485034,40.751658],[14.485067,40.751605],[14.485074,40.751593],[14.484727,40.751456],[14.484693,40.751513],[14.484682,40.751528],[14.484646,40.751589],[14.484997,40.751716],[14.485014,40.751689],[14.48502,40.75168]]]}},{"type":"Feature","properties":{"level":"property","id":"VI.13.2","label":"Property VI.13.2"},"geometry":{"type":"Polygon","coordinates":[[[14.48484,40.7515],[14.484873,40.751447],[14.484896,40.751455],[14.48491,40.751433],[14.484944,40.751373],[14.484961,40.751379],[14.484969,40.751369],[14.484989,40.751377],[14.48511,40.751169],[14.485127,40.751139],[14.485108,40.75113],[14.485079,40.751117],[14.485061,40.75111],[14.485039,40.751098],[14.485018,40.751088],[14.484984,40.75107],[14.484965,40.751062],[14.484937,40.751108],[14.484727,40.751456],[14.48484,40.7515]]]}},{"type":"Feature","properties":{"level":"property","id":"VI.13.6","label":"Property VI.13.6"},"geometry":{"type":"Polygon","coordinates":[[[14.485181,40.751165],[14.485145,40.751147],[14.485127,40.751139],[14.48511,40.751169],[14.4851,40.751185],[14.485177,40.751212],[14.485198,40.751176],[14.485201,40.751174],[14.485181,40.751165]]]}},{"type":"Feature","properties":{"level":"property","id":"VI.13.6","label":"Property VI.13.6"},"geometry":{"type":"Polygon","coordinates":[[[14.485183,40.75141],[14.485187,40.751403],[14.485189,40.751399],[14.485146,40.751384],[14.485129,40.751412],[14.485169,40.751427],[14.48517,40.751431],[14.485183,40.75141]]]}},{"type":"Feature","properties":{"level":"property","id":"VI.13.6","label":"Property VI.13.6"},"geometry":{"type":"Polygon","coordinates":[[[14.485221,40.751183],[14.485201,40.751174],[14.485198,40.751176],[14.485177,40.751212],[14.4851,40.751185],[14.484989,40.751377],[14.484969,40.751369],[14.484961,40.751379],[14.484944,40.751373],[14.48491,40.751433],[14.485115,40.751523],[14.485164,40.751442],[14.48517,40.751431],[14.485169,40.751427],[14.485129,40.751412],[14.485146,40.751384],[14.485189,40.751399],[14.48528,40.751249],[14.485201,40.751222],[14.485222,40.751186],[14.485221,40.751183]]]}},{"type":"Feature","properties":{"level":"property","id":"VI.13.7","label":"Property VI.13.7"},"geometry":{"type":"Polygon","coordinates":[[[14.485298,40.751219],[14.485278,40.75121],[14.485238,40.751191],[14.485221,40.751183],[14.485222,40.751186],[14.485201,40.751222],[14.48528,40.751249],[14.485298,40.751219]]]}},{"type":"Feature","properties":{"level":"property","id":"VI.14.1","label":"Property VI.14.1"},"geometry":{"type":"Polygon","coordinates":[[[14.48533,40.751236],[14.48532,40.751251],[14.485312,40.751269],[14.485284,40.751318],[14.485346,40.751344],[14.485401,40.751269],[14.485377,40.751258],[14.485349,40.751245],[14.48533,40.751236]]]}},{"type":"Feature","properties":{"level":"property","id":"VI.14.10","label":"Property VI.14.10"},"geometry":{"type":"Polygon","coordinates":[[[14.485773,40.751441],[14.485735,40.751423],[14.485722,40.751417],[14.485723,40.751419],[14.485698,40.751454],[14.485756,40.751481],[14.485782,40.751445],[14.485773,40.751441]]]}},{"type":"Feature","properties":{"level":"property","id":"VI.14.12","label":"Property VI.14.12"},"geometry":{"type":"Polygon","coordinates":[[[14.485807,40.751457],[14.485789,40.751448],[14.485782,40.751445],[14.48576,40.751476],[14.485794,40.751491],[14.485814,40.751463],[14.485817,40.751462],[14.485807,40.751457]]]}},{"type":"Feature","properties":{"level":"property","id":"VI.14.13","label":"Property VI.14.13"},"geometry":{"type":"Polygon","coordinates":[[[14.485866,40.751484],[14.485846,40.751474],[14.485835,40.75147],[14.485836,40.751473],[14.485815,40.7515],[14.485847,40.751517],[14.485851,40.751518],[14.485874,40.751488],[14.485866,40.751484]]]}},{"type":"Feature","properties":{"level":"property","id":"VI.14.14","label":"Property VI.14.14"},"geometry":{"type":"Polygon","coordinates":[[[14.485913,40.751507],[14.485882,40.751492],[14.485874,40.751488],[14.485851,40.751518],[14.485847,40.751517],[14.485844,40.751521],[14.485888,40.751542],[14.485895,40.751545],[14.485923,40.751511],[14.485913,40.751507],[14.485913,40.751507]]]}},{"type":"Feature","properties":{"level":"property","id":"VI.14.15","label":"Property VI.14.15"},"geometry":{"type":"Polygon","coordinates":[[[14.485982,40.751539],[14.485937,40.751518],[14.485923,40.751511],[14.485895,40.751545],[14.485888,40.751542],[14.485881,40.751551],[14.485903,40.751562],[14.485885,40.751584],[14.485913,40.751598],[14.485932,40.751576],[14.485944,40.751582],[14.485982,40.751541],[14.485982,40.751539]]]}},{"type":"Feature","properties":{"level":"property","id":"VI.14.20","label":"Property VI.14.20"},"geometry":{"type":"Polygon","coordinates":[[[14.485923,40.751751],[14.485969,40.751707],[14.485951,40.751695],[14.485941,40.751689],[14.485946,40.751675],[14.48597,40.751648],[14.485921,40.751621],[14.485918,40.751624],[14.48586,40.751594],[14.485815,40.751647],[14.485798,40.75164],[14.485786,40.751654],[14.485762,40.751683],[14.48558,40.751606],[14.485556,40.75164],[14.485522,40.751627],[14.48551,40.751645],[14.485466,40.751625],[14.485448,40.751648],[14.485415,40.751637],[14.485397,40.751672],[14.485435,40.751685],[14.485412,40.751724],[14.485476,40.751747],[14.485493,40.751718],[14.485823,40.751846],[14.485889,40.751784],[14.485905,40.751768],[14.485923,40.751751]]]}},{"type":"Feature","properties":{"level":"property","id":"VI.14.22","label":"Property VI.14.22"},"geometry":{"type":"Polygon","coordinates":[[[14.485744,40.751816],[14.485493,40.751718],[14.485476,40.751747],[14.485428,40.751827],[14.485542,40.751876],[14.485702,40.751954],[14.485764,40.7519],[14.485774,40.751889],[14.485782,40.751882],[14.485816,40.751854],[14.485823,40.751846],[14.485744,40.751816]]]}},{"type":"Feature","properties":{"level":"property","id":"VI.14.25","label":"Property VI.14.25"},"geometry":{"type":"Polygon","coordinates":[[[14.485657,40.751993],[14.485657,40.751991],[14.48557,40.751951],[14.485606,40.751908],[14.485542,40.751876],[14.485456,40.751839],[14.485426,40.751887],[14.4854,40.751931],[14.48554,40.751992],[14.485561,40.751968],[14.485642,40.752006],[14.485643,40.752008],[14.485646,40.752005],[14.485657,40.751993]]]}},{"type":"Feature","properties":{"level":"property","id":"VI.14.25","label":"Property VI.14.25"},"geometry":{"type":"Polygon","coordinates":[[[14.48569,40.751966],[14.48569,40.751966],[14.485702,40.751954],[14.485606,40.751908],[14.48557,40.751951],[14.485657,40.751991],[14.485657,40.751993],[14.485672,40.75198],[14.48569,40.751966]]]}},{"type":"Feature","properties":{"level":"property","id":"VI.14.26","label":"Property VI.14.26"},"geometry":{"type":"Polygon","coordinates":[[[14.485643,40.752008],[14.485642,40.752006],[14.485561,40.751968],[14.48554,40.751992],[14.485616,40.752026],[14.48562,40.752026],[14.485643,40.752008]]]}},{"type":"Feature","properties":{"level":"property","id":"VI.14.27","label":"Property VI.14.27"},"geometry":{"type":"Polygon","coordinates":[[[14.485618,40.752029],[14.485618,40.752029],[14.48562,40.752026],[14.485616,40.752026],[14.48554,40.751992],[14.4854,40.751931],[14.485392,40.751943],[14.485373,40.751937],[14.485349,40.751979],[14.485441,40.75201],[14.485412,40.752053],[14.485471,40.752075],[14.485502,40.752029],[14.485554,40.752051],[14.485567,40.752025],[14.485601,40.752041],[14.485606,40.752041],[14.485618,40.752029]]]}},{"type":"Feature","properties":{"level":"property","id":"VI.14.3","label":"Property VI.14.3"},"geometry":{"type":"Polygon","coordinates":[[[14.485466,40.751299],[14.485447,40.751292],[14.485438,40.751287],[14.485397,40.751354],[14.485427,40.751367],[14.485475,40.751304],[14.485466,40.751299]]]}},{"type":"Feature","properties":{"level":"property","id":"VI.14.30","label":"Property VI.14.30"},"geometry":{"type":"Polygon","coordinates":[[[14.485472,40.752097],[14.485483,40.75208],[14.485522,40.752094],[14.485523,40.752097],[14.48554,40.752103],[14.485549,40.752093],[14.485575,40.752069],[14.485606,40.752041],[14.485601,40.752041],[14.485567,40.752026],[14.485554,40.752051],[14.485502,40.752029],[14.485471,40.752075],[14.485412,40.752053],[14.485441,40.75201],[14.485349,40.751979],[14.485344,40.751987],[14.485289,40.751965],[14.485254,40.752042],[14.485218,40.752034],[14.485185,40.752101],[14.48524,40.752126],[14.485259,40.752133],[14.485357,40.752172],[14.485422,40.752197],[14.485435,40.752186],[14.485456,40.752167],[14.485479,40.752146],[14.485499,40.752128],[14.485511,40.752114],[14.48551,40.752112],[14.485472,40.752097]]]}},{"type":"Feature","properties":{"level":"property","id":"VI.14.30","label":"Property VI.14.30"},"geometry":{"type":"Polygon","coordinates":[[[14.485523,40.752097],[14.485522,40.752094],[14.485483,40.75208],[14.485472,40.752097],[14.48551,40.752112],[14.485511,40.752114],[14.485517,40.752105],[14.485518,40.752103],[14.485523,40.752097]]]}},{"type":"Feature","properties":{"level":"property","id":"VI.14.34","label":"Property VI.14.34"},"geometry":{"type":"Polygon","coordinates":[[[14.485168,40.752094],[14.485168,40.752094],[14.485185,40.752101],[14.485218,40.752034],[14.48522,40.752027],[14.485214,40.752025],[14.485254,40.751951],[14.485095,40.751887],[14.485003,40.752019],[14.484999,40.752021],[14.485042,40.75204],[14.485056,40.752044],[14.48516,40.75209],[14.485168,40.752094]]]}},{"type":"Feature","properties":{"level":"property","id":"VI.14.36","label":"Property VI.14.36"},"geometry":{"type":"Polygon","coordinates":[[[14.484923,40.75194],[14.484906,40.751965],[14.484899,40.751976],[14.484922,40.751985],[14.484934,40.75199],[14.485002,40.752017],[14.484999,40.752021],[14.485003,40.752019],[14.485037,40.75197],[14.484979,40.751947],[14.484976,40.751952],[14.484928,40.751933],[14.484923,40.75194]]]}},{"type":"Feature","properties":{"level":"property","id":"VI.14.37","label":"Property VI.14.37"},"geometry":{"type":"Polygon","coordinates":[[[14.484962,40.751877],[14.484955,40.75189],[14.484928,40.751933],[14.484976,40.751952],[14.484979,40.751947],[14.485037,40.75197],[14.485095,40.751887],[14.484983,40.751842],[14.484973,40.751858],[14.48497,40.751864],[14.484962,40.751877]]]}},{"type":"Feature","properties":{"level":"property","id":"VI.14.38","label":"Property VI.14.38"},"geometry":{"type":"Polygon","coordinates":[[[14.485025,40.751775],[14.485017,40.751786],[14.484983,40.751842],[14.485254,40.751951],[14.485214,40.752025],[14.48522,40.752027],[14.485218,40.752034],[14.485254,40.752042],[14.485289,40.751965],[14.485344,40.751987],[14.485373,40.751937],[14.485392,40.751943],[14.485426,40.751887],[14.485384,40.751868],[14.485044,40.751743],[14.485025,40.751775],[14.485025,40.751775]]]}},{"type":"Feature","properties":{"level":"property","id":"VI.14.39","label":"Property VI.14.39"},"geometry":{"type":"Polygon","coordinates":[[[14.485069,40.751704],[14.485058,40.75172],[14.485044,40.751743],[14.485384,40.751868],[14.485426,40.751887],[14.485456,40.751839],[14.485428,40.751827],[14.485421,40.751838],[14.485274,40.75178],[14.485288,40.75176],[14.485084,40.751679],[14.485069,40.751704]]]}},{"type":"Feature","properties":{"level":"property","id":"VI.14.4","label":"Property VI.14.4"},"geometry":{"type":"Polygon","coordinates":[[[14.485521,40.751327],[14.485505,40.751318],[14.485486,40.751309],[14.485475,40.751304],[14.485446,40.751342],[14.485492,40.751361],[14.485518,40.751328],[14.485521,40.751327]]]}},{"type":"Feature","properties":{"level":"property","id":"VI.14.40","label":"Property VI.14.40"},"geometry":{"type":"Polygon","coordinates":[[[14.485106,40.751642],[14.4851,40.751651],[14.485084,40.751679],[14.485288,40.75176],[14.485274,40.75178],[14.485421,40.751838],[14.485428,40.751827],[14.485476,40.751747],[14.485412,40.751724],[14.485435,40.751685],[14.485397,40.751672],[14.4853,40.751637],[14.485297,40.751641],[14.485275,40.751672],[14.485127,40.751613],[14.485125,40.75161],[14.485106,40.751642]]]}},{"type":"Feature","properties":{"level":"property","id":"VI.14.42"},"geometry":{"type":"MultiPolygon","coordinates":[[[[14.485985,40.751633],[14.48602,40.751594],[14.486032,40.751581],[14.486043,40.751568],[14.486028,40.751562],[14.485995,40.751545],[14.485982,40.751539],[14.485982,40.751541],[14.485944,40.751582],[14.485932,40.751576],[14.485913,40.751598],[14.485985,40.751633]]],[[[14.485297,40.751641],[14.4853,40.751637],[14.485397,40.751672],[14.485415,40.751637],[14.485438,40.751593],[14.485343,40.751546],[14.485342,40.751543],[14.485199,40.751485],[14.485182,40.751516],[14.485173,40.751529],[14.48514,40.751586],[14.485136,40.751591],[14.485125,40.75161],[14.485127,40.751613],[14.485275,40.751672],[14.485297,40.751641]]],[[[14.485985,40.751633],[14.485885,40.751584],[14.485903,40.751562],[14.485881,40.751551],[14.485888,40.751542],[14.485844,40.751521],[14.485847,40.751517],[14.485815,40.7515],[14.485836,40.751473],[14.485835,40.75147],[14.485817,40.751462],[14.485814,40.751463],[14.485794,40.751491],[14.48576,40.751476],[14.485756,40.751481],[14.485698,40.751454],[14.485675,40.751487],[14.485647,40.751474],[14.485577,40.751577],[14.485594,40.751585],[14.48558,40.751606],[14.485762,40.751683],[14.485798,40.75164],[14.485815,40.751647],[14.48586,40.751594],[14.485918,40.751624],[14.485921,40.751621],[14.48597,40.751648],[14.485985,40.751633]]]]}},{"type":"Feature","properties":{"level":"property","id":"VI.14.43","label":"Property VI.14.43"},"geometry":{"type":"Polygon","coordinates":[[[14.485577,40.751577],[14.485647,40.751474],[14.485542,40.751426],[14.485499,40.751487],[14.485406,40.751443],[14.485418,40.751426],[14.485391,40.751415],[14.485427,40.751367],[14.485397,40.751354],[14.485438,40.751287],[14.485431,40.751284],[14.485408,40.751272],[14.485401,40.751269],[14.485346,40.751344],[14.485284,40.751318],[14.485246,40.751383],[14.485255,40.751386],[14.485232,40.751424],[14.485226,40.751436],[14.485199,40.751485],[14.485342,40.751543],[14.485343,40.751546],[14.485438,40.751593],[14.485415,40.751637],[14.485448,40.751648],[14.485466,40.751625],[14.48551,40.751645],[14.485522,40.751627],[14.485556,40.75164],[14.485594,40.751585],[14.485577,40.751577]]]}},{"type":"Feature","properties":{"level":"property","id":"VI.14.5","label":"Property VI.14.5"},"geometry":{"type":"Polygon","coordinates":[[[14.485542,40.751336],[14.485521,40.751327],[14.485518,40.751328],[14.485492,40.751361],[14.485446,40.751342],[14.485427,40.751367],[14.485391,40.751415],[14.485418,40.751426],[14.485406,40.751443],[14.485499,40.751487],[14.485542,40.751426],[14.485586,40.751446],[14.485607,40.751412],[14.485516,40.751373],[14.485542,40.751338],[14.485542,40.751336]]]}},{"type":"Feature","properties":{"level":"property","id":"VI.14.6","label":"Property VI.14.6"},"geometry":{"type":"Polygon","coordinates":[[[14.485576,40.751351],[14.485553,40.751341],[14.485542,40.751336],[14.485542,40.751338],[14.485516,40.751373],[14.48556,40.751392],[14.485585,40.751355],[14.485576,40.751351]]]}},{"type":"Feature","properties":{"level":"property","id":"VI.14.7","label":"Property VI.14.7"},"geometry":{"type":"Polygon","coordinates":[[[14.485619,40.75137],[14.485595,40.751359],[14.485585,40.751355],[14.48556,40.751392],[14.485607,40.751412],[14.485631,40.751375],[14.485619,40.75137]]]}},{"type":"Feature","properties":{"level":"property","id":"VI.14.8","label":"Property VI.14.8"},"geometry":{"type":"Polygon","coordinates":[[[14.485679,40.751396],[14.48564,40.751379],[14.485631,40.751375],[14.485607,40.751412],[14.485586,40.751446],[14.485647,40.751474],[14.485675,40.751487],[14.485723,40.751419],[14.485722,40.751417],[14.485698,40.751406],[14.485679,40.751396],[14.485679,40.751396]]]}},{"type":"Feature","properties":{"level":"property","id":"VI.15.1","label":"Property VI.15.1 (House of the Vettii)"},"geometry":{"type":"Polygon","coordinates":[[[14.484839,40.751978],[14.484794,40.751958],[14.484772,40.751947],[14.4845,40.751828],[14.484303,40.752139],[14.484467,40.752201],[14.484478,40.752185],[14.484549,40.752212],[14.484566,40.752188],[14.484679,40.752231],[14.484755,40.752111],[14.484767,40.752092],[14.484839,40.751978]]]}},{"type":"Feature","properties":{"level":"property","id":"VI.15.12","label":"Property VI.15.12"},"geometry":{"type":"Polygon","coordinates":[[[14.484304,40.752814],[14.484314,40.752799],[14.484268,40.752777],[14.484228,40.752758],[14.484211,40.752785],[14.484187,40.752776],[14.484177,40.752791],[14.48417,40.752788],[14.484162,40.752799],[14.484108,40.752776],[14.48409,40.752798],[14.484075,40.752816],[14.484251,40.7529],[14.484266,40.752875],[14.484272,40.752867],[14.484289,40.752839],[14.484293,40.752834],[14.484304,40.752814]]]}},{"type":"Feature","properties":{"level":"property","id":"VI.15.14","label":"Property VI.15.14"},"geometry":{"type":"Polygon","coordinates":[[[14.484075,40.752816],[14.48406,40.752809],[14.48404,40.752832],[14.484007,40.75287],[14.483974,40.752908],[14.484077,40.752959],[14.484183,40.753012],[14.484186,40.753007],[14.484202,40.752978],[14.484211,40.752967],[14.484216,40.752956],[14.484224,40.752945],[14.484236,40.752925],[14.484251,40.7529],[14.484113,40.752834],[14.484075,40.752816]]]}},{"type":"Feature","properties":{"level":"property","id":"VI.15.16"},"geometry":{"type":"Polygon","coordinates":[[[14.484077,40.752959],[14.483974,40.752908],[14.483882,40.753014],[14.483913,40.753031],[14.483963,40.753054],[14.484094,40.753121],[14.484093,40.753124],[14.484111,40.753134],[14.484115,40.753127],[14.484123,40.753111],[14.484136,40.753087],[14.484142,40.753079],[14.484145,40.75307],[14.484154,40.753059],[14.48417,40.753033],[14.484183,40.753012],[14.484077,40.752959]]]}},{"type":"Feature","properties":{"level":"property","id":"VI.15.2","label":"Property VI.15.2"},"geometry":{"type":"Polygon","coordinates":[[[14.484274,40.752185],[14.484265,40.752198],[14.484267,40.7522],[14.484369,40.752239],[14.484349,40.752272],[14.484408,40.752294],[14.484402,40.752303],[14.48447,40.752329],[14.484491,40.752299],[14.484511,40.752306],[14.484537,40.752267],[14.484632,40.752303],[14.484635,40.752299],[14.484643,40.752287],[14.484679,40.752231],[14.484566,40.752188],[14.484549,40.752212],[14.484478,40.752185],[14.484467,40.752201],[14.484303,40.752139],[14.484274,40.752185]]]}},{"type":"Feature","properties":{"level":"property","id":"VI.15.20","label":"Property VI.15.20"},"geometry":{"type":"Polygon","coordinates":[[[14.484007,40.75287],[14.483883,40.752806],[14.483858,40.752845],[14.483852,40.752855],[14.483834,40.752885],[14.483825,40.752899],[14.483819,40.752907],[14.483818,40.75291],[14.483787,40.752958],[14.483784,40.752961],[14.483852,40.752999],[14.483882,40.753014],[14.483974,40.752908],[14.484007,40.75287]]]}},{"type":"Feature","properties":{"level":"property","id":"VI.15.21","label":"Property VI.15.21"},"geometry":{"type":"Polygon","coordinates":[[[14.4839,40.75278],[14.483883,40.752806],[14.484007,40.75287],[14.48404,40.752832],[14.48391,40.752769],[14.483906,40.75277],[14.4839,40.75278]]]}},{"type":"Feature","properties":{"level":"property","id":"VI.15.22","label":"Property VI.15.22"},"geometry":{"type":"Polygon","coordinates":[[[14.483938,40.752717],[14.483934,40.752726],[14.483906,40.75277],[14.48391,40.752769],[14.48404,40.752832],[14.48406,40.752809],[14.484075,40.752816],[14.48409,40.752798],[14.484053,40.752781],[14.484066,40.75276],[14.484036,40.752748],[14.484051,40.752725],[14.484022,40.752713],[14.484006,40.752736],[14.483976,40.752724],[14.483991,40.7527],[14.483957,40.752686],[14.483949,40.752698],[14.483948,40.752702],[14.483938,40.752717],[14.483938,40.752717]]]}},{"type":"Feature","properties":{"level":"property","id":"VI.15.23","label":"Property VI.15.23"},"geometry":{"type":"Polygon","coordinates":[[[14.483995,40.752627],[14.483986,40.75264],[14.483957,40.752686],[14.483991,40.752701],[14.483976,40.752724],[14.484006,40.752736],[14.484022,40.752713],[14.484051,40.752725],[14.484036,40.752748],[14.484066,40.75276],[14.484053,40.752781],[14.48409,40.752798],[14.484108,40.752776],[14.484162,40.752799],[14.48417,40.752788],[14.484177,40.752791],[14.484187,40.752776],[14.484211,40.752785],[14.484228,40.752758],[14.484248,40.752726],[14.484167,40.752695],[14.484211,40.752632],[14.484235,40.752596],[14.484168,40.752569],[14.484059,40.752525],[14.483995,40.752627]]]}},{"type":"Feature","properties":{"level":"property","id":"VI.15.3","label":"Property VI.15.3"},"geometry":{"type":"Polygon","coordinates":[[[14.484626,40.752312],[14.484632,40.752303],[14.484537,40.752267],[14.484511,40.752306],[14.484491,40.752299],[14.48447,40.752329],[14.484585,40.752373],[14.484587,40.752371],[14.484586,40.752371],[14.484616,40.752327],[14.484626,40.752312]]]}},{"type":"Feature","properties":{"level":"property","id":"VI.15.5","label":"Property VI.15.5"},"geometry":{"type":"Polygon","coordinates":[[[14.484092,40.752474],[14.484085,40.752484],[14.484059,40.752525],[14.484168,40.752569],[14.484202,40.752519],[14.484201,40.752516],[14.484243,40.752452],[14.484137,40.752402],[14.484092,40.752474]]]}},{"type":"Feature","properties":{"level":"property","id":"VI.15.5","label":"Property VI.15.5"},"geometry":{"type":"Polygon","coordinates":[[[14.48455,40.752428],[14.484584,40.752374],[14.484584,40.752375],[14.484585,40.752373],[14.48447,40.752329],[14.484402,40.752303],[14.484408,40.752294],[14.484349,40.752272],[14.484369,40.752239],[14.484267,40.7522],[14.484265,40.752198],[14.484263,40.752201],[14.484264,40.752201],[14.484137,40.752402],[14.484243,40.752452],[14.484283,40.752392],[14.484343,40.752417],[14.484337,40.752426],[14.484505,40.752497],[14.484542,40.752441],[14.48455,40.752428]]]}},{"type":"Feature","properties":{"level":"property","id":"VI.15.6","label":"Property VI.15.6"},"geometry":{"type":"Polygon","coordinates":[[[14.484485,40.752527],[14.484505,40.752497],[14.484337,40.752426],[14.484343,40.752417],[14.484283,40.752392],[14.484243,40.752452],[14.484201,40.752516],[14.484202,40.752519],[14.484168,40.752569],[14.484235,40.752596],[14.484304,40.752498],[14.48446,40.752565],[14.484479,40.752535],[14.484485,40.752527]]]}},{"type":"Feature","properties":{"level":"property","id":"VI.15.8","label":"Property VI.15.8"},"geometry":{"type":"Polygon","coordinates":[[[14.48442,40.752628],[14.48442,40.752628],[14.48446,40.752565],[14.484304,40.752498],[14.484235,40.752596],[14.484211,40.752632],[14.484377,40.752699],[14.484391,40.752676],[14.484399,40.752663],[14.484416,40.752636],[14.48442,40.752628]]]}},{"type":"Feature","properties":{"level":"property","id":"VI.15.9"},"geometry":{"type":"Polygon","coordinates":[[[14.484337,40.752762],[14.484336,40.752759],[14.484291,40.752741],[14.484268,40.752777],[14.484314,40.752799],[14.48432,40.752789],[14.484337,40.752762]]]}},{"type":"Feature","properties":{"level":"property","id":"VI.15.9"},"geometry":{"type":"Polygon","coordinates":[[[14.484364,40.752719],[14.484377,40.752699],[14.484211,40.752632],[14.484167,40.752695],[14.484248,40.752726],[14.484228,40.752758],[14.484268,40.752777],[14.484291,40.752741],[14.484336,40.752759],[14.484337,40.752762],[14.484355,40.752733],[14.484364,40.752719]]]}},{"type":"Feature","properties":{"level":"property","id":"VI.16.10","label":"Property VI.16.10"},"geometry":{"type":"Polygon","coordinates":[[[14.484728,40.752255],[14.48472,40.752267],[14.48471,40.752283],[14.484705,40.752291],[14.484707,40.752294],[14.484868,40.752351],[14.484827,40.752418],[14.484871,40.752441],[14.484918,40.752464],[14.484956,40.752418],[14.485047,40.752458],[14.485094,40.752397],[14.484966,40.752339],[14.484962,40.752343],[14.484933,40.75233],[14.484948,40.752311],[14.484912,40.752296],[14.484901,40.752309],[14.484736,40.752243],[14.484728,40.752255]]]}},{"type":"Feature","properties":{"level":"property","id":"VI.16.10","label":"Property VI.16.10"},"geometry":{"type":"Polygon","coordinates":[[[14.485076,40.752483],[14.485083,40.752476],[14.485047,40.752458],[14.484956,40.752418],[14.484918,40.752464],[14.485023,40.752527],[14.485057,40.752498],[14.485076,40.752483]]]}},{"type":"Feature","properties":{"level":"property","id":"VI.16.11","label":"Property VI.16.11"},"geometry":{"type":"Polygon","coordinates":[[[14.485019,40.752531],[14.485023,40.752527],[14.484918,40.752464],[14.484871,40.752441],[14.484844,40.752474],[14.484857,40.752481],[14.484848,40.752494],[14.484984,40.752561],[14.484992,40.752553],[14.485019,40.752531]]]}},{"type":"Feature","properties":{"level":"property","id":"VI.16.12","label":"Property VI.16.12"},"geometry":{"type":"Polygon","coordinates":[[[14.484975,40.752569],[14.484984,40.752561],[14.484848,40.752494],[14.484857,40.752481],[14.484844,40.752474],[14.484801,40.752453],[14.484779,40.752481],[14.484835,40.752507],[14.484821,40.752525],[14.484954,40.752588],[14.48496,40.752582],[14.484975,40.752569]]]}},{"type":"Feature","properties":{"level":"property","id":"VI.16.13","label":"Property VI.16.13"},"geometry":{"type":"Polygon","coordinates":[[[14.484945,40.752595],[14.484945,40.752595],[14.484954,40.752588],[14.484862,40.752544],[14.484812,40.752595],[14.484889,40.752643],[14.484893,40.752643],[14.484945,40.752595]]]}},{"type":"Feature","properties":{"level":"property","id":"VI.16.15","label":"Property VI.16.15"},"geometry":{"type":"Polygon","coordinates":[[[14.483308,40.749145],[14.483308,40.749145],[14.483318,40.749133],[14.483337,40.749109],[14.48338,40.749059],[14.483177,40.748945],[14.482894,40.748825],[14.482661,40.749028],[14.482991,40.749197],[14.483171,40.749303],[14.483205,40.749285],[14.483205,40.749284],[14.483209,40.749282],[14.483205,40.749278],[14.483201,40.749275],[14.483199,40.749266],[14.483203,40.749261],[14.483206,40.749258],[14.483302,40.749153],[14.483308,40.749145]]]}},{"type":"Feature","properties":{"level":"property","id":"VI.16.15","label":"Property VI.16.15"},"geometry":{"type":"Polygon","coordinates":[[[14.48485,40.752681],[14.484893,40.752643],[14.484889,40.752643],[14.484812,40.752595],[14.484757,40.752561],[14.484716,40.752607],[14.484746,40.752621],[14.484708,40.752658],[14.484676,40.752702],[14.484766,40.75275],[14.484774,40.752744],[14.484788,40.752732],[14.48481,40.752714],[14.484821,40.752705],[14.484837,40.752692],[14.48485,40.752681]]]}},{"type":"Feature","properties":{"level":"property","id":"VI.16.18","label":"Property VI.16.18"},"geometry":{"type":"Polygon","coordinates":[[[14.484745,40.752767],[14.484745,40.752767],[14.484766,40.75275],[14.484676,40.752702],[14.484617,40.752787],[14.484683,40.752816],[14.484734,40.752775],[14.484745,40.752767]]]}},{"type":"Feature","properties":{"level":"property","id":"VI.16.2","label":"Property VI.16.2"},"geometry":{"type":"Polygon","coordinates":[[[14.485159,40.752127],[14.485126,40.752112],[14.485081,40.752092],[14.485062,40.752082],[14.485014,40.752061],[14.484993,40.752088],[14.485029,40.752106],[14.485012,40.75213],[14.48513,40.752181],[14.485168,40.752131],[14.485159,40.752127],[14.485159,40.752127]]]}},{"type":"Feature","properties":{"level":"property","id":"VI.16.22","label":"Property VI.16.22"},"geometry":{"type":"Polygon","coordinates":[[[14.484406,40.753037],[14.484416,40.75303],[14.484415,40.753027],[14.484391,40.753017],[14.484352,40.753002],[14.484326,40.752991],[14.484315,40.753004],[14.484265,40.752988],[14.484243,40.753027],[14.484238,40.753035],[14.484228,40.753053],[14.484243,40.753059],[14.484256,40.753065],[14.484294,40.753081],[14.484317,40.753092],[14.484328,40.753097],[14.484339,40.753088],[14.48435,40.75308],[14.484406,40.753037]]]}},{"type":"Feature","properties":{"level":"property","id":"VI.16.25","label":"Property VI.16.25"},"geometry":{"type":"Polygon","coordinates":[[[14.484278,40.752964],[14.484268,40.752982],[14.484265,40.752988],[14.484315,40.753004],[14.484326,40.752991],[14.484352,40.753002],[14.484366,40.752978],[14.484287,40.752949],[14.484278,40.752964],[14.484278,40.752964]]]}},{"type":"Feature","properties":{"level":"property","id":"VI.16.26","label":"Property VI.16.26"},"geometry":{"type":"Polygon","coordinates":[[[14.484526,40.752942],[14.484571,40.752906],[14.484683,40.752816],[14.484683,40.752816],[14.484617,40.752787],[14.484445,40.752711],[14.484381,40.752796],[14.484377,40.752802],[14.48436,40.752829],[14.48434,40.752859],[14.484322,40.752887],[14.484319,40.752894],[14.484287,40.752949],[14.484366,40.752978],[14.484352,40.753002],[14.484391,40.753017],[14.484415,40.753027],[14.484416,40.75303],[14.484423,40.753024],[14.484446,40.753006],[14.484466,40.752991],[14.484526,40.752942]]]}},{"type":"Feature","properties":{"level":"property","id":"VI.16.28","label":"Property VI.16.28"},"geometry":{"type":"Polygon","coordinates":[[[14.484476,40.752676],[14.484463,40.752687],[14.484445,40.752711],[14.484617,40.752787],[14.484676,40.752702],[14.484623,40.752673],[14.484606,40.752694],[14.484492,40.752646],[14.484488,40.752647],[14.484494,40.75265],[14.484476,40.752676]]]}},{"type":"Feature","properties":{"level":"property","id":"VI.16.29","label":"Property VI.16.29"},"geometry":{"type":"Polygon","coordinates":[[[14.484551,40.752538],[14.484534,40.75257],[14.484529,40.752579],[14.484488,40.752647],[14.484492,40.752647],[14.484606,40.752694],[14.484623,40.752673],[14.484676,40.752702],[14.484708,40.752658],[14.484746,40.752621],[14.484716,40.752607],[14.484757,40.752561],[14.484734,40.752547],[14.484722,40.752558],[14.484623,40.752512],[14.484601,40.752545],[14.484563,40.752527],[14.484559,40.752528],[14.484551,40.752538]]]}},{"type":"Feature","properties":{"level":"property","id":"VI.16.3","label":"Property VI.16.3"},"geometry":{"type":"Polygon","coordinates":[[[14.485371,40.75222],[14.485267,40.752176],[14.485247,40.752166],[14.485168,40.752131],[14.48513,40.752181],[14.485165,40.752196],[14.485139,40.752234],[14.485251,40.752275],[14.485267,40.752282],[14.48529,40.752292],[14.485338,40.752255],[14.485371,40.75222]]]}},{"type":"Feature","properties":{"level":"property","id":"VI.16.31","label":"Property VI.16.31"},"geometry":{"type":"Polygon","coordinates":[[[14.484594,40.75247],[14.484588,40.75248],[14.484573,40.752503],[14.48457,40.752509],[14.484559,40.752528],[14.484563,40.752527],[14.484601,40.752545],[14.484623,40.752512],[14.484722,40.752558],[14.484734,40.752547],[14.484812,40.752595],[14.484862,40.752544],[14.484821,40.752525],[14.484835,40.752507],[14.484779,40.752481],[14.484768,40.752494],[14.484711,40.752473],[14.484691,40.752504],[14.484635,40.752483],[14.484653,40.752452],[14.484614,40.752437],[14.484594,40.75247]]]}},{"type":"Feature","properties":{"level":"property","id":"VI.16.32","label":"Property VI.16.32"},"geometry":{"type":"Polygon","coordinates":[[[14.484691,40.752504],[14.484711,40.752473],[14.484768,40.752494],[14.484779,40.752481],[14.484801,40.752453],[14.48482,40.752429],[14.484762,40.752403],[14.484756,40.752402],[14.484712,40.752385],[14.484701,40.752381],[14.484661,40.752367],[14.484659,40.752363],[14.484653,40.752372],[14.484645,40.752385],[14.48464,40.752394],[14.484632,40.752406],[14.484614,40.752437],[14.484653,40.752452],[14.484635,40.752483],[14.484691,40.752504]]]}},{"type":"Feature","properties":{"level":"property","id":"VI.16.34","label":"Property VI.16.34"},"geometry":{"type":"Polygon","coordinates":[[[14.484676,40.752337],[14.484659,40.752363],[14.484661,40.752367],[14.484712,40.752385],[14.484732,40.752355],[14.484679,40.752336],[14.484678,40.752334],[14.484676,40.752337]]]}},{"type":"Feature","properties":{"level":"property","id":"VI.16.35","label":"Property VI.16.35"},"geometry":{"type":"Polygon","coordinates":[[[14.484684,40.752327],[14.484678,40.752334],[14.484679,40.752336],[14.484732,40.752355],[14.484712,40.752385],[14.484756,40.752402],[14.484762,40.752403],[14.48482,40.752429],[14.484801,40.752453],[14.484844,40.752474],[14.484871,40.752441],[14.484827,40.752418],[14.48486,40.752364],[14.484868,40.752351],[14.484707,40.752294],[14.484705,40.752291],[14.484684,40.752327]]]}},{"type":"Feature","properties":{"level":"property","id":"VI.16.40","label":"Property VI.16.40"},"geometry":{"type":"Polygon","coordinates":[[[14.484883,40.752003],[14.484875,40.752016],[14.484855,40.75205],[14.484842,40.752072],[14.484966,40.752124],[14.485014,40.752061],[14.484883,40.752003]]]}},{"type":"Feature","properties":{"level":"property","id":"VI.16.5","label":"Property VI.16.5"},"geometry":{"type":"Polygon","coordinates":[[[14.485239,40.7523],[14.485245,40.752291],[14.485253,40.752276],[14.485251,40.752275],[14.485139,40.752234],[14.485119,40.752263],[14.485231,40.752312],[14.485239,40.7523]]]}},{"type":"Feature","properties":{"level":"property","id":"VI.16.6","label":"Property VI.16.6"},"geometry":{"type":"Polygon","coordinates":[[[14.485223,40.752325],[14.485223,40.752325],[14.485231,40.752312],[14.485119,40.752263],[14.485109,40.752275],[14.485171,40.752302],[14.485145,40.752338],[14.485197,40.752361],[14.485211,40.752343],[14.485223,40.752325]]]}},{"type":"Feature","properties":{"level":"property","id":"VI.16.7","label":"Property VI.16.7"},"geometry":{"type":"Polygon","coordinates":[[[14.485179,40.752386],[14.485197,40.752361],[14.485145,40.752338],[14.485171,40.752302],[14.485109,40.752275],[14.485119,40.752263],[14.485139,40.752234],[14.485165,40.752196],[14.48513,40.752181],[14.485012,40.75213],[14.485029,40.752106],[14.484993,40.752088],[14.484966,40.752124],[14.484842,40.752072],[14.484759,40.752207],[14.48475,40.752222],[14.484736,40.752243],[14.484901,40.752309],[14.484912,40.752296],[14.484948,40.752311],[14.484933,40.75233],[14.484962,40.752343],[14.484966,40.752339],[14.485146,40.752421],[14.485165,40.7524],[14.485179,40.752386]]]}},{"type":"Feature","properties":{"level":"property","id":"VI.16.8","label":"Property VI.16.8"},"geometry":{"type":"Polygon","coordinates":[[[14.48512,40.752444],[14.485146,40.752421],[14.485094,40.752397],[14.485047,40.752458],[14.485083,40.752476],[14.485089,40.752471],[14.485099,40.752463],[14.485108,40.752455],[14.48512,40.752444]]]}},{"type":"Feature","properties":{"level":"property","id":"VI.17.1","label":"Property VI.17.1"},"geometry":{"type":"Polygon","coordinates":[[[14.481078,40.751737],[14.48127,40.751672],[14.481277,40.751673],[14.48128,40.751672],[14.481309,40.751671],[14.481368,40.751649],[14.481406,40.751635],[14.481421,40.75163],[14.481428,40.751627],[14.481453,40.751619],[14.481461,40.751614],[14.48149,40.7516],[14.481506,40.751592],[14.481542,40.751574],[14.481557,40.751566],[14.481553,40.751566],[14.481451,40.751484],[14.481492,40.75145],[14.481407,40.751386],[14.481406,40.751383],[14.481274,40.751493],[14.481274,40.751493],[14.481105,40.751634],[14.481083,40.751651],[14.481049,40.751682],[14.481075,40.751731],[14.481077,40.751734],[14.481078,40.751737]]]}},{"type":"Feature","properties":{"level":"property","id":"VI.17.10","label":"Property VI.17.10"},"geometry":{"type":"Polygon","coordinates":[[[14.48179,40.751437],[14.481811,40.751427],[14.481852,40.751405],[14.48187,40.751395],[14.48187,40.751392],[14.481757,40.751292],[14.481583,40.751171],[14.481583,40.751167],[14.481562,40.751153],[14.481439,40.751255],[14.481505,40.751301],[14.481408,40.751385],[14.481406,40.751383],[14.481407,40.751386],[14.481492,40.75145],[14.481531,40.751479],[14.481559,40.751458],[14.481566,40.751461],[14.481577,40.751451],[14.4816,40.751468],[14.481606,40.751472],[14.481649,40.751441],[14.481704,40.751484],[14.48179,40.751437]]]}},{"type":"Feature","properties":{"level":"property","id":"VI.17.13","label":"Property VI.17.13"},"geometry":{"type":"Polygon","coordinates":[[[14.481912,40.751367],[14.481936,40.751352],[14.48196,40.751338],[14.481989,40.75132],[14.481898,40.751239],[14.481824,40.751174],[14.481729,40.751111],[14.481729,40.751108],[14.481686,40.75108],[14.481583,40.751167],[14.481583,40.751171],[14.481757,40.751292],[14.48187,40.751392],[14.48187,40.751395],[14.481912,40.751367]]]}},{"type":"Feature","properties":{"level":"property","id":"VI.17.17","label":"Property VI.17.17"},"geometry":{"type":"Polygon","coordinates":[[[14.482058,40.751273],[14.482113,40.751235],[14.482119,40.751239],[14.482122,40.751237],[14.482116,40.751233],[14.482128,40.751225],[14.48215,40.751212],[14.482149,40.751209],[14.482117,40.751186],[14.482173,40.751139],[14.482079,40.751084],[14.482076,40.751083],[14.481965,40.751014],[14.48189,40.750967],[14.481729,40.751108],[14.481729,40.751111],[14.481824,40.751174],[14.481941,40.751277],[14.481989,40.75132],[14.482007,40.751309],[14.482028,40.751295],[14.482045,40.751284],[14.482058,40.751273]]]}},{"type":"Feature","properties":{"level":"property","id":"VI.17.18","label":"Property VI.17.18"},"geometry":{"type":"Polygon","coordinates":[[[14.482206,40.751174],[14.482219,40.751165],[14.482173,40.751139],[14.482117,40.751186],[14.482149,40.751209],[14.48215,40.751212],[14.482167,40.751199],[14.482206,40.751174]]]}},{"type":"Feature","properties":{"level":"property","id":"VI.17.19","label":"Property VI.17.19"},"geometry":{"type":"Polygon","coordinates":[[[14.482257,40.75114],[14.482263,40.751136],[14.482225,40.751114],[14.482189,40.751148],[14.482219,40.751165],[14.482226,40.75116],[14.482257,40.75114]]]}},{"type":"Feature","properties":{"level":"property","id":"VI.17.20","label":"Property VI.17.20"},"geometry":{"type":"Polygon","coordinates":[[[14.482297,40.751114],[14.482305,40.751108],[14.482259,40.75108],[14.482225,40.751114],[14.482263,40.751136],[14.482273,40.75113],[14.482297,40.751114]]]}},{"type":"Feature","properties":{"level":"property","id":"VI.17.21","label":"Property VI.17.21"},"geometry":{"type":"Polygon","coordinates":[[[14.482333,40.751086],[14.482342,40.751078],[14.482292,40.751049],[14.482259,40.75108],[14.482305,40.751108],[14.482311,40.751103],[14.482333,40.751086]]]}},{"type":"Feature","properties":{"level":"property","id":"VI.17.22","label":"Property VI.17.22"},"geometry":{"type":"Polygon","coordinates":[[[14.482374,40.751052],[14.482379,40.751048],[14.482326,40.751016],[14.482292,40.751049],[14.482342,40.751078],[14.482347,40.751074],[14.482374,40.751052]]]}},{"type":"Feature","properties":{"level":"property","id":"VI.17.25","label":"Property VI.17.25"},"geometry":{"type":"Polygon","coordinates":[[[14.482292,40.751049],[14.482326,40.751016],[14.48235,40.75103],[14.482379,40.751048],[14.482386,40.751043],[14.482409,40.751023],[14.48242,40.751014],[14.48244,40.750996],[14.482454,40.750982],[14.482487,40.750954],[14.482511,40.750928],[14.482263,40.750801],[14.482261,40.750799],[14.481837,40.75058],[14.48162,40.750824],[14.48189,40.750967],[14.481965,40.751014],[14.482076,40.751083],[14.482079,40.751084],[14.482173,40.751139],[14.482189,40.751148],[14.482225,40.751114],[14.482259,40.75108],[14.482292,40.751049]]]}},{"type":"Feature","properties":{"level":"property","id":"VI.17.27","label":"Property VI.17.27"},"geometry":{"type":"Polygon","coordinates":[[[14.482573,40.750859],[14.482591,40.75084],[14.482595,40.750838],[14.482603,40.75083],[14.482603,40.750825],[14.482657,40.750766],[14.482665,40.750759],[14.482671,40.750753],[14.482684,40.750737],[14.482684,40.750734],[14.482439,40.750606],[14.482437,40.750607],[14.482386,40.750662],[14.482384,40.750665],[14.482372,40.750677],[14.482361,40.750688],[14.482341,40.75071],[14.482332,40.75072],[14.4823,40.750754],[14.482282,40.750775],[14.482283,40.750776],[14.482261,40.750799],[14.482263,40.750801],[14.482511,40.750928],[14.48256,40.750875],[14.482573,40.750859]]]}},{"type":"Feature","properties":{"level":"property","id":"VI.17.31","label":"Property VI.17.31"},"geometry":{"type":"Polygon","coordinates":[[[14.482708,40.75071],[14.482718,40.7507],[14.482727,40.750691],[14.482635,40.750644],[14.482596,40.750688],[14.482684,40.750734],[14.482684,40.750737],[14.482698,40.750724],[14.482708,40.75071]]]}},{"type":"Feature","properties":{"level":"property","id":"VI.17.33","label":"Property VI.17.33"},"geometry":{"type":"Polygon","coordinates":[[[14.482793,40.750619],[14.482793,40.750619],[14.482806,40.750604],[14.482801,40.750605],[14.482767,40.750586],[14.482713,40.75056],[14.482688,40.750589],[14.482738,40.750614],[14.482754,40.750624],[14.482735,40.750648],[14.482753,40.750658],[14.482754,40.75066],[14.482772,40.750641],[14.482793,40.750619]]]}},{"type":"Feature","properties":{"level":"property","id":"VI.17.34","label":"Property VI.17.34"},"geometry":{"type":"Polygon","coordinates":[[[14.482821,40.750588],[14.48282,40.750584],[14.482784,40.750566],[14.482767,40.750586],[14.482801,40.750605],[14.482806,40.750604],[14.482821,40.750588]]]}},{"type":"Feature","properties":{"level":"property","id":"VI.17.36","label":"Property VI.17.36"},"geometry":{"type":"Polygon","coordinates":[[[14.482735,40.750648],[14.482754,40.750624],[14.482738,40.750614],[14.482688,40.750589],[14.482713,40.75056],[14.482767,40.750586],[14.482784,40.750566],[14.48282,40.750584],[14.482821,40.750588],[14.482835,40.750572],[14.482865,40.750541],[14.48287,40.750534],[14.482884,40.750518],[14.48289,40.75051],[14.48285,40.750491],[14.482907,40.750425],[14.482931,40.750437],[14.482932,40.75044],[14.482934,40.750437],[14.482938,40.750427],[14.482942,40.750423],[14.482877,40.75039],[14.482718,40.75031],[14.482714,40.75031],[14.482692,40.750334],[14.482688,40.750332],[14.48256,40.750266],[14.482368,40.750479],[14.482492,40.750546],[14.48244,40.750604],[14.482439,40.750606],[14.482596,40.750688],[14.482635,40.750644],[14.482727,40.750691],[14.482742,40.750674],[14.482754,40.75066],[14.482753,40.750658],[14.482735,40.750648]]]}},{"type":"Feature","properties":{"level":"property","id":"VI.17.38","label":"Property VI.17.38"},"geometry":{"type":"Polygon","coordinates":[[[14.482914,40.750486],[14.48292,40.750478],[14.48288,40.750456],[14.48285,40.750491],[14.48289,40.75051],[14.482894,40.750506],[14.482914,40.750486]]]}},{"type":"Feature","properties":{"level":"property","id":"VI.17.39","label":"Property VI.17.39"},"geometry":{"type":"Polygon","coordinates":[[[14.48293,40.750448],[14.482932,40.75044],[14.482931,40.750437],[14.482907,40.750425],[14.48288,40.750456],[14.48292,40.750478],[14.482923,40.750475],[14.482926,40.750464],[14.482928,40.750457],[14.48293,40.750448]]]}},{"type":"Feature","properties":{"level":"property","id":"VI.17.41","label":"Property VI.17.41"},"geometry":{"type":"Polygon","coordinates":[[[14.482944,40.75042],[14.482947,40.750412],[14.482946,40.750409],[14.482888,40.750378],[14.482877,40.75039],[14.482942,40.750423],[14.482944,40.75042]]]}},{"type":"Feature","properties":{"level":"property","id":"VI.17.41","label":"Property VI.17.41"},"geometry":{"type":"Polygon","coordinates":[[[14.482955,40.750403],[14.482974,40.750377],[14.482983,40.750366],[14.483016,40.750323],[14.483019,40.75032],[14.483026,40.750311],[14.483078,40.750251],[14.482797,40.750111],[14.482793,40.750112],[14.482788,40.75011],[14.482656,40.750277],[14.482643,40.75027],[14.482641,40.750273],[14.482714,40.75031],[14.482718,40.75031],[14.482877,40.75039],[14.482888,40.750378],[14.482946,40.750409],[14.482947,40.750412],[14.482955,40.750403]]]}},{"type":"Feature","properties":{"level":"property","id":"VI.17.42","label":"Property VI.17.42"},"geometry":{"type":"Polygon","coordinates":[[[14.483137,40.750183],[14.483143,40.750177],[14.483146,40.750174],[14.483152,40.750168],[14.483154,40.750165],[14.483151,40.750163],[14.48316,40.750153],[14.483156,40.750154],[14.483137,40.750144],[14.483132,40.75015],[14.482852,40.750014],[14.482756,40.749969],[14.482682,40.750062],[14.482788,40.75011],[14.482793,40.750112],[14.482797,40.750111],[14.483078,40.750251],[14.483137,40.750183]]]}},{"type":"Feature","properties":{"level":"property","id":"VI.17.5","label":"Property VI.17.5"},"geometry":{"type":"Polygon","coordinates":[[[14.481578,40.751555],[14.481583,40.751552],[14.481599,40.751543],[14.481607,40.751537],[14.481569,40.751508],[14.481558,40.751499],[14.4816,40.751468],[14.481577,40.751451],[14.481566,40.751461],[14.481559,40.751458],[14.481531,40.751479],[14.481492,40.75145],[14.481451,40.751484],[14.481553,40.751566],[14.481557,40.751566],[14.481576,40.751556],[14.481578,40.751555]]]}},{"type":"Feature","properties":{"level":"property","id":"VI.17.7","label":"Property VI.17.7"},"geometry":{"type":"Polygon","coordinates":[[[14.481645,40.751516],[14.481655,40.751511],[14.4816,40.751468],[14.481558,40.751499],[14.481607,40.751537],[14.481616,40.751531],[14.481645,40.751516]]]}},{"type":"Feature","properties":{"level":"property","id":"VI.17.8","label":"Property VI.17.8"},"geometry":{"type":"Polygon","coordinates":[[[14.481695,40.751489],[14.481704,40.751484],[14.481649,40.751441],[14.481606,40.751472],[14.481655,40.751511],[14.481667,40.751504],[14.481695,40.751489]]]}},{"type":"Feature","properties":{"level":"property","id":"VI.2.1","label":"Property VI.2.1"},"geometry":{"type":"Polygon","coordinates":[[[14.482545,40.751001],[14.482521,40.751026],[14.482516,40.751031],[14.482517,40.751031],[14.482571,40.751059],[14.482606,40.751021],[14.482619,40.751007],[14.482691,40.751046],[14.482726,40.751007],[14.482672,40.750984],[14.482659,40.750978],[14.482595,40.750951],[14.482583,40.750962],[14.48256,40.750986],[14.482555,40.750992],[14.482545,40.751001]]]}},{"type":"Feature","properties":{"level":"property","id":"VI.2.10","label":"Property VI.2.10"},"geometry":{"type":"Polygon","coordinates":[[[14.482295,40.751298],[14.482288,40.751308],[14.482282,40.751319],[14.482288,40.751321],[14.482262,40.751365],[14.482407,40.751425],[14.48241,40.751429],[14.482413,40.751427],[14.48245,40.751378],[14.482416,40.751363],[14.482446,40.751321],[14.482315,40.751263],[14.482314,40.751265],[14.482319,40.751267],[14.482313,40.751276],[14.482295,40.751298]]]}},{"type":"Feature","properties":{"level":"property","id":"VI.2.11","label":"Property VI.2.11"},"geometry":{"type":"Polygon","coordinates":[[[14.4825,40.751535],[14.482515,40.751511],[14.48249,40.751501],[14.4825,40.751486],[14.482503,40.751482],[14.482448,40.751459],[14.482456,40.751447],[14.48241,40.751429],[14.482407,40.751425],[14.482263,40.751365],[14.482262,40.751365],[14.482246,40.75139],[14.48224,40.751402],[14.482213,40.751444],[14.482212,40.751446],[14.482403,40.751532],[14.482479,40.751566],[14.482464,40.751589],[14.482562,40.751627],[14.482588,40.751588],[14.482596,40.751576],[14.482597,40.751574],[14.4825,40.751535]]]}},{"type":"Feature","properties":{"level":"property","id":"VI.2.12","label":"Property VI.2.12"},"geometry":{"type":"Polygon","coordinates":[[[14.482195,40.751477],[14.482186,40.751492],[14.482167,40.751523],[14.482168,40.751523],[14.482344,40.751596],[14.482436,40.751632],[14.482464,40.751589],[14.482479,40.751566],[14.482212,40.751446],[14.482212,40.751446],[14.482195,40.751477]]]}},{"type":"Feature","properties":{"level":"property","id":"VI.2.13","label":"Property VI.2.13"},"geometry":{"type":"Polygon","coordinates":[[[14.482149,40.751551],[14.482139,40.75157],[14.48212,40.7516],[14.482121,40.7516],[14.482298,40.751666],[14.482344,40.751596],[14.482168,40.751523],[14.482167,40.751523],[14.482149,40.751551]]]}},{"type":"Feature","properties":{"level":"property","id":"VI.2.14","label":"Property VI.2.14"},"geometry":{"type":"Polygon","coordinates":[[[14.482099,40.751635],[14.482092,40.751649],[14.482075,40.751674],[14.482077,40.751674],[14.482209,40.751728],[14.482186,40.751761],[14.482225,40.751777],[14.482298,40.751666],[14.482121,40.7516],[14.48212,40.7516],[14.482099,40.751635]]]}},{"type":"Feature","properties":{"level":"property","id":"VI.2.16","label":"Property VI.2.16"},"geometry":{"type":"Polygon","coordinates":[[[14.481986,40.7518],[14.481979,40.751813],[14.481957,40.751845],[14.481959,40.751845],[14.482135,40.75193],[14.482119,40.751949],[14.482286,40.752039],[14.482288,40.752039],[14.482313,40.752002],[14.482322,40.751991],[14.482353,40.751943],[14.482007,40.751773],[14.482006,40.751773],[14.481986,40.7518]]]}},{"type":"Feature","properties":{"level":"property","id":"VI.2.17","label":"Property VI.2.17"},"geometry":{"type":"Polygon","coordinates":[[[14.482206,40.752096],[14.48222,40.752076],[14.482256,40.752089],[14.482261,40.752082],[14.482263,40.752077],[14.482279,40.752053],[14.482284,40.752044],[14.482288,40.752039],[14.482286,40.752039],[14.482199,40.751992],[14.482119,40.751949],[14.482135,40.75193],[14.481959,40.751845],[14.481957,40.751845],[14.481939,40.75187],[14.481931,40.751884],[14.481878,40.751956],[14.481881,40.751956],[14.482025,40.752026],[14.482028,40.752025],[14.482206,40.752096]]]}},{"type":"Feature","properties":{"level":"property","id":"VI.2.19","label":"Property VI.2.19"},"geometry":{"type":"Polygon","coordinates":[[[14.481815,40.752045],[14.481923,40.752106],[14.481913,40.752121],[14.481917,40.752123],[14.481927,40.752109],[14.481929,40.752109],[14.481956,40.752124],[14.481945,40.752137],[14.481949,40.752138],[14.48196,40.752126],[14.481998,40.752143],[14.481987,40.752157],[14.481991,40.752159],[14.482002,40.752146],[14.482175,40.752214],[14.482202,40.752171],[14.482205,40.752167],[14.482215,40.752152],[14.482225,40.752137],[14.482256,40.752089],[14.48222,40.752076],[14.482206,40.752096],[14.482028,40.752025],[14.482025,40.752026],[14.481881,40.751956],[14.481878,40.751956],[14.481866,40.751971],[14.481815,40.752045]]]}},{"type":"Feature","properties":{"level":"property","id":"VI.2.22","label":"Property VI.2.22"},"geometry":{"type":"Polygon","coordinates":[[[14.482038,40.751729],[14.482029,40.75174],[14.482006,40.751773],[14.482007,40.751773],[14.482353,40.751943],[14.482374,40.751912],[14.482383,40.751899],[14.482401,40.751871],[14.482368,40.751856],[14.482218,40.751789],[14.482225,40.751777],[14.482186,40.751761],[14.482209,40.751728],[14.482077,40.751674],[14.482075,40.751674],[14.482038,40.751729]]]}},{"type":"Feature","properties":{"level":"property","id":"VI.2.24","label":"Property VI.2.24"},"geometry":{"type":"Polygon","coordinates":[[[14.482455,40.751798],[14.482464,40.751784],[14.482458,40.751783],[14.482472,40.751763],[14.482471,40.751762],[14.482284,40.751688],[14.482225,40.751777],[14.482218,40.751789],[14.482401,40.751871],[14.482409,40.751857],[14.482417,40.751845],[14.482419,40.751841],[14.482424,40.751843],[14.482435,40.751826],[14.482431,40.751825],[14.482434,40.751821],[14.482445,40.751803],[14.482449,40.751796],[14.482455,40.751798]]]}},{"type":"Feature","properties":{"level":"property","id":"VI.2.25","label":"Property VI.2.25"},"geometry":{"type":"Polygon","coordinates":[[[14.482501,40.751719],[14.482562,40.751627],[14.48256,40.751626],[14.482464,40.751589],[14.482436,40.751632],[14.482344,40.751596],[14.482298,40.751666],[14.482284,40.751688],[14.482472,40.751763],[14.482493,40.75173],[14.482501,40.751719]]]}},{"type":"Feature","properties":{"level":"property","id":"VI.2.27","label":"Property VI.2.27"},"geometry":{"type":"Polygon","coordinates":[[[14.482606,40.75156],[14.482635,40.751515],[14.482631,40.751516],[14.482528,40.751473],[14.482516,40.751492],[14.4825,40.751486],[14.48249,40.751501],[14.482515,40.751511],[14.4825,40.751535],[14.482597,40.751574],[14.4826,40.751569],[14.482606,40.75156]]]}},{"type":"Feature","properties":{"level":"property","id":"VI.2.29","label":"Property VI.2.29"},"geometry":{"type":"Polygon","coordinates":[[[14.482665,40.751457],[14.482687,40.751426],[14.482684,40.751427],[14.482482,40.751336],[14.482413,40.751427],[14.48241,40.751429],[14.482456,40.751447],[14.482448,40.751459],[14.482503,40.751482],[14.4825,40.751486],[14.482516,40.751492],[14.482528,40.751473],[14.482631,40.751516],[14.482635,40.751515],[14.482629,40.751512],[14.482636,40.751501],[14.482641,40.751494],[14.482656,40.751471],[14.482665,40.751457]]]}},{"type":"Feature","properties":{"level":"property","id":"VI.2.29","label":"Property VI.2.29"},"geometry":{"type":"Polygon","coordinates":[[[14.482687,40.751426],[14.482697,40.751413],[14.482701,40.751415],[14.482703,40.751412],[14.482707,40.751412],[14.482723,40.751388],[14.482721,40.751384],[14.482717,40.751385],[14.482407,40.751243],[14.482347,40.751215],[14.482342,40.751215],[14.482316,40.751262],[14.482315,40.751263],[14.482366,40.751286],[14.482446,40.751321],[14.482416,40.751363],[14.48245,40.751378],[14.482482,40.751336],[14.482684,40.751427],[14.482687,40.751426]]]}},{"type":"Feature","properties":{"level":"property","id":"VI.2.4","label":"Property VI.2.4"},"geometry":{"type":"Polygon","coordinates":[[[14.482374,40.751181],[14.482363,40.751192],[14.482342,40.751215],[14.482347,40.751215],[14.482407,40.751243],[14.482407,40.751243],[14.482509,40.75129],[14.48253,40.751265],[14.482529,40.75126],[14.482551,40.751235],[14.482526,40.751223],[14.482508,40.751241],[14.482435,40.751204],[14.482471,40.751165],[14.482418,40.751136],[14.482417,40.751135],[14.482374,40.751181]]]}},{"type":"Feature","properties":{"level":"property","id":"VI.2.4","label":"Property VI.2.4"},"geometry":{"type":"Polygon","coordinates":[[[14.482912,40.751093],[14.482766,40.751024],[14.482726,40.751007],[14.482691,40.751046],[14.482619,40.751007],[14.482606,40.751021],[14.482571,40.751059],[14.482517,40.751031],[14.482516,40.751031],[14.482511,40.751036],[14.482487,40.751064],[14.482481,40.75107],[14.482477,40.751074],[14.482458,40.751093],[14.482447,40.751104],[14.482423,40.751129],[14.482417,40.751135],[14.482471,40.751165],[14.482435,40.751204],[14.482508,40.751241],[14.482526,40.751223],[14.482551,40.751235],[14.482529,40.75126],[14.48253,40.751265],[14.482509,40.75129],[14.482717,40.751385],[14.482721,40.751384],[14.482848,40.751192],[14.482855,40.751182],[14.482912,40.751093]]]}},{"type":"Feature","properties":{"level":"property","id":"VI.3.1","label":"Property VI.3.1"},"geometry":{"type":"Polygon","coordinates":[[[14.482605,40.750914],[14.482596,40.750924],[14.482687,40.750962],[14.482706,40.750936],[14.482663,40.750918],[14.482682,40.750892],[14.482641,40.750874],[14.48264,40.750876],[14.482635,40.750882],[14.482624,40.750894],[14.482605,40.750914]]]}},{"type":"Feature","properties":{"level":"property","id":"VI.3.10","label":"Property VI.3.10"},"geometry":{"type":"Polygon","coordinates":[[[14.482885,40.750609],[14.482852,40.750645],[14.482853,40.750648],[14.482906,40.750676],[14.482972,40.75071],[14.482965,40.750717],[14.482997,40.75073],[14.483039,40.750665],[14.483019,40.750656],[14.483022,40.75065],[14.482961,40.750626],[14.482953,40.750637],[14.482889,40.750608],[14.482885,40.750609]]]}},{"type":"Feature","properties":{"level":"property","id":"VI.3.12","label":"Property VI.3.12"},"geometry":{"type":"Polygon","coordinates":[[[14.482925,40.750566],[14.48292,40.750573],[14.482912,40.75058],[14.482894,40.750599],[14.482885,40.750609],[14.482889,40.750608],[14.482953,40.750637],[14.482961,40.750626],[14.483022,40.75065],[14.483019,40.750656],[14.483039,40.750665],[14.483133,40.750703],[14.483134,40.750707],[14.483142,40.750695],[14.483147,40.750684],[14.483154,40.750674],[14.483104,40.750652],[14.483107,40.750647],[14.483081,40.750637],[14.48309,40.750624],[14.482926,40.750565],[14.482926,40.750565],[14.482925,40.750566]]]}},{"type":"Feature","properties":{"level":"property","id":"VI.3.14"},"geometry":{"type":"Polygon","coordinates":[[[14.482999,40.750528],[14.482962,40.750547],[14.482947,40.750555],[14.482934,40.750561],[14.482928,40.750563],[14.482927,40.750563],[14.482926,40.750565],[14.48309,40.750624],[14.483121,40.750579],[14.48306,40.750554],[14.483013,40.750525],[14.483013,40.750523],[14.482999,40.750528]]]}},{"type":"Feature","properties":{"level":"property","id":"VI.3.17","label":"Property VI.3.17"},"geometry":{"type":"Polygon","coordinates":[[[14.483063,40.7505],[14.483048,40.750508],[14.483023,40.750518],[14.483013,40.750523],[14.483013,40.750525],[14.48306,40.750554],[14.483121,40.750579],[14.483166,40.750523],[14.483091,40.750491],[14.48309,40.750491],[14.483063,40.7505]]]}},{"type":"Feature","properties":{"level":"property","id":"VI.3.20","label":"Property VI.3.20"},"geometry":{"type":"Polygon","coordinates":[[[14.483274,40.750464],[14.483253,40.750449],[14.483243,40.750444],[14.48323,40.750447],[14.483198,40.750456],[14.48315,40.750471],[14.483138,40.750474],[14.48309,40.750491],[14.483091,40.750491],[14.483166,40.750523],[14.483232,40.750552],[14.483283,40.75047],[14.483274,40.750464]]]}},{"type":"Feature","properties":{"level":"property","id":"VI.3.21","label":"Property VI.3.21"},"geometry":{"type":"Polygon","coordinates":[[[14.483167,40.750654],[14.483169,40.75065],[14.483203,40.750597],[14.483209,40.750588],[14.483232,40.750552],[14.483231,40.750551],[14.483166,40.750523],[14.483121,40.750579],[14.48309,40.750624],[14.483081,40.750637],[14.483107,40.750647],[14.483104,40.750652],[14.483154,40.750674],[14.483167,40.750654]]]}},{"type":"Feature","properties":{"level":"property","id":"VI.3.23","label":"Property VI.3.23"},"geometry":{"type":"Polygon","coordinates":[[[14.483134,40.750707],[14.483133,40.750703],[14.483039,40.750665],[14.482997,40.75073],[14.48309,40.750766],[14.483095,40.750765],[14.483134,40.750707]]]}},{"type":"Feature","properties":{"level":"property","id":"VI.3.3","label":"Property VI.3.3"},"geometry":{"type":"Polygon","coordinates":[[[14.482661,40.750855],[14.482642,40.750873],[14.482641,40.750874],[14.482682,40.750892],[14.482663,40.750918],[14.482706,40.750936],[14.482687,40.750962],[14.482915,40.75106],[14.482917,40.751057],[14.482915,40.751056],[14.482921,40.751048],[14.482929,40.751035],[14.482944,40.751013],[14.482947,40.751007],[14.482956,40.750992],[14.482964,40.750976],[14.48297,40.750969],[14.482974,40.750963],[14.482987,40.750942],[14.482993,40.750932],[14.483002,40.750918],[14.482999,40.750919],[14.482931,40.750892],[14.482795,40.750828],[14.482765,40.750866],[14.482717,40.750844],[14.482698,40.750869],[14.482661,40.750855]]]}},{"type":"Feature","properties":{"level":"property","id":"VI.3.3","label":"Property VI.3.3"},"geometry":{"type":"Polygon","coordinates":[[[14.482686,40.750827],[14.482673,40.750842],[14.48267,40.750845],[14.482661,40.750855],[14.482698,40.750869],[14.482717,40.750844],[14.482765,40.750866],[14.482795,40.750828],[14.482719,40.750791],[14.482719,40.750791],[14.482713,40.750797],[14.482686,40.750827]]]}},{"type":"Feature","properties":{"level":"property","id":"VI.3.5","label":"Property VI.3.5"},"geometry":{"type":"Polygon","coordinates":[[[14.482744,40.750763],[14.482725,40.750784],[14.482719,40.750791],[14.48277,40.750816],[14.4828,40.750785],[14.482749,40.750759],[14.482749,40.750758],[14.482744,40.750763]]]}},{"type":"Feature","properties":{"level":"property","id":"VI.3.7","label":"Property VI.3.7"},"geometry":{"type":"Polygon","coordinates":[[[14.483035,40.750862],[14.483095,40.750765],[14.48309,40.750766],[14.482965,40.750717],[14.482972,40.75071],[14.482906,40.750676],[14.482845,40.750737],[14.482793,40.750711],[14.482793,40.750711],[14.482791,40.750713],[14.482779,40.750725],[14.482777,40.750727],[14.482772,40.750733],[14.482753,40.750754],[14.482749,40.750758],[14.4828,40.750785],[14.48277,40.750816],[14.482795,40.750828],[14.482931,40.750892],[14.482999,40.750919],[14.483002,40.750918],[14.483026,40.750878],[14.483035,40.750862]]]}},{"type":"Feature","properties":{"level":"property","id":"VI.3.8","label":"Property VI.3.8"},"geometry":{"type":"Polygon","coordinates":[[[14.482818,40.750684],[14.482797,40.750706],[14.482793,40.750711],[14.482845,40.750737],[14.482875,40.750706],[14.482822,40.750679],[14.482822,40.750679],[14.482818,40.750684]]]}},{"type":"Feature","properties":{"level":"property","id":"VI.3.9","label":"Property VI.3.9"},"geometry":{"type":"Polygon","coordinates":[[[14.482846,40.750653],[14.482827,40.750674],[14.482822,40.750679],[14.482875,40.750706],[14.482906,40.750676],[14.482853,40.750648],[14.482852,40.750645],[14.482846,40.750653]]]}},{"type":"Feature","properties":{"level":"property","id":"VI.4.1","label":"Property VI.4.1"},"geometry":{"type":"Polygon","coordinates":[[[14.482996,40.750486],[14.48301,40.750493],[14.483017,40.750491],[14.483029,40.750487],[14.483085,40.750467],[14.483085,40.750466],[14.483043,40.750443],[14.483057,40.750428],[14.483004,40.750399],[14.482952,40.750466],[14.482968,40.750472],[14.482996,40.750486]]]}},{"type":"Feature","properties":{"level":"property","id":"VI.4.11","label":"Property VI.4.11"},"geometry":{"type":"Polygon","coordinates":[[[14.483132,40.750379],[14.483263,40.750249],[14.483263,40.750249],[14.483239,40.750234],[14.483223,40.750225],[14.483213,40.750218],[14.483197,40.750207],[14.483186,40.750202],[14.483187,40.750201],[14.483183,40.750199],[14.483147,40.75024],[14.483065,40.750334],[14.483059,40.750334],[14.483066,40.750336],[14.483132,40.750379]]]}},{"type":"Feature","properties":{"level":"property","id":"VI.4.3"},"geometry":{"type":"Polygon","coordinates":[[[14.483011,40.750388],[14.483008,40.750394],[14.483004,40.750399],[14.483057,40.750428],[14.483043,40.750443],[14.483085,40.750466],[14.483085,40.750467],[14.483098,40.750462],[14.483122,40.750455],[14.483142,40.750446],[14.483145,40.750445],[14.483161,40.75044],[14.48319,40.750431],[14.483204,40.750424],[14.483198,40.750423],[14.483066,40.750336],[14.483059,40.750334],[14.483011,40.750388]]]}},{"type":"Feature","properties":{"level":"property","id":"VI.4.5","label":"Property VI.4.5"},"geometry":{"type":"Polygon","coordinates":[[[14.48324,40.750402],[14.48324,40.750402],[14.483249,40.750397],[14.483249,40.750397],[14.483163,40.750348],[14.483132,40.750379],[14.483198,40.750423],[14.483204,40.750424],[14.483202,40.750423],[14.483212,40.750418],[14.48324,40.750402]]]}},{"type":"Feature","properties":{"level":"property","id":"VI.4.6","label":"Property VI.4.6"},"geometry":{"type":"Polygon","coordinates":[[[14.483284,40.75038],[14.483296,40.750372],[14.483291,40.750372],[14.483194,40.750317],[14.483163,40.750348],[14.483249,40.750397],[14.483249,40.750397],[14.483258,40.750392],[14.483284,40.75038]]]}},{"type":"Feature","properties":{"level":"property","id":"VI.4.7","label":"Property VI.4.7"},"geometry":{"type":"Polygon","coordinates":[[[14.483327,40.750356],[14.483339,40.750348],[14.483334,40.750349],[14.483227,40.750285],[14.483194,40.750317],[14.483291,40.750372],[14.483296,40.750372],[14.483327,40.750356]]]}},{"type":"Feature","properties":{"level":"property","id":"VI.4.8","label":"Property VI.4.8"},"geometry":{"type":"Polygon","coordinates":[[[14.483389,40.750323],[14.483368,40.750309],[14.483339,40.750293],[14.483284,40.750261],[14.483276,40.750256],[14.483263,40.750249],[14.483227,40.750285],[14.483334,40.750349],[14.483339,40.750348],[14.483372,40.750333],[14.483389,40.750323]]]}},{"type":"Feature","properties":{"level":"property","id":"VI.5.10","label":"Property VI.5.10"},"geometry":{"type":"Polygon","coordinates":[[[14.482783,40.751369],[14.482731,40.751444],[14.482725,40.751456],[14.482718,40.751466],[14.482979,40.751571],[14.483,40.75154],[14.482964,40.751527],[14.482993,40.751485],[14.483001,40.751488],[14.483017,40.751466],[14.483033,40.751441],[14.482978,40.751415],[14.482991,40.751396],[14.482912,40.751366],[14.482874,40.751352],[14.48281,40.751331],[14.482807,40.751332],[14.482802,40.751341],[14.482785,40.751365],[14.482783,40.751369]]]}},{"type":"Feature","properties":{"level":"property","id":"VI.5.13","label":"Property VI.5.13"},"geometry":{"type":"Polygon","coordinates":[[[14.482964,40.751109],[14.482955,40.751105],[14.482936,40.751135],[14.482931,40.751141],[14.482919,40.75116],[14.482858,40.751252],[14.482855,40.751257],[14.482849,40.751265],[14.482847,40.751268],[14.482843,40.751274],[14.48293,40.751307],[14.483046,40.75115],[14.483051,40.751147],[14.483016,40.751132],[14.483004,40.751126],[14.482995,40.751123],[14.482964,40.751109]]]}},{"type":"Feature","properties":{"level":"property","id":"VI.5.14","label":"Property VI.5.14"},"geometry":{"type":"Polygon","coordinates":[[[14.483096,40.75117],[14.483084,40.751165],[14.483049,40.75115],[14.483051,40.751147],[14.483046,40.75115],[14.48293,40.751307],[14.482844,40.751274],[14.482843,40.751274],[14.482812,40.751322],[14.48281,40.751326],[14.482807,40.751332],[14.48281,40.751331],[14.482874,40.751352],[14.482912,40.751366],[14.482991,40.751396],[14.483025,40.751342],[14.483065,40.751291],[14.483107,40.751306],[14.483139,40.751265],[14.483096,40.751247],[14.483095,40.751244],[14.483054,40.751226],[14.483097,40.751173],[14.483096,40.75117]]]}},{"type":"Feature","properties":{"level":"property","id":"VI.5.15","label":"Property VI.5.15"},"geometry":{"type":"Polygon","coordinates":[[[14.483127,40.751184],[14.483108,40.751175],[14.483096,40.75117],[14.483097,40.751173],[14.483054,40.751226],[14.483095,40.751244],[14.483096,40.751247],[14.483139,40.751265],[14.483107,40.751306],[14.483065,40.751291],[14.483025,40.751342],[14.482991,40.751396],[14.482978,40.751415],[14.483033,40.751441],[14.483091,40.751357],[14.483196,40.751215],[14.483197,40.751215],[14.483195,40.751214],[14.483127,40.751184]]]}},{"type":"Feature","properties":{"level":"property","id":"VI.5.16","label":"Property VI.5.16"},"geometry":{"type":"Polygon","coordinates":[[[14.483319,40.75127],[14.483265,40.751246],[14.483251,40.751239],[14.483198,40.751216],[14.483197,40.751215],[14.483091,40.751357],[14.483072,40.751385],[14.483093,40.751393],[14.483098,40.751385],[14.483105,40.751384],[14.483161,40.751409],[14.483153,40.751419],[14.483192,40.751435],[14.483193,40.751438],[14.483225,40.751394],[14.48323,40.751387],[14.48327,40.751333],[14.483276,40.751326],[14.483319,40.75127]]]}},{"type":"Feature","properties":{"level":"property","id":"VI.5.18","label":"Property VI.5.18"},"geometry":{"type":"Polygon","coordinates":[[[14.483193,40.751438],[14.483192,40.751435],[14.483153,40.751419],[14.483161,40.751409],[14.483105,40.751384],[14.483098,40.751385],[14.483093,40.751393],[14.483072,40.751385],[14.483033,40.751441],[14.483017,40.751466],[14.483135,40.751515],[14.483159,40.751482],[14.483164,40.751475],[14.483186,40.751444],[14.483193,40.751438]]]}},{"type":"Feature","properties":{"level":"property","id":"VI.5.3","label":"Property VI.5.3"},"geometry":{"type":"Polygon","coordinates":[[[14.482616,40.752321],[14.482636,40.752293],[14.482638,40.752288],[14.482643,40.752282],[14.482647,40.752283],[14.482665,40.752255],[14.48266,40.752254],[14.482675,40.752232],[14.482688,40.752214],[14.482693,40.752217],[14.482719,40.752176],[14.482711,40.752172],[14.482706,40.752174],[14.482347,40.752042],[14.482347,40.752042],[14.482341,40.752051],[14.482338,40.752057],[14.482325,40.752074],[14.482319,40.752085],[14.482282,40.752141],[14.482267,40.752164],[14.482259,40.752176],[14.482253,40.752185],[14.482249,40.752191],[14.482246,40.752197],[14.482207,40.752258],[14.482237,40.752271],[14.482246,40.752258],[14.482423,40.75234],[14.482453,40.752297],[14.48259,40.752362],[14.482598,40.752349],[14.4826,40.752346],[14.482615,40.752324],[14.482616,40.752321]]]}},{"type":"Feature","properties":{"level":"property","id":"VI.5.4","label":"Property VI.5.4"},"geometry":{"type":"Polygon","coordinates":[[[14.48239,40.751977],[14.482372,40.752004],[14.48237,40.752006],[14.482347,40.752041],[14.482347,40.752042],[14.482706,40.752174],[14.482711,40.752172],[14.482784,40.752057],[14.482424,40.751928],[14.482423,40.751928],[14.48241,40.751948],[14.482408,40.75195],[14.482399,40.751963],[14.48239,40.751977]]]}},{"type":"Feature","properties":{"level":"property","id":"VI.5.5","label":"Property VI.5.5"},"geometry":{"type":"Polygon","coordinates":[[[14.482466,40.751862],[14.482452,40.751884],[14.482444,40.751896],[14.482434,40.751912],[14.482431,40.751916],[14.482423,40.751928],[14.482424,40.751928],[14.482784,40.752057],[14.482837,40.751974],[14.482841,40.751966],[14.482845,40.75196],[14.482528,40.751841],[14.482489,40.751827],[14.482485,40.751833],[14.482469,40.751856],[14.482466,40.751862]]]}},{"type":"Feature","properties":{"level":"property","id":"VI.5.7","label":"Property VI.5.7"},"geometry":{"type":"Polygon","coordinates":[[[14.482527,40.75177],[14.482489,40.751827],[14.482845,40.75196],[14.482989,40.751739],[14.482983,40.751739],[14.482802,40.75167],[14.4828,40.751674],[14.482627,40.751607],[14.482623,40.751608],[14.482629,40.75161],[14.482551,40.751733],[14.482548,40.751738],[14.482537,40.751754],[14.482527,40.75177]]]}},{"type":"Feature","properties":{"level":"property","id":"VI.5.8","label":"Property VI.5.8"},"geometry":{"type":"Polygon","coordinates":[[[14.48266,40.751554],[14.482654,40.751564],[14.482644,40.751577],[14.482626,40.751605],[14.482626,40.751605],[14.482623,40.751608],[14.482627,40.751607],[14.4828,40.751674],[14.482802,40.75167],[14.482983,40.751739],[14.482989,40.751739],[14.483,40.751711],[14.483021,40.751683],[14.483028,40.751673],[14.483027,40.75167],[14.482672,40.751535],[14.482672,40.751535],[14.482662,40.751549],[14.48266,40.751554]]]}},{"type":"Feature","properties":{"level":"property","id":"VI.5.9","label":"Property VI.5.9"},"geometry":{"type":"Polygon","coordinates":[[[14.483086,40.751593],[14.483101,40.751566],[14.48311,40.751553],[14.483128,40.751525],[14.483131,40.751521],[14.483135,40.751515],[14.483133,40.751514],[14.483017,40.751466],[14.483001,40.751488],[14.482993,40.751485],[14.482964,40.751527],[14.483,40.75154],[14.482979,40.751571],[14.482718,40.751466],[14.482718,40.751466],[14.482698,40.751497],[14.482691,40.751507],[14.482681,40.751521],[14.482679,40.751525],[14.482672,40.751535],[14.48295,40.75164],[14.483027,40.75167],[14.483028,40.751673],[14.483044,40.751651],[14.483049,40.751644],[14.483082,40.751598],[14.483086,40.751593]]]}},{"type":"Feature","properties":{"level":"property","id":"VI.6.1","label":"Property VI.6.1"},"geometry":{"type":"Polygon","coordinates":[[[14.483366,40.750916],[14.483424,40.750828],[14.483526,40.750868],[14.483556,40.75082],[14.483489,40.750796],[14.483502,40.750775],[14.483465,40.750761],[14.483507,40.750695],[14.483546,40.75071],[14.483566,40.750679],[14.483627,40.750702],[14.48363,40.750703],[14.483631,40.750701],[14.483637,40.750693],[14.483639,40.75069],[14.483636,40.750689],[14.483547,40.750652],[14.483612,40.750556],[14.48363,40.750527],[14.483647,40.750501],[14.48363,40.750494],[14.483571,40.75047],[14.483599,40.750425],[14.483599,40.750425],[14.483597,40.750424],[14.483573,40.750414],[14.483571,40.750413],[14.483571,40.750413],[14.483541,40.750458],[14.483492,40.75044],[14.483523,40.750392],[14.483523,40.750392],[14.483515,40.750389],[14.48348,40.750374],[14.483473,40.750371],[14.483472,40.750372],[14.483441,40.750419],[14.483463,40.750429],[14.483383,40.750551],[14.483355,40.750592],[14.483326,40.750581],[14.483298,40.750622],[14.48327,40.750666],[14.483241,40.750709],[14.483194,40.750691],[14.483179,40.750714],[14.483172,40.750725],[14.483168,40.750733],[14.483171,40.750734],[14.483138,40.750787],[14.48312,40.750815],[14.483116,40.750822],[14.482956,40.751075],[14.48317,40.751161],[14.483282,40.751211],[14.483293,40.751215],[14.483313,40.751224],[14.483318,40.751226],[14.48332,40.751227],[14.483387,40.7511],[14.483472,40.750954],[14.483366,40.750916]]]}},{"type":"Feature","properties":{"level":"property","id":"VI.6.10","label":"Property VI.6.10"},"geometry":{"type":"Polygon","coordinates":[[[14.483516,40.750885],[14.483519,40.75088],[14.483526,40.750868],[14.483526,40.750868],[14.483424,40.750828],[14.483366,40.750916],[14.483472,40.750954],[14.483478,40.750944],[14.483484,40.750934],[14.483497,40.750915],[14.483507,40.7509],[14.483516,40.750885]]]}},{"type":"Feature","properties":{"level":"property","id":"VI.6.15","label":"Property VI.6.15"},"geometry":{"type":"Polygon","coordinates":[[[14.483209,40.750666],[14.483194,40.750691],[14.483241,40.750709],[14.48327,40.750666],[14.483222,40.750646],[14.483218,40.750653],[14.483209,40.750666]]]}},{"type":"Feature","properties":{"level":"property","id":"VI.6.16","label":"Property VI.6.16"},"geometry":{"type":"Polygon","coordinates":[[[14.483227,40.750637],[14.483222,40.750646],[14.48327,40.750666],[14.483298,40.750622],[14.483249,40.750603],[14.483236,40.750623],[14.483227,40.750637]]]}},{"type":"Feature","properties":{"level":"property","id":"VI.6.2","label":"Property VI.6.2"},"geometry":{"type":"Polygon","coordinates":[[[14.48361,40.750429],[14.48361,40.750429],[14.483599,40.750425],[14.483599,40.750425],[14.483571,40.75047],[14.48363,40.750494],[14.483658,40.75045],[14.483649,40.750447],[14.48361,40.750429]]]}},{"type":"Feature","properties":{"level":"property","id":"VI.6.21","label":"Property VI.6.21"},"geometry":{"type":"Polygon","coordinates":[[[14.483433,40.750353],[14.483421,40.750347],[14.48341,40.750358],[14.483396,40.750372],[14.483386,40.750387],[14.483379,40.750397],[14.483377,40.7504],[14.483372,40.75041],[14.483358,40.75043],[14.48334,40.750461],[14.483249,40.750603],[14.483298,40.750622],[14.483326,40.750581],[14.483355,40.750592],[14.483383,40.750551],[14.483463,40.750429],[14.483441,40.750419],[14.483472,40.750372],[14.483473,40.750371],[14.483467,40.750368],[14.483433,40.750353]]]}},{"type":"Feature","properties":{"level":"property","id":"VI.6.23","label":"Property VI.6.23"},"geometry":{"type":"Polygon","coordinates":[[[14.483559,40.750408],[14.483529,40.750395],[14.483523,40.750392],[14.483523,40.750392],[14.483492,40.75044],[14.483541,40.750458],[14.483571,40.750413],[14.483571,40.750413],[14.483559,40.750408],[14.483559,40.750408]]]}},{"type":"Feature","properties":{"level":"property","id":"VI.6.3","label":"Property VI.6.3"},"geometry":{"type":"Polygon","coordinates":[[[14.483662,40.750452],[14.483658,40.75045],[14.48363,40.750494],[14.483647,40.750501],[14.48363,40.750527],[14.483664,40.75054],[14.48368,40.750514],[14.483675,40.750512],[14.483701,40.750469],[14.483701,40.750469],[14.483695,40.750466],[14.483662,40.750452]]]}},{"type":"Feature","properties":{"level":"property","id":"VI.6.4","label":"Property VI.6.4"},"geometry":{"type":"Polygon","coordinates":[[[14.483699,40.750591],[14.483738,40.75053],[14.483754,40.750505],[14.48376,40.750495],[14.483746,40.750489],[14.48371,40.750473],[14.483701,40.750469],[14.483675,40.750512],[14.48368,40.750514],[14.483664,40.75054],[14.48363,40.750527],[14.483612,40.750556],[14.483699,40.750588],[14.483699,40.750591]]]}},{"type":"Feature","properties":{"level":"property","id":"VI.6.6"},"geometry":{"type":"Polygon","coordinates":[[[14.483675,40.750631],[14.483691,40.750602],[14.483699,40.750591],[14.483699,40.750588],[14.483612,40.750556],[14.483547,40.750652],[14.483636,40.750689],[14.483639,40.75069],[14.483666,40.750644],[14.483675,40.750631]]]}},{"type":"Feature","properties":{"level":"property","id":"VI.6.9","label":"Property VI.6.9"},"geometry":{"type":"Polygon","coordinates":[[[14.48363,40.750703],[14.483627,40.750702],[14.483566,40.750679],[14.483546,40.75071],[14.483507,40.750695],[14.483465,40.750761],[14.483502,40.750775],[14.483489,40.750796],[14.483556,40.75082],[14.48356,40.750815],[14.483561,40.750812],[14.483584,40.750774],[14.483593,40.75076],[14.48363,40.750703]]]}},{"type":"Feature","properties":{"level":"property","id":"VI.7.10","label":"Property VI.7.10"},"geometry":{"type":"Polygon","coordinates":[[[14.48347,40.751628],[14.483496,40.751589],[14.483558,40.751612],[14.483561,40.751611],[14.483565,40.751606],[14.483572,40.751596],[14.483581,40.751583],[14.483602,40.751554],[14.483615,40.751536],[14.483639,40.751498],[14.483645,40.75149],[14.483648,40.751486],[14.483655,40.751477],[14.483674,40.751447],[14.483633,40.751427],[14.483572,40.751398],[14.483515,40.751475],[14.483472,40.751524],[14.483467,40.751526],[14.483414,40.751602],[14.483432,40.751611],[14.48347,40.751628]]]}},{"type":"Feature","properties":{"level":"property","id":"VI.7.13","label":"Property VI.7.13"},"geometry":{"type":"Polygon","coordinates":[[[14.483533,40.751656],[14.483536,40.75165],[14.483539,40.751646],[14.483538,40.751646],[14.483542,40.75164],[14.483554,40.751623],[14.483561,40.751611],[14.483558,40.751612],[14.483496,40.751589],[14.48347,40.751628],[14.48353,40.751657],[14.483533,40.751656]]]}},{"type":"Feature","properties":{"level":"property","id":"VI.7.15","label":"Property VI.7.15"},"geometry":{"type":"Polygon","coordinates":[[[14.483499,40.751708],[14.483506,40.751694],[14.483533,40.751656],[14.48353,40.751657],[14.483432,40.751611],[14.483399,40.751657],[14.483325,40.751626],[14.483314,40.75164],[14.483272,40.751623],[14.483249,40.751654],[14.483289,40.75167],[14.48327,40.751695],[14.483461,40.751765],[14.483499,40.751708]]]}},{"type":"Feature","properties":{"level":"property","id":"VI.7.16","label":"Property VI.7.16"},"geometry":{"type":"Polygon","coordinates":[[[14.483436,40.751804],[14.483461,40.751765],[14.483461,40.751765],[14.48327,40.751695],[14.483262,40.751707],[14.483169,40.75167],[14.483142,40.751712],[14.483251,40.751748],[14.483249,40.751752],[14.483258,40.751755],[14.483242,40.75178],[14.483407,40.75184],[14.483411,40.751839],[14.483417,40.75183],[14.483428,40.751811],[14.483436,40.751804]]]}},{"type":"Feature","properties":{"level":"property","id":"VI.7.18","label":"Property VI.7.18"},"geometry":{"type":"Polygon","coordinates":[[[14.483384,40.751883],[14.483411,40.751839],[14.483407,40.75184],[14.483242,40.75178],[14.483258,40.751755],[14.483249,40.751752],[14.483251,40.751748],[14.483142,40.751712],[14.483169,40.75167],[14.483262,40.751707],[14.483289,40.75167],[14.483249,40.751654],[14.483272,40.751623],[14.483147,40.751571],[14.483143,40.751572],[14.483139,40.751578],[14.483123,40.751601],[14.483117,40.75161],[14.483005,40.75179],[14.483359,40.75192],[14.483372,40.7519],[14.483384,40.751883]]]}},{"type":"Feature","properties":{"level":"property","id":"VI.7.19","label":"Property VI.7.19"},"geometry":{"type":"Polygon","coordinates":[[[14.483342,40.751945],[14.483359,40.75192],[14.483005,40.75179],[14.482941,40.751894],[14.483295,40.75202],[14.483332,40.751961],[14.483342,40.751945]]]}},{"type":"Feature","properties":{"level":"property","id":"VI.7.20","label":"Property VI.7.20"},"geometry":{"type":"Polygon","coordinates":[[[14.483147,40.752244],[14.483196,40.752164],[14.483211,40.752145],[14.483243,40.752093],[14.483257,40.752076],[14.483292,40.75202],[14.483294,40.752021],[14.483295,40.75202],[14.482941,40.751894],[14.482775,40.752161],[14.482934,40.752262],[14.483098,40.752321],[14.483099,40.752322],[14.483111,40.7523],[14.483113,40.752299],[14.48313,40.752272],[14.483132,40.752268],[14.483138,40.752259],[14.483147,40.752244]]]}},{"type":"Feature","properties":{"level":"property","id":"VI.7.23","label":"Property VI.7.23"},"geometry":{"type":"Polygon","coordinates":[[[14.48299,40.752499],[14.482848,40.752442],[14.482837,40.752459],[14.4828,40.752444],[14.482878,40.752328],[14.482912,40.752341],[14.482897,40.752369],[14.482997,40.752406],[14.483014,40.752381],[14.483051,40.752395],[14.483052,40.752399],[14.483071,40.752369],[14.483079,40.752355],[14.483099,40.752322],[14.483098,40.752321],[14.482934,40.752262],[14.482775,40.752161],[14.48276,40.752185],[14.482757,40.752186],[14.482593,40.75244],[14.482794,40.752525],[14.482938,40.752585],[14.48294,40.752582],[14.482964,40.752543],[14.482978,40.752518],[14.48299,40.752499],[14.48299,40.752499]]]}},{"type":"Feature","properties":{"level":"property","id":"VI.7.25","label":"Property VI.7.25"},"geometry":{"type":"Polygon","coordinates":[[[14.483022,40.75245],[14.483046,40.752407],[14.483052,40.752399],[14.483051,40.752395],[14.483014,40.752381],[14.482997,40.752406],[14.482897,40.752369],[14.482912,40.752341],[14.482877,40.752328],[14.4828,40.752444],[14.482837,40.752459],[14.482848,40.752442],[14.48299,40.752499],[14.48299,40.752499],[14.483003,40.752479],[14.483006,40.752476],[14.483012,40.752465],[14.483022,40.75245]]]}},{"type":"Feature","properties":{"level":"property","id":"VI.7.3","label":"Property VI.7.3"},"geometry":{"type":"Polygon","coordinates":[[[14.483171,40.751529],[14.483167,40.751536],[14.483143,40.751572],[14.483147,40.751571],[14.483272,40.751623],[14.483314,40.75164],[14.483325,40.751626],[14.483399,40.751657],[14.483432,40.751611],[14.483364,40.751579],[14.483392,40.751541],[14.483272,40.751486],[14.483259,40.751503],[14.483234,40.751493],[14.483219,40.751512],[14.483191,40.751501],[14.483171,40.751529],[14.483171,40.751529]]]}},{"type":"Feature","properties":{"level":"property","id":"VI.7.6","label":"Property VI.7.6"},"geometry":{"type":"Polygon","coordinates":[[[14.483377,40.751534],[14.483499,40.751362],[14.483431,40.751329],[14.483418,40.751323],[14.483385,40.751307],[14.483375,40.751302],[14.483364,40.751296],[14.483353,40.751291],[14.483342,40.751287],[14.483338,40.751286],[14.483294,40.751349],[14.483191,40.751501],[14.483219,40.751512],[14.483234,40.751493],[14.483259,40.751503],[14.483272,40.751486],[14.483377,40.751534]]]}},{"type":"Feature","properties":{"level":"property","id":"VI.7.7","label":"Property VI.7.7"},"geometry":{"type":"Polygon","coordinates":[[[14.483543,40.751384],[14.483532,40.751378],[14.483499,40.751362],[14.483377,40.751534],[14.483392,40.751541],[14.483364,40.751579],[14.483414,40.751602],[14.483467,40.751526],[14.483472,40.751524],[14.483515,40.751475],[14.483572,40.751398],[14.483543,40.751384]]]}},{"type":"Feature","properties":{"level":"property","id":"VI.8.12"},"geometry":{"type":"Polygon","coordinates":[[[14.483977,40.750799],[14.483992,40.750776],[14.484049,40.750798],[14.484052,40.750797],[14.484068,40.750777],[14.484075,40.750769],[14.48409,40.750754],[14.484158,40.750666],[14.484135,40.750657],[14.484113,40.750647],[14.484093,40.75064],[14.484081,40.750635],[14.484076,40.750634],[14.484019,40.750613],[14.484009,40.750608],[14.483933,40.75072],[14.483913,40.75075],[14.483932,40.750758],[14.483921,40.750777],[14.483977,40.750799]]]}},{"type":"Feature","properties":{"level":"property","id":"VI.8.12"},"geometry":{"type":"Polygon","coordinates":[[[14.484045,40.750809],[14.484052,40.750797],[14.484049,40.750798],[14.483992,40.750776],[14.483977,40.750799],[14.484037,40.750822],[14.48404,40.750817],[14.484045,40.750809]]]}},{"type":"Feature","properties":{"level":"property","id":"VI.8.15","label":"Property VI.8.15"},"geometry":{"type":"Polygon","coordinates":[[[14.484031,40.75083],[14.484037,40.750822],[14.483921,40.750777],[14.483905,40.750802],[14.483934,40.750812],[14.483928,40.750821],[14.484016,40.750855],[14.484019,40.75085],[14.484031,40.75083]]]}},{"type":"Feature","properties":{"level":"property","id":"VI.8.16","label":"Property VI.8.16"},"geometry":{"type":"Polygon","coordinates":[[[14.484011,40.750864],[14.484016,40.750855],[14.483928,40.750821],[14.483903,40.750859],[14.483993,40.750892],[14.483996,40.750886],[14.484011,40.750864]]]}},{"type":"Feature","properties":{"level":"property","id":"VI.8.17","label":"Property VI.8.17"},"geometry":{"type":"Polygon","coordinates":[[[14.483987,40.7509],[14.483993,40.750892],[14.483903,40.750859],[14.483878,40.750896],[14.483922,40.750912],[14.483969,40.750928],[14.483971,40.750924],[14.483987,40.7509]]]}},{"type":"Feature","properties":{"level":"property","id":"VI.8.18","label":"Property VI.8.18"},"geometry":{"type":"Polygon","coordinates":[[[14.483964,40.750937],[14.483969,40.750928],[14.483922,40.750912],[14.4839,40.750947],[14.483947,40.750964],[14.483951,40.750958],[14.483964,40.750937]]]}},{"type":"Feature","properties":{"level":"property","id":"VI.8.19","label":"Property VI.8.19"},"geometry":{"type":"Polygon","coordinates":[[[14.483942,40.750972],[14.483947,40.750964],[14.4839,40.750947],[14.483878,40.750981],[14.483924,40.750997],[14.483927,40.750996],[14.483942,40.750972]]]}},{"type":"Feature","properties":{"level":"property","id":"VI.8.21","label":"Property VI.8.21"},"geometry":{"type":"Polygon","coordinates":[[[14.483828,40.751127],[14.48384,40.751103],[14.483857,40.751108],[14.483864,40.751096],[14.483872,40.751088],[14.48389,40.751057],[14.483896,40.751047],[14.483906,40.751029],[14.483927,40.750996],[14.483924,40.750997],[14.483878,40.750981],[14.483922,40.750912],[14.483879,40.750896],[14.483934,40.750812],[14.483877,40.750792],[14.483849,40.750837],[14.483644,40.750765],[14.483626,40.750795],[14.483617,40.750809],[14.483543,40.750934],[14.483642,40.750967],[14.483621,40.751001],[14.483685,40.751024],[14.483676,40.751036],[14.483709,40.751048],[14.483691,40.751078],[14.483828,40.751127]]]}},{"type":"Feature","properties":{"level":"property","id":"VI.8.22","label":"Property VI.8.22"},"geometry":{"type":"Polygon","coordinates":[[[14.483824,40.751162],[14.483857,40.751108],[14.48384,40.751103],[14.483828,40.751127],[14.483691,40.751078],[14.483709,40.751048],[14.483676,40.751036],[14.483685,40.751024],[14.483621,40.751001],[14.483642,40.750967],[14.483543,40.750934],[14.483524,40.750965],[14.483518,40.750975],[14.483436,40.751114],[14.483776,40.751239],[14.483776,40.751239],[14.483811,40.751182],[14.483824,40.751162]]]}},{"type":"Feature","properties":{"level":"property","id":"VI.8.23","label":"Property VI.8.23"},"geometry":{"type":"Polygon","coordinates":[[[14.483697,40.751369],[14.483746,40.751286],[14.483759,40.751267],[14.483776,40.751239],[14.483776,40.751239],[14.483436,40.751114],[14.483349,40.75126],[14.483674,40.751408],[14.483687,40.751384],[14.483697,40.751369]]]}},{"type":"Feature","properties":{"level":"property","id":"VI.8.5","label":"Property VI.8.5"},"geometry":{"type":"Polygon","coordinates":[[[14.483849,40.750837],[14.483877,40.750792],[14.483888,40.750774],[14.48389,40.750771],[14.48383,40.750744],[14.483897,40.750634],[14.483934,40.750573],[14.483938,40.750572],[14.483925,40.750566],[14.48389,40.750552],[14.48388,40.750548],[14.483861,40.750541],[14.48385,40.750535],[14.483808,40.750518],[14.483795,40.750513],[14.483757,40.750576],[14.483654,40.75075],[14.483645,40.750764],[14.483644,40.750765],[14.483849,40.750837]]]}},{"type":"Feature","properties":{"level":"property","id":"VI.8.7"},"geometry":{"type":"Polygon","coordinates":[[[14.484001,40.750604],[14.483959,40.750585],[14.483944,40.750577],[14.483938,40.750572],[14.483934,40.750573],[14.48383,40.750744],[14.48389,40.750771],[14.483888,40.750774],[14.483877,40.750792],[14.483892,40.750798],[14.483905,40.750802],[14.483921,40.750777],[14.483932,40.750758],[14.483913,40.75075],[14.483933,40.75072],[14.484009,40.750608],[14.484001,40.750604]]]}},{"type":"Feature","properties":{"level":"property","id":"VI.9.1","label":"Property VI.9.1"},"geometry":{"type":"Polygon","coordinates":[[[14.483453,40.752651],[14.483458,40.752643],[14.483307,40.752577],[14.483348,40.752525],[14.48339,40.752471],[14.48317,40.752373],[14.483094,40.752491],[14.483091,40.752495],[14.483078,40.752517],[14.483071,40.752529],[14.483054,40.752554],[14.483052,40.752556],[14.483029,40.752594],[14.483247,40.752692],[14.483238,40.752703],[14.48338,40.752765],[14.483434,40.752678],[14.483445,40.752666],[14.483451,40.752656],[14.483453,40.752651]]]}},{"type":"Feature","properties":{"level":"property","id":"VI.9.2","label":"Property VI.9.2"},"geometry":{"type":"Polygon","coordinates":[[[14.483491,40.752592],[14.483641,40.752351],[14.483646,40.752343],[14.48366,40.752321],[14.483663,40.752316],[14.483668,40.752309],[14.483672,40.752304],[14.483679,40.752294],[14.483576,40.752253],[14.483599,40.752218],[14.483335,40.752115],[14.483301,40.752168],[14.48329,40.752187],[14.48317,40.752373],[14.48339,40.752471],[14.483348,40.752525],[14.483307,40.752577],[14.483458,40.752643],[14.483468,40.752628],[14.48347,40.752623],[14.483478,40.752612],[14.483491,40.752592]]]}},{"type":"Feature","properties":{"level":"property","id":"VI.9.3","label":"Property VI.9.3"},"geometry":{"type":"Polygon","coordinates":[[[14.483366,40.752067],[14.483335,40.752115],[14.483599,40.752218],[14.483576,40.752253],[14.483679,40.752294],[14.483684,40.752288],[14.483688,40.75228],[14.483759,40.752163],[14.483437,40.752038],[14.483447,40.752022],[14.483406,40.752006],[14.483405,40.752006],[14.483375,40.752053],[14.483366,40.752067]]]}},{"type":"Feature","properties":{"level":"property","id":"VI.9.5","label":"Property VI.9.5"},"geometry":{"type":"Polygon","coordinates":[[[14.483839,40.75203],[14.483841,40.752027],[14.483845,40.752017],[14.483845,40.752014],[14.48378,40.75199],[14.483647,40.751933],[14.483665,40.751906],[14.483515,40.751837],[14.483429,40.75197],[14.483419,40.751985],[14.483411,40.751998],[14.483408,40.752001],[14.483405,40.752006],[14.483447,40.752022],[14.483437,40.752038],[14.483759,40.752163],[14.483827,40.752052],[14.483839,40.75203]]]}},{"type":"Feature","properties":{"level":"property","id":"VI.9.6","label":"Property VI.9.6"},"geometry":{"type":"Polygon","coordinates":[[[14.483559,40.751771],[14.483515,40.751837],[14.483665,40.751906],[14.483647,40.751933],[14.48378,40.75199],[14.483845,40.752014],[14.483845,40.752017],[14.48385,40.752011],[14.483845,40.752009],[14.484039,40.751704],[14.484036,40.751704],[14.483978,40.751679],[14.483962,40.751688],[14.483949,40.751683],[14.483933,40.751708],[14.483665,40.751591],[14.483665,40.751591],[14.483566,40.75176],[14.483559,40.751771]]]}},{"type":"Feature","properties":{"level":"property","id":"VI.9.6","label":"Property VI.9.6"},"geometry":{"type":"Polygon","coordinates":[[[14.484079,40.751636],[14.48373,40.751478],[14.483689,40.751547],[14.483683,40.751562],[14.483665,40.751591],[14.483665,40.751591],[14.483933,40.751708],[14.483949,40.751683],[14.483962,40.751688],[14.483978,40.751679],[14.484036,40.751704],[14.484039,40.751704],[14.484051,40.751682],[14.484079,40.751636]]]}},{"type":"Feature","properties":{"level":"property","id":"VII.1.1","label":"Property VII.1.1"},"geometry":{"type":"Polygon","coordinates":[[[14.487311,40.74962],[14.487276,40.749611],[14.487258,40.749606],[14.487254,40.74962],[14.487244,40.749649],[14.487242,40.749656],[14.487297,40.749667],[14.487319,40.749622],[14.487311,40.74962]]]}},{"type":"Feature","properties":{"level":"property","id":"VII.1.10","label":"Property VII.1.10"},"geometry":{"type":"Polygon","coordinates":[[[14.48789,40.749855],[14.487846,40.749833],[14.487839,40.74983],[14.487806,40.749871],[14.487864,40.749898],[14.487898,40.749858],[14.48789,40.749855],[14.48789,40.749855]]]}},{"type":"Feature","properties":{"level":"property","id":"VII.1.11","label":"Property VII.1.11"},"geometry":{"type":"Polygon","coordinates":[[[14.487943,40.749879],[14.487908,40.749863],[14.487898,40.749858],[14.487864,40.749898],[14.487919,40.749925],[14.487952,40.749883],[14.487943,40.749879],[14.487943,40.749879]]]}},{"type":"Feature","properties":{"level":"property","id":"VII.1.12","label":"Property VII.1.12"},"geometry":{"type":"Polygon","coordinates":[[[14.488025,40.749917],[14.487998,40.749904],[14.487962,40.749887],[14.487952,40.749883],[14.487919,40.749925],[14.48798,40.749954],[14.487986,40.749949],[14.488011,40.749928],[14.488025,40.749917]]]}},{"type":"Feature","properties":{"level":"property","id":"VII.1.18","label":"Property VII.1.18"},"geometry":{"type":"Polygon","coordinates":[[[14.48759,40.750298],[14.48759,40.750298],[14.487594,40.750293],[14.487484,40.750237],[14.48747,40.750256],[14.487571,40.75031],[14.487572,40.750313],[14.487578,40.750308],[14.48759,40.750298]]]}},{"type":"Feature","properties":{"level":"property","id":"VII.1.19","label":"Property VII.1.19"},"geometry":{"type":"Polygon","coordinates":[[[14.487547,40.750336],[14.487572,40.750313],[14.487571,40.75031],[14.48747,40.750256],[14.487438,40.750299],[14.487532,40.750349],[14.487547,40.750336]]]}},{"type":"Feature","properties":{"level":"property","id":"VII.1.2","label":"Property VII.1.2"},"geometry":{"type":"Polygon","coordinates":[[[14.487367,40.749633],[14.487329,40.749625],[14.487319,40.749622],[14.487297,40.749667],[14.487357,40.749679],[14.487376,40.749636],[14.487367,40.749633],[14.487367,40.749633]]]}},{"type":"Feature","properties":{"level":"property","id":"VII.1.21"},"geometry":{"type":"Polygon","coordinates":[[[14.487438,40.750299],[14.487395,40.750281],[14.487294,40.75037],[14.487371,40.750414],[14.48742,40.750441],[14.487421,40.750445],[14.487446,40.750422],[14.487461,40.750411],[14.487463,40.750409],[14.487466,40.750406],[14.487484,40.750389],[14.487484,40.750386],[14.487453,40.750367],[14.487404,40.750337],[14.487444,40.750302],[14.487438,40.750299]]]}},{"type":"Feature","properties":{"level":"property","id":"VII.1.21"},"geometry":{"type":"Polygon","coordinates":[[[14.487524,40.750356],[14.487524,40.750356],[14.487532,40.750349],[14.487444,40.750302],[14.487404,40.750337],[14.487484,40.750386],[14.487484,40.750389],[14.487493,40.750382],[14.487524,40.750356]]]}},{"type":"Feature","properties":{"level":"property","id":"VII.1.23","label":"Property VII.1.23"},"geometry":{"type":"Polygon","coordinates":[[[14.487402,40.750461],[14.487421,40.750445],[14.48742,40.750441],[14.487371,40.750414],[14.487352,40.750435],[14.487397,40.750461],[14.487402,40.750461]]]}},{"type":"Feature","properties":{"level":"property","id":"VII.1.24","label":"Property VII.1.24"},"geometry":{"type":"Polygon","coordinates":[[[14.487375,40.750485],[14.487381,40.750479],[14.487352,40.750462],[14.487321,40.75049],[14.487349,40.750505],[14.487349,40.750508],[14.487356,40.750503],[14.487375,40.750485]]]}},{"type":"Feature","properties":{"level":"property","id":"VII.1.25","label":"Property VII.1.25"},"geometry":{"type":"Polygon","coordinates":[[[14.487066,40.750118],[14.487052,40.750131],[14.487001,40.750183],[14.486961,40.750212],[14.487069,40.75028],[14.487029,40.750325],[14.487087,40.75036],[14.487139,40.750311],[14.487352,40.750435],[14.487371,40.750414],[14.487294,40.75037],[14.487395,40.750281],[14.487438,40.750299],[14.487484,40.750237],[14.487487,40.750232],[14.487357,40.750174],[14.487325,40.750211],[14.487096,40.750095],[14.487091,40.750094],[14.487066,40.750118]]]}},{"type":"Feature","properties":{"level":"property","id":"VII.1.25","label":"Property VII.1.25"},"geometry":{"type":"Polygon","coordinates":[[[14.487349,40.750508],[14.487349,40.750505],[14.487321,40.75049],[14.487352,40.750462],[14.487381,40.750479],[14.487402,40.750461],[14.487397,40.750461],[14.487352,40.750435],[14.487139,40.750311],[14.487087,40.75036],[14.487033,40.750413],[14.487179,40.750501],[14.487187,40.750493],[14.48724,40.750525],[14.487282,40.75049],[14.487335,40.750521],[14.487338,40.750518],[14.487349,40.750508]]]}},{"type":"Feature","properties":{"level":"property","id":"VII.1.26","label":"Property VII.1.26"},"geometry":{"type":"Polygon","coordinates":[[[14.487324,40.750531],[14.487335,40.750521],[14.487282,40.75049],[14.48724,40.750525],[14.487293,40.750558],[14.487301,40.750551],[14.487324,40.750531]]]}},{"type":"Feature","properties":{"level":"property","id":"VII.1.27","label":"Property VII.1.27"},"geometry":{"type":"Polygon","coordinates":[[[14.487142,40.750541],[14.487179,40.750501],[14.487041,40.750418],[14.486995,40.750463],[14.487135,40.750547],[14.487142,40.750541]]]}},{"type":"Feature","properties":{"level":"property","id":"VII.1.27","label":"Property VII.1.27"},"geometry":{"type":"Polygon","coordinates":[[[14.487278,40.750571],[14.487293,40.750558],[14.48724,40.750525],[14.487187,40.750493],[14.487179,40.750501],[14.487041,40.750418],[14.486995,40.750463],[14.487135,40.750547],[14.487142,40.750541],[14.487244,40.750601],[14.487258,40.750589],[14.487278,40.750571]]]}},{"type":"Feature","properties":{"level":"property","id":"VII.1.29"},"geometry":{"type":"Polygon","coordinates":[[[14.487238,40.750606],[14.487244,40.750601],[14.487199,40.750574],[14.487167,40.750605],[14.487209,40.750631],[14.487211,40.750629],[14.487216,40.750625],[14.487221,40.750621],[14.487238,40.750606]]]}},{"type":"Feature","properties":{"level":"property","id":"VII.1.3","label":"Property VII.1.3"},"geometry":{"type":"Polygon","coordinates":[[[14.487424,40.749649],[14.487385,40.749639],[14.487376,40.749636],[14.487357,40.749679],[14.487416,40.749691],[14.487433,40.749651],[14.487424,40.749649]]]}},{"type":"Feature","properties":{"level":"property","id":"VII.1.31","label":"Property VII.1.31"},"geometry":{"type":"Polygon","coordinates":[[[14.487189,40.750647],[14.487189,40.750647],[14.487195,40.750642],[14.487095,40.750583],[14.487053,40.750623],[14.487151,40.750676],[14.487151,40.750679],[14.487168,40.750665],[14.487189,40.750647]]]}},{"type":"Feature","properties":{"level":"property","id":"VII.1.34","label":"Property VII.1.34"},"geometry":{"type":"Polygon","coordinates":[[[14.487151,40.750676],[14.487053,40.750623],[14.487012,40.750662],[14.487003,40.750664],[14.486968,40.750701],[14.48697,40.750706],[14.486976,40.75071],[14.487005,40.750726],[14.48706,40.750757],[14.487068,40.750749],[14.487092,40.750729],[14.487098,40.750722],[14.487105,40.750717],[14.487122,40.750702],[14.487151,40.750679],[14.487151,40.750676]]]}},{"type":"Feature","properties":{"level":"property","id":"VII.1.36","label":"Property VII.1.36"},"geometry":{"type":"Polygon","coordinates":[[[14.486995,40.750463],[14.486984,40.750457],[14.486934,40.750507],[14.486858,40.750582],[14.486808,40.750632],[14.48681,40.750633],[14.486813,40.75063],[14.486826,40.750637],[14.486868,40.750656],[14.486877,40.75066],[14.486878,40.75066],[14.4869,40.750671],[14.48697,40.750706],[14.486968,40.750701],[14.487003,40.750664],[14.487012,40.750662],[14.487095,40.750583],[14.487195,40.750642],[14.487197,40.75064],[14.487208,40.750633],[14.487209,40.750631],[14.487167,40.750605],[14.487199,40.750574],[14.487142,40.750541],[14.487135,40.750547],[14.486995,40.750463]]]}},{"type":"Feature","properties":{"level":"property","id":"VII.1.38","label":"Property VII.1.38"},"geometry":{"type":"Polygon","coordinates":[[[14.486799,40.750628],[14.486799,40.750628],[14.486808,40.750632],[14.486858,40.750582],[14.486934,40.750507],[14.486881,40.750467],[14.486847,40.750503],[14.486801,40.750539],[14.486736,40.750597],[14.486745,40.750602],[14.486774,40.750616],[14.486783,40.75062],[14.486799,40.750628]]]}},{"type":"Feature","properties":{"level":"property","id":"VII.1.4","label":"Property VII.1.4"},"geometry":{"type":"Polygon","coordinates":[[[14.487482,40.749664],[14.487443,40.749654],[14.487433,40.749651],[14.487416,40.749691],[14.487435,40.749695],[14.487465,40.749709],[14.487489,40.749667],[14.487482,40.749664]]]}},{"type":"Feature","properties":{"level":"property","id":"VII.1.40","label":"Property VII.1.40"},"geometry":{"type":"Polygon","coordinates":[[[14.486934,40.750507],[14.486984,40.750457],[14.486995,40.750463],[14.487041,40.750418],[14.487033,40.750413],[14.487087,40.75036],[14.487029,40.750325],[14.487041,40.750312],[14.486995,40.750282],[14.486956,40.750323],[14.486873,40.750272],[14.486697,40.750378],[14.486578,40.750481],[14.486572,40.750486],[14.48656,40.750497],[14.486552,40.750503],[14.486563,40.75051],[14.486597,40.750527],[14.486635,40.750547],[14.486636,40.750548],[14.486651,40.750554],[14.486736,40.750597],[14.486801,40.750539],[14.486847,40.750503],[14.486881,40.750467],[14.486934,40.750507]]]}},{"type":"Feature","properties":{"level":"property","id":"VII.1.45","label":"Property VII.1.45"},"geometry":{"type":"Polygon","coordinates":[[[14.48694,40.750227],[14.486931,40.750234],[14.486918,40.750242],[14.486888,40.750263],[14.486873,40.750272],[14.486956,40.750323],[14.486995,40.750282],[14.487041,40.750312],[14.487069,40.75028],[14.486961,40.750212],[14.48694,40.750227],[14.48694,40.750227]]]}},{"type":"Feature","properties":{"level":"property","id":"VII.1.49","label":"Property VII.1.49"},"geometry":{"type":"Polygon","coordinates":[[[14.487128,40.750019],[14.487113,40.750047],[14.487099,40.750078],[14.487103,40.750078],[14.487138,40.750096],[14.48718,40.75004],[14.487131,40.750018],[14.487128,40.750019]]]}},{"type":"Feature","properties":{"level":"property","id":"VII.1.5","label":"Property VII.1.5"},"geometry":{"type":"Polygon","coordinates":[[[14.487538,40.749689],[14.487497,40.749671],[14.487489,40.749667],[14.487465,40.749709],[14.487514,40.749733],[14.487546,40.749693],[14.487538,40.749689],[14.487538,40.749689]]]}},{"type":"Feature","properties":{"level":"property","id":"VII.1.52","label":"Property VII.1.52"},"geometry":{"type":"Polygon","coordinates":[[[14.48715,40.749942],[14.487144,40.749958],[14.487143,40.749964],[14.487178,40.749971],[14.487187,40.749945],[14.487151,40.749937],[14.48715,40.749942]]]}},{"type":"Feature","properties":{"level":"property","id":"VII.1.53","label":"Property VII.1.53"},"geometry":{"type":"Polygon","coordinates":[[[14.487209,40.749754],[14.487208,40.749763],[14.487205,40.74977],[14.487198,40.749791],[14.487195,40.749803],[14.487187,40.749826],[14.487183,40.749838],[14.487175,40.749864],[14.487172,40.749875],[14.487163,40.749897],[14.48716,40.749908],[14.487153,40.749932],[14.487151,40.749937],[14.487187,40.749945],[14.487178,40.749971],[14.487195,40.749974],[14.487269,40.749764],[14.48721,40.749752],[14.487209,40.749754]]]}},{"type":"Feature","properties":{"level":"property","id":"VII.1.59","label":"Property VII.1.59"},"geometry":{"type":"Polygon","coordinates":[[[14.487216,40.749739],[14.487211,40.74975],[14.48721,40.749752],[14.487269,40.749764],[14.487275,40.74975],[14.487216,40.749737],[14.487216,40.749739]]]}},{"type":"Feature","properties":{"level":"property","id":"VII.1.6","label":"Property VII.1.6"},"geometry":{"type":"Polygon","coordinates":[[[14.487596,40.749717],[14.487556,40.749698],[14.487546,40.749693],[14.487514,40.749733],[14.487572,40.74976],[14.487605,40.749721],[14.487596,40.749717],[14.487596,40.749717]]]}},{"type":"Feature","properties":{"level":"property","id":"VII.1.60","label":"Property VII.1.60"},"geometry":{"type":"Polygon","coordinates":[[[14.487227,40.749703],[14.487219,40.749727],[14.487216,40.749737],[14.4873,40.749756],[14.487316,40.749716],[14.487229,40.749694],[14.487227,40.749703]]]}},{"type":"Feature","properties":{"level":"property","id":"VII.1.61","label":"Property VII.1.61"},"geometry":{"type":"Polygon","coordinates":[[[14.48724,40.749664],[14.487231,40.749689],[14.487229,40.749694],[14.487316,40.749716],[14.487333,40.749674],[14.487297,40.749667],[14.487242,40.749656],[14.48724,40.749664]]]}},{"type":"Feature","properties":{"level":"property","id":"VII.1.7","label":"Property VII.1.7"},"geometry":{"type":"Polygon","coordinates":[[[14.487646,40.74974],[14.487614,40.749725],[14.487605,40.749721],[14.487572,40.74976],[14.487623,40.749784],[14.487656,40.749744],[14.487646,40.74974]]]}},{"type":"Feature","properties":{"level":"property","id":"VII.1.8","label":"Property VII.1.8"},"geometry":{"type":"Polygon","coordinates":[[[14.487709,40.750192],[14.487731,40.750173],[14.487736,40.750189],[14.48774,40.750191],[14.487815,40.750128],[14.487798,40.750114],[14.48783,40.750085],[14.487843,40.750093],[14.487861,40.750078],[14.487849,40.750068],[14.487964,40.749967],[14.487971,40.749961],[14.48798,40.749954],[14.487919,40.749925],[14.487864,40.749898],[14.487806,40.749871],[14.487839,40.74983],[14.487769,40.749797],[14.487735,40.749836],[14.487678,40.74981],[14.487711,40.749771],[14.487702,40.749767],[14.487668,40.74975],[14.487656,40.749744],[14.487623,40.749784],[14.487572,40.74976],[14.487514,40.749733],[14.487465,40.749709],[14.487435,40.749695],[14.487416,40.749691],[14.487357,40.749679],[14.487333,40.749674],[14.487316,40.749716],[14.4873,40.749756],[14.487275,40.74975],[14.487269,40.749764],[14.487195,40.749974],[14.487178,40.749971],[14.487143,40.749964],[14.487142,40.749966],[14.487136,40.74998],[14.487134,40.749989],[14.487142,40.74999],[14.487134,40.750003],[14.487129,40.750013],[14.487128,40.750019],[14.487131,40.750018],[14.48718,40.75004],[14.487138,40.750096],[14.487103,40.750078],[14.487099,40.750078],[14.487094,40.750088],[14.487091,40.750094],[14.487096,40.750095],[14.487325,40.750211],[14.487357,40.750174],[14.487487,40.750232],[14.487484,40.750237],[14.487594,40.750293],[14.487598,40.75029],[14.48761,40.750279],[14.487636,40.750256],[14.487654,40.75024],[14.487709,40.750192]]]}},{"type":"Feature","properties":{"level":"property","id":"VII.1.9"},"geometry":{"type":"Polygon","coordinates":[[[14.487761,40.749794],[14.487722,40.749776],[14.487711,40.749771],[14.487678,40.74981],[14.487735,40.749836],[14.487769,40.749797],[14.487761,40.749794]]]}},{"type":"Feature","properties":{"level":"property","id":"VII.10.12","label":"Property VII.10.12"},"geometry":{"type":"Polygon","coordinates":[[[14.486218,40.749991],[14.486226,40.749977],[14.486226,40.749975],[14.486228,40.749971],[14.486098,40.749928],[14.486067,40.749984],[14.486037,40.749976],[14.486008,40.75004],[14.486016,40.750042],[14.486021,40.750042],[14.48605,40.750048],[14.486074,40.750053],[14.486079,40.750054],[14.486106,40.750059],[14.486175,40.750072],[14.486177,40.750064],[14.486188,40.750044],[14.486193,40.750036],[14.486197,40.75003],[14.486199,40.750024],[14.486206,40.750012],[14.486217,40.749994],[14.486218,40.749991]]]}},{"type":"Feature","properties":{"level":"property","id":"VII.10.2","label":"Property VII.10.2"},"geometry":{"type":"Polygon","coordinates":[[[14.485921,40.749663],[14.485906,40.749691],[14.485894,40.749721],[14.485897,40.749725],[14.48595,40.74974],[14.485967,40.749708],[14.486028,40.749726],[14.486046,40.74969],[14.48602,40.749685],[14.486013,40.749683],[14.485978,40.749676],[14.485969,40.749674],[14.485921,40.749663]]]}},{"type":"Feature","properties":{"level":"property","id":"VII.10.3","label":"Property VII.10.3"},"geometry":{"type":"Polygon","coordinates":[[[14.485847,40.749806],[14.485941,40.749834],[14.485975,40.749844],[14.485986,40.749823],[14.486027,40.749836],[14.486031,40.749829],[14.486083,40.749845],[14.486078,40.749856],[14.486082,40.749857],[14.48626,40.749912],[14.486267,40.749901],[14.486269,40.749897],[14.486304,40.749838],[14.486307,40.749832],[14.48631,40.749826],[14.486348,40.749753],[14.486156,40.749714],[14.486076,40.749697],[14.486066,40.749695],[14.486046,40.74969],[14.486028,40.749726],[14.485967,40.749708],[14.48595,40.74974],[14.485897,40.749725],[14.485894,40.749721],[14.485873,40.749758],[14.485867,40.749768],[14.485847,40.749806]]]}},{"type":"Feature","properties":{"level":"property","id":"VII.10.5","label":"Property VII.10.5"},"geometry":{"type":"Polygon","coordinates":[[[14.48626,40.749912],[14.486082,40.749857],[14.486078,40.749856],[14.486083,40.749845],[14.486031,40.749829],[14.486027,40.749836],[14.485986,40.749823],[14.485975,40.749844],[14.485941,40.749834],[14.485847,40.749806],[14.485842,40.749816],[14.485829,40.74984],[14.485823,40.749855],[14.485817,40.749867],[14.485819,40.749869],[14.48591,40.749893],[14.485887,40.749939],[14.485928,40.749948],[14.485899,40.750019],[14.485924,40.750023],[14.485936,40.750026],[14.486008,40.75004],[14.486037,40.749976],[14.486067,40.749984],[14.486098,40.749928],[14.486228,40.749971],[14.486236,40.749958],[14.486241,40.749947],[14.486254,40.749923],[14.486256,40.749919],[14.48626,40.749912]]]}},{"type":"Feature","properties":{"level":"property","id":"VII.10.6","label":"Property VII.10.6"},"geometry":{"type":"Polygon","coordinates":[[[14.485808,40.749881],[14.485794,40.749908],[14.48579,40.749918],[14.485793,40.749917],[14.485887,40.749939],[14.48591,40.749893],[14.485819,40.749869],[14.485817,40.749867],[14.485808,40.749881],[14.485808,40.749881]]]}},{"type":"Feature","properties":{"level":"property","id":"VII.10.7","label":"Property VII.10.7"},"geometry":{"type":"Polygon","coordinates":[[[14.48579,40.749918],[14.485759,40.749982],[14.485753,40.749992],[14.485762,40.749994],[14.485767,40.749995],[14.485899,40.750019],[14.485928,40.749948],[14.485793,40.749917],[14.48579,40.749918]]]}},{"type":"Feature","properties":{"level":"property","id":"VII.11.1","label":"Property VII.11.1"},"geometry":{"type":"Polygon","coordinates":[[[14.486331,40.749866],[14.486302,40.749919],[14.4863,40.749926],[14.486449,40.749953],[14.486506,40.749784],[14.486387,40.749759],[14.486336,40.749855],[14.486331,40.749866]]]}},{"type":"Feature","properties":{"level":"property","id":"VII.11.10","label":"Property VII.11.10"},"geometry":{"type":"Polygon","coordinates":[[[14.486748,40.750182],[14.486808,40.750195],[14.48686,40.750064],[14.486803,40.750051],[14.486718,40.750032],[14.486731,40.749996],[14.486629,40.749972],[14.48658,40.750102],[14.486605,40.750108],[14.486607,40.750102],[14.486656,40.75011],[14.486639,40.750156],[14.486731,40.750177],[14.486748,40.750182]]]}},{"type":"Feature","properties":{"level":"property","id":"VII.11.11","label":"Property VII.11.11"},"geometry":{"type":"Polygon","coordinates":[[[14.48695,40.750129],[14.486984,40.75005],[14.487028,40.750062],[14.487033,40.750061],[14.487041,40.75005],[14.487039,40.750047],[14.486988,40.750034],[14.487002,40.750006],[14.48701,40.750008],[14.487021,40.749981],[14.48696,40.749968],[14.48699,40.749883],[14.486685,40.749822],[14.486629,40.749972],[14.486731,40.749996],[14.486718,40.750032],[14.486803,40.750051],[14.48686,40.750064],[14.486808,40.750195],[14.486841,40.750202],[14.486859,40.750205],[14.486901,40.750215],[14.486949,40.750181],[14.486959,40.750166],[14.486964,40.750159],[14.486968,40.750154],[14.486942,40.750147],[14.48695,40.750129]]]}},{"type":"Feature","properties":{"level":"property","id":"VII.11.12","label":"Property VII.11.12"},"geometry":{"type":"Polygon","coordinates":[[[14.486974,40.750146],[14.486977,40.750141],[14.48698,40.750136],[14.48695,40.750129],[14.486942,40.750147],[14.486968,40.750154],[14.486974,40.750146]]]}},{"type":"Feature","properties":{"level":"property","id":"VII.11.13","label":"Property VII.11.13"},"geometry":{"type":"Polygon","coordinates":[[[14.487033,40.750061],[14.487028,40.750062],[14.486984,40.75005],[14.48695,40.750129],[14.48698,40.750136],[14.487013,40.750089],[14.487025,40.750072],[14.487033,40.750061]]]}},{"type":"Feature","properties":{"level":"property","id":"VII.11.15","label":"Property VII.11.15"},"geometry":{"type":"Polygon","coordinates":[[[14.487045,40.750043],[14.487062,40.750019],[14.487064,40.750017],[14.487074,40.749993],[14.487021,40.749981],[14.48701,40.750008],[14.487002,40.750006],[14.486988,40.750034],[14.487039,40.750047],[14.487041,40.75005],[14.487045,40.750043]]]}},{"type":"Feature","properties":{"level":"property","id":"VII.11.17","label":"Property VII.11.17"},"geometry":{"type":"Polygon","coordinates":[[[14.487082,40.749975],[14.487087,40.749962],[14.487092,40.749949],[14.487103,40.749923],[14.487111,40.749906],[14.48699,40.749883],[14.48696,40.749968],[14.487074,40.749993],[14.487082,40.749975]]]}},{"type":"Feature","properties":{"level":"property","id":"VII.11.2","label":"Property VII.11.2"},"geometry":{"type":"Polygon","coordinates":[[[14.486286,40.749965],[14.486283,40.749974],[14.486278,40.749989],[14.486277,40.749991],[14.486274,40.74999],[14.48627,40.749998],[14.486274,40.749999],[14.486274,40.750001],[14.486268,40.750017],[14.486271,40.750015],[14.486339,40.750027],[14.486422,40.750042],[14.486432,40.750014],[14.486428,40.750013],[14.486449,40.749953],[14.4863,40.749926],[14.486286,40.749965]]]}},{"type":"Feature","properties":{"level":"property","id":"VII.11.5","label":"Property VII.11.5"},"geometry":{"type":"Polygon","coordinates":[[[14.486268,40.750017],[14.486264,40.750026],[14.486258,40.750044],[14.486252,40.750058],[14.486243,40.750084],[14.486363,40.750105],[14.486373,40.750082],[14.486323,40.750073],[14.486339,40.750027],[14.486271,40.750015],[14.486268,40.750017]]]}},{"type":"Feature","properties":{"level":"property","id":"VII.11.6","label":"Property VII.11.6"},"geometry":{"type":"Polygon","coordinates":[[[14.486421,40.750116],[14.486505,40.750131],[14.486526,40.750135],[14.486547,40.750139],[14.486557,40.75014],[14.486565,40.750142],[14.486685,40.749822],[14.486506,40.749784],[14.486449,40.749953],[14.486428,40.750013],[14.486432,40.750014],[14.486422,40.750042],[14.486339,40.750027],[14.486323,40.750073],[14.486373,40.750082],[14.486363,40.750105],[14.486399,40.750112],[14.486421,40.750116]]]}},{"type":"Feature","properties":{"level":"property","id":"VII.11.9","label":"Property VII.11.9"},"geometry":{"type":"Polygon","coordinates":[[[14.486633,40.750155],[14.486639,40.750156],[14.486656,40.75011],[14.486607,40.750102],[14.486605,40.750108],[14.48658,40.750102],[14.486565,40.750142],[14.486618,40.750153],[14.486633,40.750155]]]}},{"type":"Feature","properties":{"level":"property","id":"VII.12.1","label":"Property VII.12.1"},"geometry":{"type":"Polygon","coordinates":[[[14.485569,40.750354],[14.485584,40.750357],[14.48561,40.75036],[14.485622,40.750362],[14.485655,40.750368],[14.485671,40.750372],[14.48569,40.75033],[14.485659,40.750321],[14.485681,40.750272],[14.48562,40.750255],[14.48559,40.750312],[14.485576,40.75034],[14.485569,40.750354]]]}},{"type":"Feature","properties":{"level":"property","id":"VII.12.10","label":"Property VII.12.10"},"geometry":{"type":"Polygon","coordinates":[[[14.486157,40.750448],[14.486168,40.750449],[14.486187,40.750334],[14.486041,40.750298],[14.486039,40.750299],[14.485991,40.750384],[14.48604,40.750389],[14.486095,40.750394],[14.486084,40.750441],[14.486097,40.750442],[14.486157,40.750448]]]}},{"type":"Feature","properties":{"level":"property","id":"VII.12.11","label":"Property VII.12.11"},"geometry":{"type":"Polygon","coordinates":[[[14.486237,40.750456],[14.48625,40.750456],[14.486271,40.750345],[14.486293,40.750347],[14.486354,40.750235],[14.486264,40.750211],[14.486207,40.750337],[14.486187,40.750334],[14.486168,40.750449],[14.48618,40.75045],[14.486237,40.750456]]]}},{"type":"Feature","properties":{"level":"property","id":"VII.12.12","label":"Property VII.12.12"},"geometry":{"type":"Polygon","coordinates":[[[14.486321,40.750462],[14.486335,40.750463],[14.486345,40.750415],[14.486357,40.750354],[14.486293,40.750347],[14.486271,40.750345],[14.48625,40.750456],[14.48626,40.750457],[14.486321,40.750462]]]}},{"type":"Feature","properties":{"level":"property","id":"VII.12.13","label":"Property VII.12.13"},"geometry":{"type":"Polygon","coordinates":[[[14.486411,40.750251],[14.486354,40.750235],[14.486293,40.750347],[14.486357,40.750354],[14.486345,40.750415],[14.486335,40.750463],[14.486346,40.750464],[14.486403,40.75047],[14.486417,40.750471],[14.486427,40.750422],[14.486432,40.750388],[14.486375,40.750382],[14.48638,40.750356],[14.486437,40.750258],[14.486411,40.750251]]]}},{"type":"Feature","properties":{"level":"property","id":"VII.12.14","label":"Property VII.12.14"},"geometry":{"type":"Polygon","coordinates":[[[14.486471,40.750476],[14.486487,40.750477],[14.486548,40.750398],[14.486546,40.750397],[14.486596,40.750332],[14.486521,40.750292],[14.486456,40.75039],[14.486432,40.750388],[14.486427,40.750422],[14.486417,40.750471],[14.486428,40.750472],[14.486471,40.750476]]]}},{"type":"Feature","properties":{"level":"property","id":"VII.12.15","label":"Property VII.12.15"},"geometry":{"type":"Polygon","coordinates":[[[14.486581,40.75042],[14.486688,40.750346],[14.486696,40.75034],[14.486702,40.750336],[14.486675,40.750311],[14.486666,40.750334],[14.486616,40.750319],[14.486608,40.750338],[14.486596,40.750332],[14.486546,40.750397],[14.486548,40.750398],[14.486567,40.750408],[14.486572,40.750415],[14.486581,40.75042]]]}},{"type":"Feature","properties":{"level":"property","id":"VII.12.18","label":"Property VII.12.18"},"geometry":{"type":"Polygon","coordinates":[[[14.48681,40.750276],[14.486821,40.750269],[14.486868,40.750243],[14.486857,40.750229],[14.486819,40.750221],[14.486806,40.750219],[14.486774,40.750213],[14.486775,40.750215],[14.486763,40.750222],[14.486767,40.750229],[14.486731,40.750249],[14.486775,40.750294],[14.486777,40.750293],[14.486785,40.750289],[14.48681,40.750276]]]}},{"type":"Feature","properties":{"level":"property","id":"VII.12.20","label":"Property VII.12.20"},"geometry":{"type":"Polygon","coordinates":[[[14.48676,40.75021],[14.486752,40.750211],[14.486716,40.750234],[14.486731,40.750249],[14.486767,40.750229],[14.486763,40.750222],[14.486775,40.750215],[14.486774,40.750213],[14.48676,40.75021]]]}},{"type":"Feature","properties":{"level":"property","id":"VII.12.21","label":"Property VII.12.21"},"geometry":{"type":"Polygon","coordinates":[[[14.486608,40.750338],[14.486616,40.750319],[14.486666,40.750334],[14.486675,40.750311],[14.486702,40.750336],[14.486744,40.750313],[14.486754,40.750307],[14.486775,40.750294],[14.486716,40.750234],[14.486752,40.750211],[14.48676,40.75021],[14.486596,40.750177],[14.486574,40.750173],[14.486544,40.750167],[14.486484,40.750258],[14.48653,40.750276],[14.486521,40.750292],[14.486596,40.750332],[14.486608,40.750338]]]}},{"type":"Feature","properties":{"level":"property","id":"VII.12.22"},"geometry":{"type":"Polygon","coordinates":[[[14.486484,40.750155],[14.486471,40.750153],[14.48636,40.750131],[14.486339,40.750183],[14.486433,40.750202],[14.486411,40.750251],[14.486437,40.750258],[14.48638,40.750356],[14.486375,40.750382],[14.486432,40.750388],[14.486456,40.75039],[14.486521,40.750292],[14.48653,40.750276],[14.486484,40.750258],[14.486544,40.750167],[14.486532,40.750165],[14.486522,40.750162],[14.486503,40.750159],[14.486488,40.750156],[14.486484,40.750155]]]}},{"type":"Feature","properties":{"level":"property","id":"VII.12.26","label":"Property VII.12.26"},"geometry":{"type":"Polygon","coordinates":[[[14.486207,40.750337],[14.486264,40.750211],[14.486354,40.750235],[14.486411,40.750251],[14.486433,40.750202],[14.486339,40.750183],[14.48636,40.750131],[14.486262,40.750112],[14.486211,40.750116],[14.486206,40.750115],[14.486191,40.750112],[14.486187,40.750111],[14.486164,40.750097],[14.486158,40.750096],[14.486158,40.750096],[14.486155,40.750098],[14.486113,40.75017],[14.486041,40.750298],[14.486187,40.750334],[14.486207,40.750337]]]}},{"type":"Feature","properties":{"level":"property","id":"VII.12.28","label":"Property VII.12.28"},"geometry":{"type":"Polygon","coordinates":[[[14.486104,40.750086],[14.486085,40.75008],[14.486052,40.750074],[14.486054,40.750076],[14.486042,40.7501],[14.486017,40.750092],[14.485956,40.750202],[14.485924,40.750195],[14.485899,40.750255],[14.485922,40.750261],[14.48592,40.750265],[14.486039,40.750299],[14.486041,40.750298],[14.486113,40.75017],[14.486155,40.750098],[14.486158,40.750096],[14.486104,40.750086],[14.486104,40.750086]]]}},{"type":"Feature","properties":{"level":"property","id":"VII.12.29","label":"Property VII.12.29"},"geometry":{"type":"Polygon","coordinates":[[[14.48604,40.750071],[14.486027,40.750068],[14.486025,40.750071],[14.486026,40.750074],[14.486017,40.750092],[14.486042,40.7501],[14.486054,40.750076],[14.486052,40.750074],[14.48604,40.750071]]]}},{"type":"Feature","properties":{"level":"property","id":"VII.12.3","label":"Property VII.12.3"},"geometry":{"type":"Polygon","coordinates":[[[14.485702,40.750378],[14.485705,40.750377],[14.485722,40.750338],[14.485757,40.750349],[14.485765,40.750331],[14.4858,40.750343],[14.48582,40.7503],[14.485838,40.750305],[14.485842,40.750295],[14.485879,40.750302],[14.485924,40.750195],[14.485884,40.750185],[14.485883,40.750187],[14.485678,40.75014],[14.48562,40.750255],[14.485681,40.750272],[14.485659,40.750321],[14.48569,40.75033],[14.485671,40.750372],[14.485679,40.750373],[14.485702,40.750378]]]}},{"type":"Feature","properties":{"level":"property","id":"VII.12.30","label":"Property VII.12.30"},"geometry":{"type":"Polygon","coordinates":[[[14.48597,40.75006],[14.485953,40.750056],[14.485944,40.750054],[14.485937,40.750052],[14.485913,40.750047],[14.485886,40.750041],[14.485872,40.750039],[14.485861,40.750067],[14.485852,40.750073],[14.48585,40.750081],[14.485913,40.750095],[14.485895,40.750144],[14.485978,40.750162],[14.486017,40.750092],[14.486026,40.750074],[14.486025,40.750071],[14.48597,40.75006]]]}},{"type":"Feature","properties":{"level":"property","id":"VII.12.33","label":"Property VII.12.33"},"geometry":{"type":"Polygon","coordinates":[[[14.485863,40.750037],[14.485849,40.750035],[14.485844,40.750034],[14.485833,40.750059],[14.485861,40.750067],[14.485872,40.750039],[14.485863,40.750037]]]}},{"type":"Feature","properties":{"level":"property","id":"VII.12.34","label":"Property VII.12.34"},"geometry":{"type":"Polygon","coordinates":[[[14.485744,40.750013],[14.48574,40.750021],[14.485723,40.750054],[14.485724,40.750057],[14.485822,40.750077],[14.48583,40.750059],[14.485833,40.750059],[14.485844,40.750034],[14.485744,40.750013]]]}},{"type":"Feature","properties":{"level":"property","id":"VII.12.35","label":"Property VII.12.35"},"geometry":{"type":"Polygon","coordinates":[[[14.485709,40.750081],[14.485678,40.75014],[14.485883,40.750187],[14.485884,40.750185],[14.485924,40.750195],[14.485956,40.750202],[14.485978,40.750162],[14.485895,40.750144],[14.485913,40.750095],[14.48585,40.750081],[14.485852,40.750073],[14.485861,40.750067],[14.485833,40.750059],[14.48583,40.750059],[14.485822,40.750077],[14.485724,40.750057],[14.485723,40.750054],[14.485717,40.750064],[14.485709,40.750081]]]}},{"type":"Feature","properties":{"level":"property","id":"VII.12.4","label":"Property VII.12.4"},"geometry":{"type":"Polygon","coordinates":[[[14.485772,40.750394],[14.485775,40.750392],[14.485789,40.750357],[14.485792,40.750358],[14.4858,40.750343],[14.485765,40.750331],[14.485757,40.750349],[14.485722,40.750338],[14.485705,40.750377],[14.485702,40.750378],[14.485715,40.750382],[14.485772,40.750394]]]}},{"type":"Feature","properties":{"level":"property","id":"VII.12.5"},"geometry":{"type":"Polygon","coordinates":[[[14.485991,40.750384],[14.486039,40.750299],[14.48592,40.750265],[14.485922,40.750261],[14.485899,40.750255],[14.485879,40.750302],[14.485842,40.750295],[14.485838,40.750305],[14.48582,40.7503],[14.4858,40.750343],[14.485792,40.750358],[14.485789,40.750357],[14.485775,40.750392],[14.485772,40.750394],[14.485784,40.750396],[14.485833,40.750405],[14.485841,40.750406],[14.485878,40.750327],[14.48591,40.750334],[14.485941,40.750341],[14.485925,40.750368],[14.485898,40.750417],[14.485907,40.750418],[14.485954,40.750427],[14.485966,40.750429],[14.485991,40.750384]]]}},{"type":"Feature","properties":{"level":"property","id":"VII.12.6","label":"Property VII.12.6"},"geometry":{"type":"Polygon","coordinates":[[[14.485889,40.750415],[14.485898,40.750417],[14.485941,40.750341],[14.48591,40.750334],[14.485878,40.750327],[14.485841,40.750406],[14.485849,40.750408],[14.485889,40.750415]]]}},{"type":"Feature","properties":{"level":"property","id":"VII.12.8","label":"Property VII.12.8"},"geometry":{"type":"Polygon","coordinates":[[[14.48604,40.750389],[14.485991,40.750384],[14.485966,40.750429],[14.485978,40.75043],[14.486022,40.750436],[14.48603,40.750437],[14.486039,40.750437],[14.486073,40.750441],[14.486084,40.750441],[14.486095,40.750394],[14.48604,40.750389]]]}},{"type":"Feature","properties":{"level":"property","id":"VII.13.1","label":"Property VII.13.1"},"geometry":{"type":"Polygon","coordinates":[[[14.486147,40.749331],[14.486104,40.749321],[14.486084,40.749316],[14.486058,40.749371],[14.486047,40.749392],[14.486045,40.749397],[14.486125,40.749418],[14.48616,40.749334],[14.486147,40.749331]]]}},{"type":"Feature","properties":{"level":"property","id":"VII.13.10","label":"Property VII.13.10"},"geometry":{"type":"Polygon","coordinates":[[[14.486557,40.749432],[14.486544,40.749428],[14.48651,40.74942],[14.486498,40.749417],[14.486468,40.749493],[14.48651,40.749505],[14.486557,40.749432]]]}},{"type":"Feature","properties":{"level":"property","id":"VII.13.13","label":"Property VII.13.13"},"geometry":{"type":"Polygon","coordinates":[[[14.486483,40.74955],[14.486486,40.749543],[14.486491,40.749534],[14.486487,40.749536],[14.486398,40.749507],[14.486386,40.749535],[14.486472,40.749567],[14.486483,40.74955]]]}},{"type":"Feature","properties":{"level":"property","id":"VII.13.14","label":"Property VII.13.14"},"geometry":{"type":"Polygon","coordinates":[[[14.486259,40.749714],[14.486259,40.749714],[14.486284,40.74972],[14.486289,40.749703],[14.486274,40.7497],[14.486286,40.749666],[14.486228,40.749656],[14.486221,40.749678],[14.486212,40.749704],[14.486219,40.749706],[14.486229,40.749707],[14.486249,40.749712],[14.486259,40.749714]]]}},{"type":"Feature","properties":{"level":"property","id":"VII.13.15","label":"Property VII.13.15"},"geometry":{"type":"Polygon","coordinates":[[[14.486205,40.749703],[14.486212,40.749704],[14.486221,40.749678],[14.486197,40.749673],[14.486188,40.749699],[14.486195,40.749701],[14.486205,40.749703]]]}},{"type":"Feature","properties":{"level":"property","id":"VII.13.16","label":"Property VII.13.16"},"geometry":{"type":"Polygon","coordinates":[[[14.486182,40.749698],[14.486188,40.749699],[14.486197,40.749673],[14.48617,40.749667],[14.486159,40.749692],[14.486156,40.749693],[14.48617,40.749696],[14.486182,40.749698]]]}},{"type":"Feature","properties":{"level":"property","id":"VII.13.19","label":"Property VII.13.19"},"geometry":{"type":"Polygon","coordinates":[[[14.486017,40.749663],[14.486025,40.749665],[14.486032,40.749645],[14.486008,40.749641],[14.486002,40.74966],[14.486012,40.749662],[14.486017,40.749663]]]}},{"type":"Feature","properties":{"level":"property","id":"VII.13.2","label":"Property VII.13.2"},"geometry":{"type":"Polygon","coordinates":[[[14.486176,40.749339],[14.48616,40.749334],[14.486142,40.749377],[14.486171,40.749384],[14.486189,40.749344],[14.486187,40.749343],[14.486176,40.749339]]]}},{"type":"Feature","properties":{"level":"property","id":"VII.13.20","label":"Property VII.13.20"},"geometry":{"type":"Polygon","coordinates":[[[14.485969,40.74955],[14.485959,40.74957],[14.485946,40.749599],[14.485934,40.749622],[14.485925,40.749644],[14.486002,40.74966],[14.486008,40.749641],[14.486032,40.749645],[14.486057,40.749577],[14.486029,40.749569],[14.486033,40.749562],[14.485972,40.749544],[14.485969,40.74955],[14.485969,40.74955]]]}},{"type":"Feature","properties":{"level":"property","id":"VII.13.22","label":"Property VII.13.22"},"geometry":{"type":"Polygon","coordinates":[[[14.485977,40.749532],[14.485972,40.749544],[14.486033,40.749562],[14.486049,40.749528],[14.485989,40.749508],[14.485985,40.749515],[14.485977,40.749532]]]}},{"type":"Feature","properties":{"level":"property","id":"VII.13.23","label":"Property VII.13.23"},"geometry":{"type":"Polygon","coordinates":[[[14.485993,40.7495],[14.485989,40.749508],[14.486049,40.749528],[14.486075,40.749475],[14.486014,40.749457],[14.485997,40.74949],[14.485993,40.7495]]]}},{"type":"Feature","properties":{"level":"property","id":"VII.13.24","label":"Property VII.13.24"},"geometry":{"type":"Polygon","coordinates":[[[14.486026,40.749434],[14.486014,40.749457],[14.486075,40.749475],[14.486106,40.749413],[14.486045,40.749397],[14.486043,40.749402],[14.486026,40.749434]]]}},{"type":"Feature","properties":{"level":"property","id":"VII.13.4","label":"Property VII.13.4"},"geometry":{"type":"Polygon","coordinates":[[[14.486159,40.749692],[14.48617,40.749667],[14.486221,40.749678],[14.486228,40.749656],[14.486214,40.749653],[14.486226,40.749616],[14.486161,40.749602],[14.486193,40.74953],[14.486245,40.749544],[14.486251,40.749532],[14.486299,40.749545],[14.486321,40.749486],[14.486276,40.749475],[14.486301,40.749416],[14.486236,40.7494],[14.486252,40.74936],[14.48625,40.749357],[14.486231,40.749352],[14.486218,40.749349],[14.486191,40.749344],[14.486189,40.749344],[14.486171,40.749384],[14.486142,40.749377],[14.486125,40.749418],[14.486106,40.749413],[14.486075,40.749475],[14.486049,40.749528],[14.486033,40.749562],[14.486029,40.749569],[14.486057,40.749577],[14.486032,40.749645],[14.486025,40.749665],[14.48612,40.749685],[14.486129,40.749687],[14.48614,40.749689],[14.486156,40.749693],[14.486159,40.749692]]]}},{"type":"Feature","properties":{"level":"property","id":"VII.13.5","label":"Property VII.13.5"},"geometry":{"type":"Polygon","coordinates":[[[14.486311,40.749372],[14.48627,40.749363],[14.48625,40.749357],[14.486252,40.74936],[14.486236,40.7494],[14.486301,40.749416],[14.486319,40.749374],[14.486311,40.749372]]]}},{"type":"Feature","properties":{"level":"property","id":"VII.13.6","label":"Property VII.13.6"},"geometry":{"type":"Polygon","coordinates":[[[14.486359,40.749383],[14.486329,40.749376],[14.486319,40.749374],[14.486301,40.749416],[14.486352,40.749428],[14.486369,40.749386],[14.486359,40.749383]]]}},{"type":"Feature","properties":{"level":"property","id":"VII.13.7","label":"Property VII.13.7"},"geometry":{"type":"Polygon","coordinates":[[[14.48641,40.749395],[14.486379,40.749388],[14.486369,40.749386],[14.486352,40.749428],[14.486301,40.749416],[14.486276,40.749475],[14.486321,40.749486],[14.486371,40.749496],[14.486419,40.7494],[14.486424,40.749399],[14.48641,40.749395],[14.48641,40.749395]]]}},{"type":"Feature","properties":{"level":"property","id":"VII.13.8","label":"Property VII.13.8"},"geometry":{"type":"Polygon","coordinates":[[[14.486363,40.749737],[14.486472,40.749567],[14.486386,40.749535],[14.486398,40.749507],[14.48644,40.749404],[14.486439,40.749402],[14.486424,40.749399],[14.486419,40.7494],[14.486371,40.749496],[14.486321,40.749486],[14.486299,40.749545],[14.486251,40.749532],[14.486245,40.749544],[14.486192,40.74953],[14.486161,40.749602],[14.486226,40.749616],[14.486214,40.749653],[14.486228,40.749656],[14.486286,40.749666],[14.486274,40.7497],[14.486289,40.749703],[14.486284,40.74972],[14.486363,40.749737]]]}},{"type":"Feature","properties":{"level":"property","id":"VII.13.9","label":"Property VII.13.9"},"geometry":{"type":"Polygon","coordinates":[[[14.486439,40.749402],[14.48644,40.749404],[14.486398,40.749507],[14.486487,40.749536],[14.486491,40.749534],[14.486496,40.749526],[14.48651,40.749505],[14.486468,40.749493],[14.486498,40.749417],[14.486486,40.749414],[14.486453,40.749406],[14.486439,40.749402]]]}},{"type":"Feature","properties":{"level":"property","id":"VII.14.1","label":"Property VII.14.1"},"geometry":{"type":"Polygon","coordinates":[[[14.486609,40.749452],[14.48658,40.749445],[14.486576,40.749443],[14.486544,40.7495],[14.486538,40.749509],[14.486534,40.749518],[14.486537,40.749516],[14.486589,40.749529],[14.486619,40.749454],[14.486609,40.749452]]]}},{"type":"Feature","properties":{"level":"property","id":"VII.14.10","label":"Property VII.14.10"},"geometry":{"type":"Polygon","coordinates":[[[14.487002,40.749536],[14.486963,40.74953],[14.486951,40.749528],[14.486935,40.749571],[14.486989,40.749583],[14.487008,40.749537],[14.487002,40.749536]]]}},{"type":"Feature","properties":{"level":"property","id":"VII.14.11","label":"Property VII.14.11"},"geometry":{"type":"Polygon","coordinates":[[[14.487044,40.749545],[14.487015,40.749539],[14.487008,40.749537],[14.486989,40.749583],[14.487013,40.749588],[14.487033,40.749593],[14.487052,40.749547],[14.487044,40.749545]]]}},{"type":"Feature","properties":{"level":"property","id":"VII.14.12","label":"Property VII.14.12"},"geometry":{"type":"Polygon","coordinates":[[[14.487093,40.749557],[14.487058,40.749549],[14.487052,40.749547],[14.487033,40.749593],[14.487013,40.749588],[14.486996,40.74963],[14.48705,40.749643],[14.487064,40.749646],[14.487099,40.749562],[14.487103,40.74956],[14.487093,40.749557]]]}},{"type":"Feature","properties":{"level":"property","id":"VII.14.13","label":"Property VII.14.13"},"geometry":{"type":"Polygon","coordinates":[[[14.487141,40.749568],[14.487103,40.74956],[14.487099,40.749562],[14.487069,40.749634],[14.487113,40.749644],[14.487143,40.749569],[14.487141,40.749568]]]}},{"type":"Feature","properties":{"level":"property","id":"VII.14.15","label":"Property VII.14.15"},"geometry":{"type":"Polygon","coordinates":[[[14.487184,40.74966],[14.487208,40.749585],[14.487196,40.749582],[14.487146,40.749569],[14.487143,40.749569],[14.487113,40.749644],[14.487069,40.749634],[14.487064,40.749646],[14.48705,40.749643],[14.487005,40.749746],[14.486966,40.749849],[14.487115,40.749878],[14.487147,40.749777],[14.48715,40.749767],[14.487162,40.749729],[14.487166,40.749717],[14.487184,40.74966]]]}},{"type":"Feature","properties":{"level":"property","id":"VII.14.2","label":"Property VII.14.2"},"geometry":{"type":"Polygon","coordinates":[[[14.486659,40.749463],[14.486632,40.749457],[14.486619,40.749454],[14.486589,40.749529],[14.486647,40.749543],[14.486676,40.749468],[14.486659,40.749463]]]}},{"type":"Feature","properties":{"level":"property","id":"VII.14.3","label":"Property VII.14.3"},"geometry":{"type":"Polygon","coordinates":[[[14.486717,40.749478],[14.486687,40.749471],[14.486676,40.749468],[14.486647,40.749543],[14.486632,40.749539],[14.486625,40.749558],[14.486692,40.749573],[14.486728,40.749483],[14.486731,40.749482],[14.486717,40.749478]]]}},{"type":"Feature","properties":{"level":"property","id":"VII.14.4","label":"Property VII.14.4"},"geometry":{"type":"Polygon","coordinates":[[[14.48675,40.749486],[14.486731,40.749482],[14.486728,40.749483],[14.486701,40.749551],[14.486723,40.749557],[14.486752,40.749487],[14.48675,40.749486]]]}},{"type":"Feature","properties":{"level":"property","id":"VII.14.5","label":"Property VII.14.5"},"geometry":{"type":"Polygon","coordinates":[[[14.486517,40.749547],[14.486618,40.749573],[14.486625,40.749558],[14.486632,40.749539],[14.486589,40.749529],[14.486537,40.749516],[14.486534,40.749518],[14.486528,40.749528],[14.486517,40.749547]]]}},{"type":"Feature","properties":{"level":"property","id":"VII.14.5","label":"Property VII.14.5"},"geometry":{"type":"Polygon","coordinates":[[[14.486772,40.749491],[14.486759,40.749489],[14.486752,40.749487],[14.486723,40.749557],[14.486701,40.749551],[14.486692,40.749573],[14.486625,40.749558],[14.486618,40.749573],[14.486517,40.749547],[14.486499,40.749578],[14.486493,40.749589],[14.486461,40.749647],[14.486454,40.749655],[14.486405,40.749744],[14.486476,40.749758],[14.486481,40.749759],[14.486501,40.749763],[14.486519,40.749765],[14.486712,40.749803],[14.486729,40.749754],[14.486745,40.749757],[14.486764,40.749704],[14.486772,40.749706],[14.486815,40.749601],[14.486744,40.749584],[14.486782,40.749493],[14.486772,40.749491]]]}},{"type":"Feature","properties":{"level":"property","id":"VII.14.6","label":"Property VII.14.6"},"geometry":{"type":"Polygon","coordinates":[[[14.486824,40.749501],[14.486792,40.749495],[14.486782,40.749493],[14.486744,40.749584],[14.486815,40.749601],[14.486855,40.749507],[14.486852,40.749507],[14.486839,40.749505],[14.486824,40.749501]]]}},{"type":"Feature","properties":{"level":"property","id":"VII.14.8","label":"Property VII.14.8"},"geometry":{"type":"Polygon","coordinates":[[[14.486912,40.74952],[14.486866,40.74951],[14.486855,40.749507],[14.486824,40.749581],[14.486864,40.749589],[14.486875,40.74956],[14.486902,40.749567],[14.486921,40.749522],[14.486912,40.74952]]]}},{"type":"Feature","properties":{"level":"property","id":"VII.14.9","label":"Property VII.14.9"},"geometry":{"type":"Polygon","coordinates":[[[14.486946,40.749527],[14.486927,40.749524],[14.486921,40.749522],[14.486902,40.749567],[14.486875,40.74956],[14.486864,40.749589],[14.486824,40.749581],[14.486815,40.749601],[14.486772,40.749706],[14.486764,40.749704],[14.486745,40.749757],[14.486729,40.749754],[14.486712,40.749803],[14.48677,40.749815],[14.486777,40.749816],[14.486966,40.749849],[14.487005,40.749746],[14.48705,40.749643],[14.486996,40.74963],[14.487013,40.749588],[14.486935,40.749571],[14.486951,40.749528],[14.486946,40.749527]]]}},{"type":"Feature","properties":{"level":"property","id":"VII.15.10","label":"Property VII.15.10"},"geometry":{"type":"Polygon","coordinates":[[[14.483926,40.749486],[14.48394,40.749473],[14.483948,40.749464],[14.483945,40.749464],[14.4839,40.749437],[14.483869,40.749469],[14.483915,40.749496],[14.483916,40.749495],[14.483926,40.749486]]]}},{"type":"Feature","properties":{"level":"property","id":"VII.15.11","label":"Property VII.15.11"},"geometry":{"type":"Polygon","coordinates":[[[14.483696,40.749598],[14.483709,40.749607],[14.483756,40.749638],[14.483774,40.749622],[14.483786,40.749611],[14.483872,40.749535],[14.48388,40.749527],[14.483915,40.749496],[14.483833,40.749447],[14.483688,40.749593],[14.483696,40.749598]]]}},{"type":"Feature","properties":{"level":"property","id":"VII.15.12","label":"Property VII.15.12"},"geometry":{"type":"Polygon","coordinates":[[[14.483833,40.749447],[14.483754,40.749399],[14.483796,40.749358],[14.483744,40.749326],[14.483676,40.749407],[14.483562,40.749332],[14.483491,40.749394],[14.483451,40.749429],[14.483451,40.749432],[14.483463,40.74944],[14.483506,40.749467],[14.483515,40.749473],[14.483527,40.749482],[14.483619,40.749543],[14.483637,40.749557],[14.483688,40.749593],[14.483833,40.749447]]]}},{"type":"Feature","properties":{"level":"property","id":"VII.15.2","label":"Property VII.15.2"},"geometry":{"type":"Polygon","coordinates":[[[14.48371,40.749019],[14.483691,40.749004],[14.483636,40.74896],[14.483626,40.748953],[14.483598,40.748928],[14.483464,40.749016],[14.48346,40.749019],[14.483448,40.749027],[14.48344,40.749032],[14.483429,40.74904],[14.483258,40.749256],[14.483357,40.749363],[14.483403,40.7494],[14.483415,40.749407],[14.483451,40.749432],[14.483451,40.749429],[14.483562,40.749332],[14.483676,40.749407],[14.483744,40.749326],[14.483675,40.749279],[14.483658,40.749292],[14.483555,40.749219],[14.4837,40.749119],[14.483769,40.749067],[14.48371,40.749019]]]}},{"type":"Feature","properties":{"level":"property","id":"VII.15.5"},"geometry":{"type":"Polygon","coordinates":[[[14.483765,40.749338],[14.483833,40.749276],[14.483869,40.749298],[14.48389,40.749278],[14.483869,40.749265],[14.483856,40.749256],[14.483928,40.74919],[14.483927,40.749187],[14.483917,40.74918],[14.483871,40.74915],[14.483859,40.749143],[14.483827,40.749119],[14.483831,40.749116],[14.483828,40.749113],[14.483823,40.749109],[14.483811,40.7491],[14.4838,40.749092],[14.483769,40.749067],[14.4837,40.749119],[14.483555,40.749219],[14.483658,40.749292],[14.483675,40.749279],[14.483744,40.749326],[14.483765,40.749338]]]}},{"type":"Feature","properties":{"level":"property","id":"VII.15.6","label":"Property VII.15.6"},"geometry":{"type":"Polygon","coordinates":[[[14.483962,40.74921],[14.483948,40.749201],[14.483927,40.749187],[14.483928,40.74919],[14.483856,40.749256],[14.483902,40.749286],[14.483935,40.749256],[14.483977,40.74922],[14.483962,40.74921],[14.483962,40.74921]]]}},{"type":"Feature","properties":{"level":"property","id":"VII.15.7","label":"Property VII.15.7"},"geometry":{"type":"Polygon","coordinates":[[[14.484019,40.749247],[14.484006,40.749239],[14.483977,40.74922],[14.483935,40.749256],[14.483902,40.749286],[14.484004,40.749352],[14.484025,40.749332],[14.484062,40.749357],[14.484064,40.749356],[14.484085,40.74929],[14.484019,40.749247],[14.484019,40.749247]]]}},{"type":"Feature","properties":{"level":"property","id":"VII.15.8","label":"Property VII.15.8"},"geometry":{"type":"Polygon","coordinates":[[[14.484009,40.749407],[14.484062,40.749357],[14.484025,40.749332],[14.484004,40.749352],[14.48389,40.749278],[14.483869,40.749298],[14.483833,40.749276],[14.483765,40.749338],[14.483796,40.749358],[14.483813,40.749343],[14.483971,40.749442],[14.483998,40.749416],[14.484009,40.749407]]]}},{"type":"Feature","properties":{"level":"property","id":"VII.15.9","label":"Property VII.15.9"},"geometry":{"type":"Polygon","coordinates":[[[14.483945,40.749464],[14.483948,40.749464],[14.483956,40.749457],[14.483971,40.749442],[14.483813,40.749343],[14.483796,40.749358],[14.483754,40.749399],[14.483833,40.749447],[14.483869,40.749469],[14.4839,40.749437],[14.483945,40.749464]]]}},{"type":"Feature","properties":{"level":"property","id":"VII.16.10","label":"Property VII.16.10"},"geometry":{"type":"Polygon","coordinates":[[[14.483586,40.748638],[14.483547,40.748626],[14.48345,40.748721],[14.483424,40.748746],[14.483373,40.748797],[14.483558,40.748897],[14.483558,40.748899],[14.483561,40.748901],[14.483581,40.748886],[14.483594,40.748875],[14.483611,40.748862],[14.483627,40.748851],[14.483636,40.748841],[14.483622,40.748823],[14.483562,40.748788],[14.483592,40.748759],[14.483601,40.748757],[14.4836,40.748755],[14.483631,40.748707],[14.483616,40.748697],[14.483648,40.74866],[14.483653,40.748659],[14.483634,40.748653],[14.483616,40.748647],[14.483601,40.748643],[14.483586,40.748638]]]}},{"type":"Feature","properties":{"level":"property","id":"VII.16.13","label":"Property VII.16.13"},"geometry":{"type":"Polygon","coordinates":[[[14.483378,40.748575],[14.483366,40.74857],[14.483126,40.748501],[14.483114,40.7485],[14.483052,40.748483],[14.482993,40.748639],[14.483005,40.748646],[14.483125,40.748671],[14.483233,40.748711],[14.483248,40.748716],[14.483249,40.748715],[14.483289,40.748732],[14.48332,40.748704],[14.483337,40.748715],[14.483353,40.748702],[14.483424,40.748746],[14.48345,40.748721],[14.483506,40.748666],[14.483471,40.748646],[14.483503,40.748613],[14.483466,40.748602],[14.483378,40.748575]]]}},{"type":"Feature","properties":{"level":"property","id":"VII.16.13","label":"Property VII.16.13"},"geometry":{"type":"Polygon","coordinates":[[[14.483448,40.748999],[14.483534,40.74892],[14.483551,40.748904],[14.483558,40.748899],[14.483558,40.748897],[14.483373,40.748797],[14.483424,40.748746],[14.483353,40.748702],[14.483337,40.748715],[14.48332,40.748704],[14.483289,40.748732],[14.483125,40.748671],[14.483005,40.748646],[14.482871,40.748802],[14.482865,40.748807],[14.482894,40.748825],[14.483177,40.748945],[14.48338,40.749059],[14.483382,40.749057],[14.48339,40.749051],[14.483424,40.74902],[14.483448,40.748999]]]}},{"type":"Feature","properties":{"level":"property","id":"VII.16.19","label":"Property VII.16.19"},"geometry":{"type":"Polygon","coordinates":[[[14.483611,40.749591],[14.483585,40.749616],[14.483635,40.749646],[14.483658,40.749622],[14.483644,40.749614],[14.483632,40.749605],[14.483611,40.749591]]]}},{"type":"Feature","properties":{"level":"property","id":"VII.16.2","label":"Property VII.16.2"},"geometry":{"type":"Polygon","coordinates":[[[14.483545,40.748625],[14.483503,40.748613],[14.483471,40.748646],[14.483506,40.748666],[14.483547,40.748626],[14.483545,40.748625]]]}},{"type":"Feature","properties":{"level":"property","id":"VII.16.22","label":"Property VII.16.22"},"geometry":{"type":"Polygon","coordinates":[[[14.483635,40.749646],[14.483585,40.749616],[14.483611,40.749591],[14.483601,40.749585],[14.483592,40.749578],[14.483574,40.749568],[14.483567,40.749562],[14.483483,40.749509],[14.483469,40.749498],[14.483465,40.749496],[14.483455,40.74949],[14.483452,40.749488],[14.483462,40.749476],[14.483338,40.749398],[14.48334,40.749396],[14.483336,40.749394],[14.483335,40.749396],[14.483333,40.749395],[14.483322,40.749385],[14.483325,40.749382],[14.483321,40.749379],[14.483318,40.749382],[14.4833,40.749365],[14.483304,40.749363],[14.483301,40.74936],[14.483297,40.749362],[14.483279,40.749346],[14.483281,40.749344],[14.483278,40.749341],[14.483276,40.749343],[14.48326,40.749329],[14.483263,40.749327],[14.48326,40.749324],[14.483257,40.749326],[14.483242,40.749313],[14.483246,40.74931],[14.483242,40.749308],[14.483239,40.74931],[14.483221,40.749294],[14.483224,40.749292],[14.483221,40.749289],[14.483218,40.749291],[14.483209,40.749282],[14.483205,40.749284],[14.483205,40.749285],[14.483171,40.749303],[14.483212,40.749345],[14.483306,40.749429],[14.483156,40.749612],[14.483087,40.749697],[14.482852,40.750014],[14.483132,40.75015],[14.483137,40.750144],[14.483156,40.750154],[14.48316,40.750153],[14.483175,40.750136],[14.483218,40.750087],[14.48323,40.750073],[14.483512,40.749768],[14.483516,40.749766],[14.48353,40.749752],[14.483635,40.749646]]]}},{"type":"Feature","properties":{"level":"property","id":"VII.16.6","label":"Property VII.16.6"},"geometry":{"type":"Polygon","coordinates":[[[14.483699,40.748672],[14.483689,40.74867],[14.483665,40.748663],[14.483653,40.748659],[14.483648,40.74866],[14.483616,40.748697],[14.483631,40.748707],[14.4836,40.748755],[14.483601,40.748757],[14.483607,40.748756],[14.48364,40.748767],[14.483643,40.748764],[14.483658,40.748768],[14.483707,40.748675],[14.483699,40.748672],[14.483699,40.748672]]]}},{"type":"Feature","properties":{"level":"property","id":"VII.16.7","label":"Property VII.16.7"},"geometry":{"type":"Polygon","coordinates":[[[14.483762,40.748691],[14.483741,40.748685],[14.483709,40.748676],[14.483707,40.748675],[14.483658,40.748768],[14.483689,40.748778],[14.483693,40.748774],[14.483698,40.748769],[14.483762,40.748691]]]}},{"type":"Feature","properties":{"level":"property","id":"VII.16.9","label":"Property VII.16.9"},"geometry":{"type":"Polygon","coordinates":[[[14.48367,40.748802],[14.483678,40.748792],[14.483689,40.748778],[14.483643,40.748764],[14.48364,40.748767],[14.483607,40.748756],[14.483592,40.748759],[14.483562,40.748788],[14.483622,40.748823],[14.483636,40.748841],[14.48367,40.748802]]]}},{"type":"Feature","properties":{"level":"property","id":"VII.16.a","label":"Property VII.16.a"},"geometry":{"type":"Polygon","coordinates":[[[14.483005,40.748646],[14.483005,40.748646],[14.482993,40.748639],[14.483052,40.748483],[14.483048,40.748481],[14.483047,40.748484],[14.483037,40.748483],[14.483036,40.748487],[14.483032,40.748486],[14.483022,40.748485],[14.483003,40.748484],[14.482994,40.748483],[14.482977,40.748481],[14.482969,40.748481],[14.482947,40.748479],[14.482939,40.748478],[14.482919,40.748476],[14.48291,40.748476],[14.482889,40.748474],[14.48288,40.748473],[14.482852,40.748471],[14.482844,40.74847],[14.482819,40.748468],[14.482809,40.748467],[14.482782,40.748465],[14.482773,40.748464],[14.482751,40.748462],[14.482742,40.748461],[14.482713,40.748459],[14.482706,40.748458],[14.482674,40.748456],[14.482675,40.74845],[14.48267,40.74845],[14.482669,40.748456],[14.482665,40.748455],[14.482632,40.748452],[14.482629,40.748452],[14.48263,40.748446],[14.482626,40.748445],[14.482624,40.748451],[14.482588,40.748447],[14.482576,40.748446],[14.482513,40.748441],[14.482509,40.748445],[14.482509,40.748448],[14.482424,40.748531],[14.482503,40.748575],[14.482464,40.748605],[14.482444,40.74859],[14.482431,40.7486],[14.48245,40.748615],[14.482433,40.748628],[14.482412,40.748611],[14.482397,40.748623],[14.482388,40.748617],[14.482384,40.74862],[14.482392,40.748626],[14.482375,40.748639],[14.482367,40.748633],[14.482363,40.748637],[14.482371,40.748643],[14.482358,40.748653],[14.482343,40.748654],[14.482345,40.748658],[14.482357,40.748657],[14.482392,40.748682],[14.482269,40.748777],[14.482309,40.74882],[14.482312,40.748822],[14.482426,40.748904],[14.482517,40.748831],[14.482684,40.748697],[14.482812,40.748775],[14.482865,40.748807],[14.482871,40.748802],[14.483005,40.748646],[14.483005,40.748646]]]}},{"type":"Feature","properties":{"level":"property","id":"VII.2.1","label":"Property VII.2.1"},"geometry":{"type":"Polygon","coordinates":[[[14.487015,40.750788],[14.487026,40.750779],[14.486973,40.750749],[14.48694,40.750779],[14.48699,40.750811],[14.486997,40.750804],[14.487015,40.750788]]]}},{"type":"Feature","properties":{"level":"property","id":"VII.2.10","label":"Property VII.2.10"},"geometry":{"type":"Polygon","coordinates":[[[14.486716,40.751048],[14.486731,40.751034],[14.486692,40.751011],[14.486654,40.751044],[14.486693,40.751068],[14.4867,40.751062],[14.486716,40.751048]]]}},{"type":"Feature","properties":{"level":"property","id":"VII.2.11","label":"Property VII.2.11"},"geometry":{"type":"Polygon","coordinates":[[[14.486686,40.751074],[14.486693,40.751068],[14.486654,40.751044],[14.486692,40.751011],[14.486668,40.750997],[14.486709,40.750958],[14.486618,40.750906],[14.486644,40.750879],[14.486622,40.750868],[14.486576,40.750845],[14.486546,40.750882],[14.486512,40.750863],[14.486387,40.750987],[14.486444,40.751022],[14.486437,40.751029],[14.486475,40.751052],[14.486485,40.751043],[14.48658,40.751103],[14.486618,40.751068],[14.486662,40.751095],[14.486667,40.751091],[14.486686,40.751074]]]}},{"type":"Feature","properties":{"level":"property","id":"VII.2.12","label":"Property VII.2.12"},"geometry":{"type":"Polygon","coordinates":[[[14.486651,40.751104],[14.486651,40.751104],[14.486662,40.751095],[14.486618,40.751068],[14.48658,40.751103],[14.48662,40.751128],[14.48662,40.751131],[14.486634,40.751119],[14.486651,40.751104]]]}},{"type":"Feature","properties":{"level":"property","id":"VII.2.13","label":"Property VII.2.13"},"geometry":{"type":"Polygon","coordinates":[[[14.48662,40.751131],[14.48662,40.751128],[14.48658,40.751103],[14.486576,40.751101],[14.486556,40.75112],[14.486599,40.751146],[14.486599,40.751149],[14.486607,40.751142],[14.48662,40.751131]]]}},{"type":"Feature","properties":{"level":"property","id":"VII.2.14","label":"Property VII.2.14"},"geometry":{"type":"Polygon","coordinates":[[[14.486576,40.751101],[14.486485,40.751043],[14.486475,40.751052],[14.486437,40.751029],[14.486444,40.751022],[14.486387,40.750987],[14.486372,40.751],[14.486358,40.750995],[14.486281,40.751085],[14.486293,40.751089],[14.486492,40.751177],[14.486544,40.751199],[14.486555,40.751189],[14.486577,40.75117],[14.486587,40.75116],[14.486599,40.751149],[14.486599,40.751146],[14.486556,40.75112],[14.486576,40.751101]]]}},{"type":"Feature","properties":{"level":"property","id":"VII.2.16","label":"Property VII.2.16"},"geometry":{"type":"Polygon","coordinates":[[[14.486212,40.75106],[14.486281,40.751085],[14.486358,40.750995],[14.486372,40.751],[14.486387,40.750987],[14.486512,40.750863],[14.486546,40.750882],[14.486576,40.750845],[14.486593,40.750823],[14.486447,40.750761],[14.486415,40.750801],[14.486301,40.750755],[14.486262,40.75081],[14.486206,40.750873],[14.486161,40.750937],[14.486127,40.751009],[14.486172,40.751022],[14.486162,40.751044],[14.486191,40.751053],[14.486212,40.75106]]]}},{"type":"Feature","properties":{"level":"property","id":"VII.2.17","label":"Property VII.2.17"},"geometry":{"type":"Polygon","coordinates":[[[14.486149,40.751039],[14.486149,40.751039],[14.486162,40.751044],[14.486172,40.751022],[14.486127,40.751009],[14.486117,40.751028],[14.486128,40.751032],[14.486149,40.751039]]]}},{"type":"Feature","properties":{"level":"property","id":"VII.2.18","label":"Property VII.2.18"},"geometry":{"type":"Polygon","coordinates":[[[14.4862,40.750494],[14.486176,40.750492],[14.486165,40.750541],[14.486163,40.750555],[14.486162,40.75056],[14.486151,40.75056],[14.486121,40.750663],[14.486127,40.750665],[14.485996,40.750943],[14.486004,40.750945],[14.485984,40.750984],[14.485985,40.750987],[14.485996,40.75099],[14.486036,40.751003],[14.486056,40.751009],[14.486117,40.751028],[14.486127,40.751009],[14.486161,40.750937],[14.486206,40.750873],[14.486262,40.75081],[14.486301,40.750755],[14.48633,40.750713],[14.486315,40.750706],[14.48633,40.750685],[14.486281,40.750672],[14.486293,40.750573],[14.486235,40.750565],[14.486242,40.7505],[14.486229,40.750499],[14.4862,40.750494]]]}},{"type":"Feature","properties":{"level":"property","id":"VII.2.2","label":"Property VII.2.2"},"geometry":{"type":"Polygon","coordinates":[[[14.486976,40.750823],[14.48699,40.750811],[14.48694,40.750779],[14.486904,40.750809],[14.486955,40.750841],[14.486955,40.750844],[14.486967,40.750833],[14.486976,40.750823]]]}},{"type":"Feature","properties":{"level":"property","id":"VII.2.20","label":"Property VII.2.20"},"geometry":{"type":"Polygon","coordinates":[[[14.485996,40.750943],[14.486127,40.750665],[14.486121,40.750663],[14.486147,40.750576],[14.486151,40.75056],[14.486162,40.75056],[14.486165,40.750541],[14.48612,40.750528],[14.486114,40.750539],[14.486068,40.750529],[14.486089,40.750484],[14.486027,40.750477],[14.486002,40.750537],[14.485951,40.750522],[14.485976,40.750468],[14.485953,40.750463],[14.485907,40.750454],[14.485894,40.750452],[14.485873,40.750449],[14.485868,40.750448],[14.485833,40.750442],[14.485816,40.750437],[14.485804,40.750473],[14.485801,40.75048],[14.485762,40.750595],[14.485749,40.750632],[14.485802,40.750643],[14.485802,40.750647],[14.485916,40.750677],[14.485884,40.750744],[14.485889,40.750745],[14.485848,40.750828],[14.485727,40.750793],[14.485728,40.750786],[14.4857,40.750781],[14.485702,40.750774],[14.485603,40.750756],[14.4856,40.750758],[14.485611,40.75076],[14.485613,40.750771],[14.485615,40.750798],[14.485627,40.750873],[14.485724,40.750904],[14.485731,40.750907],[14.485786,40.750924],[14.485784,40.750921],[14.4858,40.750889],[14.485816,40.750893],[14.485801,40.750925],[14.485798,40.750927],[14.485835,40.750939],[14.485875,40.750951],[14.485902,40.750959],[14.485985,40.750987],[14.485984,40.750984],[14.486004,40.750945],[14.485996,40.750943]]]}},{"type":"Feature","properties":{"level":"property","id":"VII.2.21","label":"Property VII.2.21"},"geometry":{"type":"Polygon","coordinates":[[[14.485786,40.750924],[14.485798,40.750927],[14.485801,40.750925],[14.485816,40.750893],[14.4858,40.750889],[14.485784,40.750921],[14.485786,40.750924]]]}},{"type":"Feature","properties":{"level":"property","id":"VII.2.23","label":"Property VII.2.23"},"geometry":{"type":"Polygon","coordinates":[[[14.485597,40.750726],[14.4856,40.750758],[14.485603,40.750756],[14.485702,40.750774],[14.4857,40.750781],[14.485728,40.750786],[14.485727,40.750793],[14.485848,40.750828],[14.485889,40.750745],[14.485884,40.750744],[14.48574,40.750706],[14.485653,40.75069],[14.485591,40.750687],[14.485594,40.75071],[14.485597,40.750726]]]}},{"type":"Feature","properties":{"level":"property","id":"VII.2.26"},"geometry":{"type":"Polygon","coordinates":[[[14.485672,40.750618],[14.48558,40.750601],[14.485581,40.750612],[14.485585,40.750631],[14.485584,40.750635],[14.485586,40.750646],[14.485589,40.750669],[14.485591,40.750682],[14.485591,40.750687],[14.485651,40.75069],[14.485653,40.75069],[14.48574,40.750706],[14.485884,40.750744],[14.485916,40.750677],[14.485802,40.750647],[14.485802,40.750643],[14.485749,40.750632],[14.485672,40.750618]]]}},{"type":"Feature","properties":{"level":"property","id":"VII.2.3","label":"Property VII.2.3"},"geometry":{"type":"Polygon","coordinates":[[[14.486955,40.750844],[14.486955,40.750841],[14.486904,40.750809],[14.48694,40.750779],[14.486973,40.750749],[14.486964,40.750744],[14.486785,40.750656],[14.486786,40.750659],[14.486753,40.750697],[14.486739,40.75069],[14.486705,40.750729],[14.486673,40.750714],[14.486621,40.750779],[14.486668,40.750801],[14.486663,40.750808],[14.486664,40.75081],[14.48664,40.750848],[14.486622,40.750868],[14.486644,40.750879],[14.486618,40.750906],[14.486729,40.750969],[14.486763,40.750935],[14.486815,40.750963],[14.486822,40.750957],[14.486836,40.750947],[14.486853,40.750931],[14.486798,40.7509],[14.48684,40.750864],[14.486877,40.750832],[14.486925,40.750863],[14.486929,40.750863],[14.486955,40.750844]]]}},{"type":"Feature","properties":{"level":"property","id":"VII.2.33","label":"Property VII.2.33"},"geometry":{"type":"Polygon","coordinates":[[[14.485565,40.750424],[14.485565,40.750424],[14.48556,40.750448],[14.485564,40.750447],[14.485622,40.75046],[14.485642,40.7504],[14.485627,40.750398],[14.485595,40.75039],[14.485575,40.750387],[14.485571,40.7504],[14.485565,40.750424]]]}},{"type":"Feature","properties":{"level":"property","id":"VII.2.34","label":"Property VII.2.34"},"geometry":{"type":"Polygon","coordinates":[[[14.485705,40.750413],[14.485663,40.750404],[14.485642,40.7504],[14.485629,40.750438],[14.485706,40.750453],[14.48572,40.750416],[14.485705,40.750413]]]}},{"type":"Feature","properties":{"level":"property","id":"VII.2.35","label":"Property VII.2.35"},"geometry":{"type":"Polygon","coordinates":[[[14.485804,40.750473],[14.485732,40.750459],[14.485745,40.750421],[14.485737,40.75042],[14.485728,40.750418],[14.48572,40.750416],[14.485706,40.750453],[14.485629,40.750438],[14.485622,40.75046],[14.485564,40.750447],[14.48556,40.750448],[14.485563,40.750449],[14.485564,40.75046],[14.485567,40.750472],[14.485566,40.750477],[14.485572,40.750522],[14.485572,40.750532],[14.485574,40.750548],[14.485575,40.750554],[14.485576,40.750563],[14.485577,40.750575],[14.48558,40.750601],[14.485652,40.750615],[14.485672,40.750618],[14.485749,40.750632],[14.485762,40.750595],[14.485804,40.750473]]]}},{"type":"Feature","properties":{"level":"property","id":"VII.2.36","label":"Property VII.2.36"},"geometry":{"type":"Polygon","coordinates":[[[14.485798,40.750431],[14.485763,40.750425],[14.485745,40.750421],[14.485732,40.750459],[14.485804,40.750473],[14.485816,40.750437],[14.485798,40.750431]]]}},{"type":"Feature","properties":{"level":"property","id":"VII.2.4","label":"Property VII.2.4"},"geometry":{"type":"Polygon","coordinates":[[[14.48692,40.750871],[14.48692,40.750871],[14.486929,40.750863],[14.486925,40.750863],[14.486877,40.750832],[14.486839,40.750864],[14.486892,40.750897],[14.4869,40.75089],[14.48692,40.750871]]]}},{"type":"Feature","properties":{"level":"property","id":"VII.2.40","label":"Property VII.2.40"},"geometry":{"type":"Polygon","coordinates":[[[14.486016,40.750476],[14.485985,40.75047],[14.485976,40.750468],[14.485951,40.750522],[14.486002,40.750537],[14.486027,40.750477],[14.486016,40.750476]]]}},{"type":"Feature","properties":{"level":"property","id":"VII.2.41","label":"Property VII.2.41"},"geometry":{"type":"Polygon","coordinates":[[[14.486154,40.75049],[14.486107,40.750486],[14.486089,40.750484],[14.486068,40.750529],[14.486114,40.750539],[14.48612,40.750528],[14.486165,40.750541],[14.486176,40.750492],[14.486154,40.75049]]]}},{"type":"Feature","properties":{"level":"property","id":"VII.2.43","label":"Property VII.2.43"},"geometry":{"type":"Polygon","coordinates":[[[14.486287,40.750504],[14.486253,40.7505],[14.486242,40.7505],[14.486235,40.750565],[14.486293,40.750573],[14.486302,40.750497],[14.486299,40.750497],[14.486298,40.750505],[14.486287,40.750504],[14.486287,40.750504]]]}},{"type":"Feature","properties":{"level":"property","id":"VII.2.45","label":"Property VII.2.45"},"geometry":{"type":"Polygon","coordinates":[[[14.486386,40.750686],[14.48642,40.750642],[14.486403,40.750635],[14.486417,40.750615],[14.486434,40.750622],[14.486469,40.750577],[14.486403,40.750554],[14.486429,40.750509],[14.486428,40.750506],[14.486409,40.750503],[14.486392,40.750503],[14.486352,40.7505],[14.486345,40.7505],[14.486337,40.750499],[14.48633,40.750499],[14.486302,40.750497],[14.486293,40.750573],[14.486281,40.750672],[14.48633,40.750685],[14.486343,40.750668],[14.486386,40.750686]],[[14.48634,40.750541],[14.48634,40.750541],[14.486378,40.750549],[14.48634,40.750541]]]}},{"type":"Feature","properties":{"level":"property","id":"VII.2.46","label":"Property VII.2.46"},"geometry":{"type":"Polygon","coordinates":[[[14.486486,40.750526],[14.486451,40.750513],[14.486428,40.750506],[14.486429,40.750509],[14.486403,40.750554],[14.486469,40.750577],[14.486508,40.750528],[14.486506,40.750527],[14.486502,40.750532],[14.486486,40.750526]]]}},{"type":"Feature","properties":{"level":"property","id":"VII.2.47","label":"Property VII.2.47"},"geometry":{"type":"Polygon","coordinates":[[[14.486521,40.750533],[14.486515,40.75053],[14.486508,40.750528],[14.486479,40.750565],[14.486492,40.75057],[14.486522,40.750536],[14.486521,40.750533]]]}},{"type":"Feature","properties":{"level":"property","id":"VII.2.48","label":"Property VII.2.48"},"geometry":{"type":"Polygon","coordinates":[[[14.486447,40.750761],[14.486569,40.750607],[14.486599,40.75057],[14.486596,40.750569],[14.486565,40.750555],[14.486563,40.750554],[14.486561,40.750553],[14.486544,40.750543],[14.486521,40.750533],[14.486522,40.750536],[14.486492,40.75057],[14.486479,40.750565],[14.486469,40.750577],[14.486434,40.750622],[14.486417,40.750615],[14.486403,40.750635],[14.48642,40.750642],[14.486386,40.750686],[14.486343,40.750668],[14.48633,40.750685],[14.486315,40.750706],[14.48633,40.750713],[14.486301,40.750755],[14.486415,40.750801],[14.486447,40.750761]]]}},{"type":"Feature","properties":{"level":"property","id":"VII.2.5","label":"Property VII.2.5"},"geometry":{"type":"Polygon","coordinates":[[[14.486882,40.750905],[14.486892,40.750897],[14.486839,40.750864],[14.486798,40.7509],[14.486853,40.750931],[14.486862,40.750923],[14.486882,40.750905]]]}},{"type":"Feature","properties":{"level":"property","id":"VII.2.50","label":"Property VII.2.50"},"geometry":{"type":"Polygon","coordinates":[[[14.486626,40.750583],[14.486608,40.750574],[14.486599,40.75057],[14.486569,40.750607],[14.486562,40.750616],[14.486597,40.750632],[14.486633,40.750586],[14.486626,40.750583]]]}},{"type":"Feature","properties":{"level":"property","id":"VII.2.51","label":"Property VII.2.51"},"geometry":{"type":"Polygon","coordinates":[[[14.486685,40.750611],[14.48667,40.750604],[14.486633,40.750586],[14.486597,40.750632],[14.486562,40.750616],[14.486447,40.750761],[14.486593,40.750823],[14.486576,40.750845],[14.486622,40.750868],[14.48664,40.750848],[14.486664,40.75081],[14.486663,40.750808],[14.486668,40.750801],[14.486621,40.750779],[14.486673,40.750714],[14.486687,40.750721],[14.486721,40.750682],[14.48669,40.750667],[14.486725,40.750629],[14.486685,40.750611]]]}},{"type":"Feature","properties":{"level":"property","id":"VII.2.52","label":"Property VII.2.52"},"geometry":{"type":"Polygon","coordinates":[[[14.486765,40.750646],[14.486737,40.750634],[14.486725,40.750629],[14.48669,40.750667],[14.486721,40.750682],[14.486687,40.750721],[14.486705,40.750729],[14.486739,40.75069],[14.486753,40.750697],[14.486786,40.750659],[14.486785,40.750656],[14.486774,40.750651],[14.486765,40.750646],[14.486765,40.750646]]]}},{"type":"Feature","properties":{"level":"property","id":"VII.2.7","label":"Property VII.2.7"},"geometry":{"type":"Polygon","coordinates":[[[14.486806,40.75097],[14.486806,40.75097],[14.486815,40.750963],[14.486763,40.750935],[14.486729,40.750969],[14.486776,40.750995],[14.486788,40.750986],[14.486806,40.75097]]]}},{"type":"Feature","properties":{"level":"property","id":"VII.2.8","label":"Property VII.2.8"},"geometry":{"type":"Polygon","coordinates":[[[14.486775,40.750996],[14.486776,40.750995],[14.486729,40.750969],[14.486718,40.75098],[14.486765,40.751005],[14.486766,40.751004],[14.486775,40.750996]]]}},{"type":"Feature","properties":{"level":"property","id":"VII.2.9","label":"Property VII.2.9"},"geometry":{"type":"Polygon","coordinates":[[[14.486758,40.751011],[14.486765,40.751005],[14.486718,40.75098],[14.486729,40.750969],[14.486709,40.750958],[14.486668,40.750997],[14.486731,40.751034],[14.486744,40.751024],[14.486758,40.751011]]]}},{"type":"Feature","properties":{"level":"property","id":"VII.3.10","label":"Property VII.3.10"},"geometry":{"type":"Polygon","coordinates":[[[14.485981,40.751467],[14.485983,40.751464],[14.485983,40.751461],[14.486058,40.75137],[14.486005,40.751345],[14.485928,40.751443],[14.485934,40.751446],[14.48597,40.751463],[14.485981,40.751467]]]}},{"type":"Feature","properties":{"level":"property","id":"VII.3.12","label":"Property VII.3.12"},"geometry":{"type":"Polygon","coordinates":[[[14.486159,40.751327],[14.486207,40.751272],[14.486233,40.751241],[14.486198,40.751222],[14.486133,40.751193],[14.486105,40.751233],[14.486052,40.75121],[14.486025,40.751244],[14.485971,40.751218],[14.48598,40.751206],[14.485935,40.751187],[14.485814,40.751342],[14.485786,40.751378],[14.485782,40.751379],[14.4858,40.751387],[14.485842,40.751406],[14.485856,40.751412],[14.485886,40.751374],[14.485935,40.751312],[14.485963,40.751325],[14.486005,40.751345],[14.486058,40.75137],[14.486013,40.751425],[14.485983,40.751461],[14.485983,40.751464],[14.485989,40.751467],[14.486001,40.751472],[14.48601,40.751477],[14.486045,40.751494],[14.486052,40.751498],[14.486075,40.751471],[14.486076,40.751471],[14.486085,40.75146],[14.486169,40.751363],[14.486139,40.751349],[14.486159,40.751327]]]}},{"type":"Feature","properties":{"level":"property","id":"VII.3.13","label":"Property VII.3.13"},"geometry":{"type":"Polygon","coordinates":[[[14.486318,40.751306],[14.486276,40.75128],[14.486246,40.751306],[14.486231,40.751298],[14.486238,40.751288],[14.486207,40.751272],[14.486139,40.751349],[14.486169,40.751363],[14.486076,40.751471],[14.486075,40.751471],[14.486052,40.751498],[14.486059,40.751501],[14.4861,40.751521],[14.486118,40.75153],[14.486144,40.751543],[14.486161,40.75155],[14.486171,40.751541],[14.486188,40.751522],[14.486195,40.751515],[14.4862,40.751509],[14.486217,40.751493],[14.486234,40.751475],[14.486248,40.751459],[14.486267,40.751438],[14.486266,40.751435],[14.486231,40.751417],[14.486271,40.751374],[14.486261,40.751369],[14.486291,40.751336],[14.486318,40.751306]]]}},{"type":"Feature","properties":{"level":"property","id":"VII.3.18","label":"Property VII.3.18"},"geometry":{"type":"Polygon","coordinates":[[[14.486299,40.751404],[14.48631,40.751394],[14.486271,40.751374],[14.486231,40.751417],[14.486266,40.751435],[14.486267,40.751438],[14.48628,40.751425],[14.486299,40.751404]]]}},{"type":"Feature","properties":{"level":"property","id":"VII.3.19","label":"Property VII.3.19"},"geometry":{"type":"Polygon","coordinates":[[[14.486334,40.75137],[14.48634,40.751365],[14.486291,40.751336],[14.486261,40.751369],[14.48631,40.751394],[14.486317,40.751387],[14.486334,40.75137]]]}},{"type":"Feature","properties":{"level":"property","id":"VII.3.20","label":"Property VII.3.20"},"geometry":{"type":"Polygon","coordinates":[[[14.48636,40.751346],[14.486368,40.751337],[14.486318,40.751306],[14.486291,40.751336],[14.48634,40.751365],[14.486345,40.75136],[14.48636,40.751346]]]}},{"type":"Feature","properties":{"level":"property","id":"VII.3.21","label":"Property VII.3.21"},"geometry":{"type":"Polygon","coordinates":[[[14.486376,40.75133],[14.486396,40.751312],[14.486408,40.7513],[14.486408,40.751298],[14.486374,40.751277],[14.486338,40.751255],[14.486315,40.751242],[14.4863,40.751233],[14.486295,40.751231],[14.486271,40.751261],[14.486233,40.751241],[14.486207,40.751272],[14.486238,40.751288],[14.486231,40.751298],[14.486246,40.751306],[14.486276,40.75128],[14.486318,40.751306],[14.486331,40.751315],[14.486331,40.751315],[14.486368,40.751337],[14.486376,40.75133]]]}},{"type":"Feature","properties":{"level":"property","id":"VII.3.23","label":"Property VII.3.23"},"geometry":{"type":"Polygon","coordinates":[[[14.486513,40.751214],[14.486353,40.751151],[14.486324,40.75119],[14.486331,40.751195],[14.4863,40.751233],[14.486338,40.751255],[14.486408,40.751298],[14.486408,40.7513],[14.486411,40.751302],[14.486422,40.751293],[14.486453,40.751266],[14.486461,40.751259],[14.486472,40.75125],[14.486501,40.751225],[14.486513,40.751214]]]}},{"type":"Feature","properties":{"level":"property","id":"VII.3.24"},"geometry":{"type":"Polygon","coordinates":[[[14.486271,40.751261],[14.486295,40.751231],[14.4863,40.751233],[14.486331,40.751195],[14.486324,40.75119],[14.486353,40.751151],[14.48632,40.751138],[14.48631,40.751133],[14.486229,40.751105],[14.486219,40.751101],[14.48615,40.751076],[14.486148,40.751079],[14.486129,40.751072],[14.486117,40.751068],[14.486101,40.751064],[14.486098,40.751063],[14.486088,40.75106],[14.486081,40.751057],[14.486055,40.751047],[14.486037,40.751041],[14.486034,40.751045],[14.485976,40.751025],[14.485961,40.751018],[14.485926,40.751005],[14.485916,40.751001],[14.485898,40.750995],[14.485853,40.751067],[14.485885,40.751078],[14.485879,40.75109],[14.485878,40.751097],[14.485839,40.751145],[14.485935,40.751187],[14.48598,40.751206],[14.485971,40.751218],[14.486025,40.751244],[14.486052,40.75121],[14.486105,40.751233],[14.486133,40.751193],[14.486198,40.751222],[14.486233,40.751241],[14.486271,40.751261]]]}},{"type":"Feature","properties":{"level":"property","id":"VII.3.3","label":"Property VII.3.3"},"geometry":{"type":"Polygon","coordinates":[[[14.485692,40.751101],[14.485591,40.751056],[14.485588,40.751064],[14.485584,40.751074],[14.48558,40.751083],[14.485575,40.751093],[14.48557,40.751102],[14.485563,40.751112],[14.485552,40.751129],[14.485539,40.751149],[14.485534,40.751157],[14.485499,40.751208],[14.48549,40.751221],[14.485484,40.751231],[14.485503,40.751241],[14.485541,40.751258],[14.485549,40.751262],[14.485559,40.751267],[14.485561,40.751267],[14.485563,40.751269],[14.485614,40.75129],[14.485625,40.751295],[14.485683,40.751225],[14.485752,40.751139],[14.485685,40.751109],[14.485692,40.751101]]]}},{"type":"Feature","properties":{"level":"property","id":"VII.3.30","label":"Property VII.3.30"},"geometry":{"type":"Polygon","coordinates":[[[14.485827,40.750968],[14.485808,40.750963],[14.485772,40.75095],[14.485744,40.750993],[14.485697,40.750976],[14.485685,40.750972],[14.485657,40.751012],[14.485704,40.751029],[14.485698,40.751039],[14.485733,40.751053],[14.485692,40.751101],[14.485685,40.751109],[14.485752,40.751139],[14.485792,40.75109],[14.485814,40.751058],[14.485849,40.751073],[14.485853,40.751067],[14.485898,40.750995],[14.485858,40.750981],[14.485845,40.750975],[14.485827,40.750968]]]}},{"type":"Feature","properties":{"level":"property","id":"VII.3.31","label":"Property VII.3.31"},"geometry":{"type":"Polygon","coordinates":[[[14.48576,40.750946],[14.485746,40.750941],[14.485727,40.750934],[14.485723,40.750936],[14.485697,40.750976],[14.485744,40.750993],[14.485772,40.75095],[14.48576,40.750946]]]}},{"type":"Feature","properties":{"level":"property","id":"VII.3.34","label":"Property VII.3.34"},"geometry":{"type":"Polygon","coordinates":[[[14.485608,40.750986],[14.485608,40.750993],[14.485657,40.751012],[14.485685,40.750972],[14.485697,40.750976],[14.485723,40.750936],[14.485727,40.750934],[14.485678,40.750917],[14.485665,40.750912],[14.485618,40.750896],[14.485616,40.75091],[14.485612,40.750939],[14.485608,40.750986]]]}},{"type":"Feature","properties":{"level":"property","id":"VII.3.37","label":"Property VII.3.37"},"geometry":{"type":"Polygon","coordinates":[[[14.485594,40.751043],[14.485594,40.751043],[14.485591,40.751056],[14.485692,40.751101],[14.485733,40.751053],[14.485698,40.751039],[14.485704,40.751029],[14.485608,40.750993],[14.485607,40.750995],[14.485604,40.751006],[14.485602,40.751019],[14.485594,40.751043]]]}},{"type":"Feature","properties":{"level":"property","id":"VII.3.4"},"geometry":{"type":"Polygon","coordinates":[[[14.485757,40.751355],[14.485779,40.751327],[14.485814,40.751342],[14.485935,40.751187],[14.485839,40.751145],[14.485878,40.751097],[14.485879,40.75109],[14.485885,40.751078],[14.485853,40.751067],[14.485849,40.751073],[14.485814,40.751058],[14.485792,40.75109],[14.485752,40.751139],[14.485683,40.751225],[14.485625,40.751295],[14.485637,40.751301],[14.485685,40.751323],[14.485696,40.751327],[14.48572,40.751298],[14.485756,40.751315],[14.485733,40.751343],[14.485734,40.751346],[14.485753,40.751356],[14.485757,40.751355]]]}},{"type":"Feature","properties":{"level":"property","id":"VII.3.5","label":"Property VII.3.5"},"geometry":{"type":"Polygon","coordinates":[[[14.485734,40.751346],[14.485733,40.751343],[14.485756,40.751315],[14.48572,40.751298],[14.485696,40.751327],[14.4857,40.751329],[14.485722,40.751341],[14.485734,40.751346]]]}},{"type":"Feature","properties":{"level":"property","id":"VII.3.7","label":"Property VII.3.7"},"geometry":{"type":"Polygon","coordinates":[[[14.485765,40.751361],[14.485782,40.751379],[14.485786,40.751378],[14.485814,40.751342],[14.485779,40.751327],[14.485757,40.751355],[14.485753,40.751356],[14.485765,40.751361]]]}},{"type":"Feature","properties":{"level":"property","id":"VII.3.9","label":"Property VII.3.9"},"geometry":{"type":"Polygon","coordinates":[[[14.485917,40.751438],[14.485928,40.751443],[14.486005,40.751345],[14.485935,40.751312],[14.485856,40.751412],[14.485866,40.751416],[14.485917,40.751438]]]}},{"type":"Feature","properties":{"level":"property","id":"VII.4.1","label":"Property VII.4.1"},"geometry":{"type":"Polygon","coordinates":[[[14.484558,40.750743],[14.484557,40.750739],[14.484565,40.750726],[14.484576,40.750707],[14.484368,40.750608],[14.484367,40.750606],[14.484334,40.75059],[14.484332,40.750593],[14.484334,40.750595],[14.484316,40.750618],[14.484282,40.75066],[14.484277,40.750658],[14.484274,40.750662],[14.484526,40.750779],[14.484529,40.750773],[14.484546,40.75075],[14.484558,40.750743]]]}},{"type":"Feature","properties":{"level":"property","id":"VII.4.10","label":"Property VII.4.10"},"geometry":{"type":"Polygon","coordinates":[[[14.484509,40.750342],[14.484498,40.750362],[14.4845,40.750364],[14.484565,40.750378],[14.484542,40.750429],[14.484647,40.750456],[14.484709,40.750471],[14.484719,40.750473],[14.484805,40.750494],[14.484839,40.750436],[14.484694,40.750405],[14.484711,40.750359],[14.484628,40.75034],[14.484618,40.750366],[14.484513,40.750341],[14.484509,40.750342]]]}},{"type":"Feature","properties":{"level":"property","id":"VII.4.11","label":"Property VII.4.11"},"geometry":{"type":"Polygon","coordinates":[[[14.484512,40.750334],[14.484509,40.750342],[14.484513,40.750341],[14.484618,40.750366],[14.484628,40.75034],[14.48452,40.750315],[14.484517,40.750316],[14.484512,40.750334]]]}},{"type":"Feature","properties":{"level":"property","id":"VII.4.12"},"geometry":{"type":"Polygon","coordinates":[[[14.484519,40.750313],[14.484517,40.750316],[14.48452,40.750315],[14.484628,40.75034],[14.484632,40.750341],[14.484655,40.750289],[14.484544,40.750263],[14.48454,40.750264],[14.484526,40.750295],[14.484523,40.750304],[14.484519,40.750313]]]}},{"type":"Feature","properties":{"level":"property","id":"VII.4.14","label":"Property VII.4.14"},"geometry":{"type":"Polygon","coordinates":[[[14.484546,40.750249],[14.48454,40.750264],[14.484544,40.750263],[14.484655,40.750289],[14.484676,40.75024],[14.484566,40.750214],[14.484562,40.750215],[14.484546,40.750249]]]}},{"type":"Feature","properties":{"level":"property","id":"VII.4.15","label":"Property VII.4.15"},"geometry":{"type":"Polygon","coordinates":[[[14.484567,40.750202],[14.484562,40.750215],[14.484566,40.750214],[14.484624,40.750228],[14.484645,40.750174],[14.484635,40.750172],[14.484597,40.750163],[14.484584,40.75016],[14.484579,40.750171],[14.484567,40.750202]]]}},{"type":"Feature","properties":{"level":"property","id":"VII.4.17","label":"Property VII.4.17"},"geometry":{"type":"Polygon","coordinates":[[[14.484691,40.750184],[14.484653,40.750176],[14.484645,40.750174],[14.484624,40.750228],[14.484676,40.75024],[14.484699,40.750187],[14.484691,40.750184]]]}},{"type":"Feature","properties":{"level":"property","id":"VII.4.18","label":"Property VII.4.18"},"geometry":{"type":"Polygon","coordinates":[[[14.48472,40.750192],[14.48472,40.750192],[14.484699,40.750187],[14.484676,40.75024],[14.484655,40.750289],[14.484632,40.750341],[14.484711,40.750359],[14.484753,40.750248],[14.484751,40.750248],[14.484769,40.750204],[14.484763,40.750203],[14.48472,40.750192]]]}},{"type":"Feature","properties":{"level":"property","id":"VII.4.19","label":"Property VII.4.19"},"geometry":{"type":"Polygon","coordinates":[[[14.484825,40.750218],[14.484778,40.750206],[14.484769,40.750204],[14.484751,40.750248],[14.484753,40.750248],[14.484728,40.750314],[14.484786,40.750327],[14.484833,40.75022],[14.484825,40.750218]]]}},{"type":"Feature","properties":{"level":"property","id":"VII.4.2","label":"Property VII.4.2"},"geometry":{"type":"Polygon","coordinates":[[[14.484383,40.750585],[14.484377,40.750594],[14.484367,40.750606],[14.484368,40.750608],[14.484576,40.750707],[14.484584,40.750692],[14.484608,40.750646],[14.484577,40.750635],[14.484598,40.750601],[14.484582,40.750597],[14.484545,40.750588],[14.484531,40.750615],[14.484392,40.750577],[14.484388,40.750579],[14.484383,40.750585]]]}},{"type":"Feature","properties":{"level":"property","id":"VII.4.20","label":"Property VII.4.20"},"geometry":{"type":"Polygon","coordinates":[[[14.484841,40.750222],[14.484841,40.750222],[14.484833,40.75022],[14.484786,40.750327],[14.484728,40.750314],[14.484711,40.750359],[14.484694,40.750405],[14.484806,40.750429],[14.484889,40.750235],[14.484888,40.750232],[14.484841,40.750222]]]}},{"type":"Feature","properties":{"level":"property","id":"VII.4.21"},"geometry":{"type":"Polygon","coordinates":[[[14.484921,40.750241],[14.484898,40.750235],[14.484888,40.750232],[14.484889,40.750235],[14.484806,40.750429],[14.484839,40.750436],[14.484849,40.750418],[14.484904,40.75043],[14.484967,40.750306],[14.484989,40.750257],[14.484978,40.750254],[14.484938,40.750245],[14.484921,40.750241]]]}},{"type":"Feature","properties":{"level":"property","id":"VII.4.23","label":"Property VII.4.23"},"geometry":{"type":"Polygon","coordinates":[[[14.484998,40.750259],[14.484989,40.750257],[14.484967,40.750306],[14.484904,40.75043],[14.484979,40.750447],[14.485057,40.750272],[14.485048,40.750269],[14.484998,40.750259]]]}},{"type":"Feature","properties":{"level":"property","id":"VII.4.24","label":"Property VII.4.24"},"geometry":{"type":"Polygon","coordinates":[[[14.485092,40.750281],[14.485064,40.750273],[14.485057,40.750272],[14.484979,40.750447],[14.485018,40.750456],[14.48501,40.75047],[14.48505,40.750486],[14.485064,40.750465],[14.485088,40.750472],[14.485151,40.750295],[14.485143,40.750293],[14.48511,40.750285],[14.485092,40.750281]]]}},{"type":"Feature","properties":{"level":"property","id":"VII.4.26","label":"Property VII.4.26"},"geometry":{"type":"Polygon","coordinates":[[[14.485159,40.750297],[14.485151,40.750295],[14.485088,40.750472],[14.485064,40.750465],[14.48505,40.750486],[14.485035,40.750512],[14.485148,40.75055],[14.485181,40.750491],[14.485261,40.750321],[14.485246,40.750317],[14.485225,40.750312],[14.485213,40.750309],[14.485159,40.750297]]]}},{"type":"Feature","properties":{"level":"property","id":"VII.4.28","label":"Property VII.4.28"},"geometry":{"type":"Polygon","coordinates":[[[14.485297,40.750328],[14.485267,40.750322],[14.485261,40.750321],[14.485221,40.750406],[14.485264,40.750417],[14.485285,40.750375],[14.485292,40.750376],[14.485313,40.750332],[14.485297,40.750328]]]}},{"type":"Feature","properties":{"level":"property","id":"VII.4.29","label":"Property VII.4.29"},"geometry":{"type":"Polygon","coordinates":[[[14.485321,40.750334],[14.485313,40.750332],[14.485292,40.750376],[14.485285,40.750375],[14.485264,40.750417],[14.485221,40.750406],[14.485181,40.750491],[14.485148,40.75055],[14.485253,40.750585],[14.485266,40.750564],[14.485282,40.750568],[14.485355,40.750397],[14.485376,40.750345],[14.485362,40.750341],[14.485321,40.750334]]]}},{"type":"Feature","properties":{"level":"property","id":"VII.4.3","label":"Property VII.4.3"},"geometry":{"type":"Polygon","coordinates":[[[14.48439,40.750575],[14.48439,40.750575],[14.484388,40.750579],[14.484392,40.750577],[14.484501,40.750607],[14.484516,40.750579],[14.484482,40.75057],[14.484484,40.750565],[14.484432,40.750551],[14.484411,40.750546],[14.484408,40.750544],[14.484407,40.750547],[14.48441,40.750548],[14.484408,40.750552],[14.48439,40.750575]]]}},{"type":"Feature","properties":{"level":"property","id":"VII.4.30","label":"Property VII.4.30"},"geometry":{"type":"Polygon","coordinates":[[[14.485455,40.750359],[14.485452,40.750359],[14.485451,40.750361],[14.485442,40.750359],[14.485385,40.750347],[14.485376,40.750345],[14.485355,40.750397],[14.48543,40.750415],[14.485454,40.750362],[14.485455,40.750359]]]}},{"type":"Feature","properties":{"level":"property","id":"VII.4.31"},"geometry":{"type":"Polygon","coordinates":[[[14.4852,40.751094],[14.485221,40.751041],[14.485297,40.75106],[14.485373,40.750958],[14.485395,40.750963],[14.485426,40.750888],[14.485415,40.750885],[14.485429,40.750824],[14.48542,40.750822],[14.485428,40.750804],[14.485453,40.75081],[14.485462,40.75079],[14.485455,40.750788],[14.48546,40.750775],[14.485488,40.750782],[14.4855,40.750751],[14.485508,40.750753],[14.485516,40.750751],[14.48553,40.750749],[14.485541,40.750744],[14.485548,40.750738],[14.485553,40.750736],[14.485562,40.750735],[14.485557,40.750695],[14.485538,40.750691],[14.485485,40.750678],[14.48551,40.750619],[14.485479,40.750612],[14.485494,40.750569],[14.485542,40.750579],[14.48554,40.750564],[14.485537,40.750548],[14.485536,40.75054],[14.485527,40.750459],[14.485529,40.750451],[14.485529,40.750437],[14.485546,40.750382],[14.485533,40.750378],[14.485493,40.75037],[14.485486,40.750368],[14.485486,40.750366],[14.485484,40.750366],[14.485482,40.750365],[14.485457,40.75036],[14.485455,40.750359],[14.48543,40.750415],[14.485355,40.750397],[14.485282,40.750568],[14.485266,40.750564],[14.485196,40.75068],[14.485158,40.750667],[14.485131,40.750723],[14.485156,40.750729],[14.485138,40.750766],[14.485177,40.750775],[14.485147,40.750825],[14.485164,40.75083],[14.485087,40.751012],[14.485189,40.751035],[14.485173,40.751081],[14.485174,40.751085],[14.485197,40.751096],[14.4852,40.751094]]]}},{"type":"Feature","properties":{"level":"property","id":"VII.4.31"},"geometry":{"type":"Polygon","coordinates":[[[14.485242,40.751119],[14.48525,40.751123],[14.485276,40.751088],[14.485297,40.75106],[14.485221,40.751041],[14.4852,40.751094],[14.485197,40.751096],[14.485207,40.751102],[14.485242,40.751119]]]}},{"type":"Feature","properties":{"level":"property","id":"VII.4.35","label":"Property VII.4.35"},"geometry":{"type":"Polygon","coordinates":[[[14.485546,40.750612],[14.485544,40.750592],[14.485542,40.750579],[14.485494,40.750569],[14.485479,40.750612],[14.48551,40.750619],[14.485548,40.750628],[14.485546,40.750612]]]}},{"type":"Feature","properties":{"level":"property","id":"VII.4.36","label":"Property VII.4.36"},"geometry":{"type":"Polygon","coordinates":[[[14.485554,40.750674],[14.485551,40.750649],[14.485548,40.750628],[14.48551,40.750619],[14.485485,40.750678],[14.485538,40.750691],[14.485557,40.750695],[14.485554,40.750674]]]}},{"type":"Feature","properties":{"level":"property","id":"VII.4.37","label":"Property VII.4.37"},"geometry":{"type":"Polygon","coordinates":[[[14.485563,40.750751],[14.485563,40.750742],[14.485562,40.750735],[14.485553,40.750736],[14.485548,40.750738],[14.485541,40.750744],[14.48553,40.750749],[14.485516,40.750751],[14.485508,40.750753],[14.485565,40.750767],[14.485563,40.750751]]]}},{"type":"Feature","properties":{"level":"property","id":"VII.4.38","label":"Property VII.4.38"},"geometry":{"type":"Polygon","coordinates":[[[14.485574,40.750801],[14.485566,40.750777],[14.485565,40.750767],[14.485508,40.750753],[14.4855,40.750751],[14.485488,40.750782],[14.485482,40.750795],[14.485576,40.750818],[14.485574,40.750801]]]}},{"type":"Feature","properties":{"level":"property","id":"VII.4.39","label":"Property VII.4.39"},"geometry":{"type":"Polygon","coordinates":[[[14.485534,40.75092],[14.485537,40.750908],[14.485577,40.750908],[14.485577,40.750906],[14.485578,40.750897],[14.485581,40.750889],[14.485582,40.750882],[14.485582,40.750882],[14.485584,40.750876],[14.485584,40.750872],[14.485585,40.750869],[14.485585,40.750863],[14.485585,40.750856],[14.485584,40.75085],[14.485578,40.750829],[14.485576,40.750818],[14.485523,40.750805],[14.485482,40.750795],[14.485488,40.750782],[14.48546,40.750775],[14.485455,40.750788],[14.485462,40.75079],[14.485453,40.75081],[14.485428,40.750804],[14.48542,40.750822],[14.485429,40.750824],[14.485415,40.750885],[14.485426,40.750888],[14.485424,40.750893],[14.485534,40.75092]]]}},{"type":"Feature","properties":{"level":"property","id":"VII.4.42","label":"Property VII.4.42"},"geometry":{"type":"Polygon","coordinates":[[[14.485575,40.750926],[14.485576,40.750917],[14.485577,40.750908],[14.485537,40.750908],[14.485535,40.750915],[14.485546,40.750922],[14.485555,40.750928],[14.485567,40.750932],[14.485574,40.750932],[14.485575,40.750926]]]}},{"type":"Feature","properties":{"level":"property","id":"VII.4.45"},"geometry":{"type":"Polygon","coordinates":[[[14.485377,40.751182],[14.48539,40.751188],[14.485416,40.751152],[14.485368,40.75113],[14.485344,40.751164],[14.48534,40.751165],[14.485353,40.751171],[14.485377,40.751182]]]}},{"type":"Feature","properties":{"level":"property","id":"VII.4.46","label":"Property VII.4.46"},"geometry":{"type":"Polygon","coordinates":[[[14.48544,40.751212],[14.485448,40.751201],[14.485465,40.751183],[14.485506,40.751128],[14.485463,40.75111],[14.485429,40.751158],[14.485416,40.751152],[14.48539,40.751188],[14.485398,40.751191],[14.485425,40.751204],[14.48544,40.751212]]]}},{"type":"Feature","properties":{"level":"property","id":"VII.4.48","label":"Property VII.4.48"},"geometry":{"type":"Polygon","coordinates":[[[14.485582,40.750958],[14.485582,40.75095],[14.485586,40.750934],[14.485574,40.750932],[14.485567,40.750932],[14.485555,40.750928],[14.485546,40.750922],[14.485535,40.750915],[14.485534,40.75092],[14.485424,40.750893],[14.485395,40.750963],[14.485373,40.750958],[14.485297,40.75106],[14.485276,40.751088],[14.48535,40.751123],[14.485326,40.751155],[14.485326,40.751159],[14.48534,40.751165],[14.485344,40.751164],[14.485368,40.75113],[14.485429,40.751158],[14.485463,40.75111],[14.485506,40.751128],[14.485536,40.751087],[14.485546,40.751078],[14.485571,40.75102],[14.485582,40.750958]]]}},{"type":"Feature","properties":{"level":"property","id":"VII.4.49","label":"Property VII.4.49"},"geometry":{"type":"Polygon","coordinates":[[[14.485312,40.751152],[14.485312,40.751152],[14.485326,40.751159],[14.485326,40.751155],[14.48535,40.751123],[14.485276,40.751088],[14.48525,40.751123],[14.485262,40.751129],[14.485312,40.751152]]]}},{"type":"Feature","properties":{"level":"property","id":"VII.4.5","label":"Property VII.4.5"},"geometry":{"type":"Polygon","coordinates":[[[14.484424,40.750511],[14.484424,40.750511],[14.484422,40.750514],[14.484426,40.750513],[14.484442,40.750518],[14.484448,40.750504],[14.484434,40.750499],[14.484431,40.7505],[14.484424,40.750511]]]}},{"type":"Feature","properties":{"level":"property","id":"VII.4.52","label":"Property VII.4.52"},"geometry":{"type":"Polygon","coordinates":[[[14.485163,40.75108],[14.485174,40.751085],[14.485173,40.751081],[14.485189,40.751035],[14.485134,40.751023],[14.485119,40.751059],[14.485128,40.751063],[14.485163,40.75108]]]}},{"type":"Feature","properties":{"level":"property","id":"VII.4.53","label":"Property VII.4.53"},"geometry":{"type":"Polygon","coordinates":[[[14.48511,40.751054],[14.485119,40.751059],[14.485134,40.751023],[14.485087,40.751012],[14.485094,40.750997],[14.48508,40.750991],[14.485055,40.751028],[14.485062,40.75103],[14.48507,40.751035],[14.485087,40.751043],[14.48511,40.751054]]]}},{"type":"Feature","properties":{"level":"property","id":"VII.4.56","label":"Property VII.4.56"},"geometry":{"type":"Polygon","coordinates":[[[14.485055,40.751028],[14.48508,40.750991],[14.485094,40.750997],[14.485103,40.750973],[14.485164,40.75083],[14.485147,40.750825],[14.485177,40.750775],[14.485138,40.750766],[14.485156,40.750729],[14.485131,40.750723],[14.485124,40.750721],[14.484958,40.75098],[14.484978,40.750989],[14.484996,40.750998],[14.485011,40.751005],[14.485047,40.751024],[14.485055,40.751028]]]}},{"type":"Feature","properties":{"level":"property","id":"VII.4.57","label":"Property VII.4.57"},"geometry":{"type":"Polygon","coordinates":[[[14.484891,40.75095],[14.484958,40.75098],[14.485124,40.750721],[14.485131,40.750723],[14.485158,40.750667],[14.485196,40.75068],[14.485253,40.750585],[14.485035,40.750512],[14.484787,40.750902],[14.484863,40.750936],[14.484862,40.750938],[14.484866,40.75094],[14.484885,40.75095],[14.484889,40.750952],[14.484891,40.75095]]]}},{"type":"Feature","properties":{"level":"property","id":"VII.4.59","label":"Property VII.4.59"},"geometry":{"type":"Polygon","coordinates":[[[14.484816,40.750857],[14.485035,40.750512],[14.48505,40.750486],[14.48501,40.75047],[14.485018,40.750456],[14.484849,40.750418],[14.484793,40.750516],[14.484858,40.750537],[14.484785,40.750637],[14.484791,40.75064],[14.484743,40.75072],[14.484726,40.750713],[14.48471,40.750738],[14.484705,40.750738],[14.484665,40.750796],[14.484643,40.750829],[14.484639,40.75083],[14.484656,40.750838],[14.484685,40.750853],[14.484698,40.750858],[14.484716,40.750867],[14.484726,40.750872],[14.484775,40.750896],[14.484787,40.750902],[14.484816,40.750857]]]}},{"type":"Feature","properties":{"level":"property","id":"VII.4.6","label":"Property VII.4.6"},"geometry":{"type":"Polygon","coordinates":[[[14.484435,40.75049],[14.484435,40.75049],[14.484431,40.7505],[14.484434,40.750499],[14.484448,40.750504],[14.484569,40.750537],[14.484604,40.750461],[14.484576,40.750454],[14.48456,40.750486],[14.484455,40.750457],[14.484453,40.750454],[14.484449,40.750461],[14.484435,40.75049]]]}},{"type":"Feature","properties":{"level":"property","id":"VII.4.62","label":"Property VII.4.62"},"geometry":{"type":"Polygon","coordinates":[[[14.484422,40.750514],[14.484408,40.750544],[14.484411,40.750546],[14.484432,40.750551],[14.484484,40.750565],[14.484482,40.75057],[14.484516,40.750579],[14.484501,40.750607],[14.484531,40.750615],[14.484545,40.750588],[14.484582,40.750597],[14.484595,40.750573],[14.484558,40.750561],[14.484569,40.750537],[14.484448,40.750504],[14.484442,40.750518],[14.484426,40.750513],[14.484422,40.750514]]]}},{"type":"Feature","properties":{"level":"property","id":"VII.4.62","label":"Property VII.4.62"},"geometry":{"type":"Polygon","coordinates":[[[14.48471,40.750738],[14.484726,40.750713],[14.484743,40.75072],[14.484791,40.75064],[14.484785,40.750637],[14.484858,40.750537],[14.484793,40.750516],[14.484693,40.750485],[14.48468,40.75048],[14.484604,40.750461],[14.484558,40.750561],[14.484595,40.750573],[14.484582,40.750597],[14.484598,40.750601],[14.484577,40.750635],[14.484608,40.750646],[14.484584,40.750692],[14.484565,40.750726],[14.484557,40.750739],[14.484558,40.750743],[14.484587,40.750754],[14.484565,40.750791],[14.484561,40.750792],[14.48459,40.750806],[14.484606,40.750814],[14.484614,40.750818],[14.484639,40.75083],[14.484643,40.750829],[14.484665,40.750796],[14.484705,40.750738],[14.48471,40.750738]]]}},{"type":"Feature","properties":{"level":"property","id":"VII.4.63","label":"Property VII.4.63"},"geometry":{"type":"Polygon","coordinates":[[[14.484558,40.750743],[14.484546,40.75075],[14.484529,40.750773],[14.484526,40.750779],[14.484561,40.750792],[14.484565,40.750791],[14.484587,40.750754],[14.484558,40.750743]]]}},{"type":"Feature","properties":{"level":"property","id":"VII.4.7","label":"Property VII.4.7"},"geometry":{"type":"Polygon","coordinates":[[[14.484467,40.750429],[14.484453,40.750454],[14.484455,40.750457],[14.48456,40.750486],[14.484576,40.750454],[14.484469,40.750426],[14.484467,40.750429]]]}},{"type":"Feature","properties":{"level":"property","id":"VII.4.9","label":"Property VII.4.9"},"geometry":{"type":"Polygon","coordinates":[[[14.48448,40.750406],[14.484477,40.750413],[14.484542,40.750429],[14.484565,40.750378],[14.4845,40.750364],[14.484498,40.750362],[14.484495,40.750368],[14.48448,40.750406]]]}},{"type":"Feature","properties":{"level":"property","id":"VII.5.11","label":"Property VII.5.11"},"geometry":{"type":"Polygon","coordinates":[[[14.483983,40.75015],[14.483983,40.75015],[14.483974,40.750157],[14.484037,40.750183],[14.484062,40.750143],[14.484018,40.750123],[14.484008,40.750131],[14.483983,40.75015]]]}},{"type":"Feature","properties":{"level":"property","id":"VII.5.13","label":"Property VII.5.13"},"geometry":{"type":"Polygon","coordinates":[[[14.484066,40.750084],[14.484054,40.750092],[14.484059,40.750092],[14.484147,40.750131],[14.484178,40.750091],[14.4841,40.750058],[14.484088,40.750068],[14.484066,40.750084]]]}},{"type":"Feature","properties":{"level":"property","id":"VII.5.14","label":"Property VII.5.14"},"geometry":{"type":"Polygon","coordinates":[[[14.484184,40.749992],[14.4841,40.750058],[14.484178,40.750091],[14.484238,40.750013],[14.484231,40.75001],[14.484197,40.749996],[14.484184,40.749992]]]}},{"type":"Feature","properties":{"level":"property","id":"VII.5.15","label":"Property VII.5.15"},"geometry":{"type":"Polygon","coordinates":[[[14.484244,40.750016],[14.484238,40.750013],[14.484147,40.750131],[14.484198,40.750154],[14.484286,40.750036],[14.484279,40.750033],[14.484244,40.750016]]]}},{"type":"Feature","properties":{"level":"property","id":"VII.5.16","label":"Property VII.5.16"},"geometry":{"type":"Polygon","coordinates":[[[14.484292,40.750039],[14.484286,40.750036],[14.484198,40.750154],[14.484245,40.750175],[14.484334,40.750058],[14.484303,40.750043],[14.484292,40.750039]]]}},{"type":"Feature","properties":{"level":"property","id":"VII.5.17","label":"Property VII.5.17"},"geometry":{"type":"Polygon","coordinates":[[[14.484339,40.75006],[14.484334,40.750058],[14.484245,40.750175],[14.484307,40.750203],[14.484324,40.750172],[14.484318,40.75017],[14.484348,40.75013],[14.484385,40.750081],[14.484379,40.750078],[14.484339,40.75006]]]}},{"type":"Feature","properties":{"level":"property","id":"VII.5.18","label":"Property VII.5.18"},"geometry":{"type":"Polygon","coordinates":[[[14.484468,40.750134],[14.484474,40.750122],[14.484385,40.750081],[14.484348,40.75013],[14.484452,40.750164],[14.484455,40.750158],[14.484468,40.750134]]]}},{"type":"Feature","properties":{"level":"property","id":"VII.5.19","label":"Property VII.5.19"},"geometry":{"type":"Polygon","coordinates":[[[14.484448,40.750171],[14.484452,40.750164],[14.484348,40.75013],[14.484318,40.75017],[14.484324,40.750172],[14.484428,40.750205],[14.484431,40.7502],[14.484448,40.750171]]]}},{"type":"Feature","properties":{"level":"property","id":"VII.5.2"},"geometry":{"type":"Polygon","coordinates":[[[14.483692,40.750399],[14.483723,40.750412],[14.483716,40.750423],[14.483723,40.750426],[14.483733,40.75043],[14.483814,40.750466],[14.483828,40.750448],[14.483858,40.750462],[14.483874,40.75047],[14.483884,40.750473],[14.483919,40.750415],[14.483967,40.750432],[14.484019,40.750449],[14.484074,40.750468],[14.484065,40.750483],[14.48412,40.750502],[14.484086,40.750562],[14.484088,40.750563],[14.484103,40.75057],[14.484106,40.750571],[14.484129,40.750531],[14.484152,40.750492],[14.484148,40.750491],[14.484176,40.750446],[14.4842,40.750407],[14.484208,40.750393],[14.484203,40.750392],[14.484209,40.75038],[14.484231,40.750388],[14.484243,40.750369],[14.484323,40.750396],[14.484327,40.750395],[14.484337,40.750379],[14.484336,40.750376],[14.484255,40.75035],[14.484267,40.750327],[14.484241,40.750319],[14.484253,40.750298],[14.484276,40.750258],[14.484301,40.750214],[14.484307,40.750203],[14.484245,40.750175],[14.484198,40.750154],[14.484147,40.750131],[14.484059,40.750092],[14.484054,40.750092],[14.484037,40.750109],[14.484018,40.750123],[14.484062,40.750143],[14.484037,40.750183],[14.483974,40.750157],[14.483859,40.75025],[14.483755,40.750338],[14.48375,40.75034],[14.483723,40.750364],[14.483692,40.750399]]]}},{"type":"Feature","properties":{"level":"property","id":"VII.5.20","label":"Property VII.5.20"},"geometry":{"type":"Polygon","coordinates":[[[14.484425,40.750212],[14.484428,40.750205],[14.484324,40.750172],[14.484301,40.750214],[14.484406,40.750246],[14.484409,40.750241],[14.484425,40.750212]]]}},{"type":"Feature","properties":{"level":"property","id":"VII.5.21","label":"Property VII.5.21"},"geometry":{"type":"Polygon","coordinates":[[[14.484403,40.750253],[14.484406,40.750246],[14.484301,40.750214],[14.484276,40.750258],[14.484382,40.750291],[14.484385,40.750285],[14.484403,40.750253]]]}},{"type":"Feature","properties":{"level":"property","id":"VII.5.22","label":"Property VII.5.22"},"geometry":{"type":"Polygon","coordinates":[[[14.484379,40.750297],[14.484382,40.750291],[14.484276,40.750258],[14.484253,40.750298],[14.48436,40.750333],[14.484364,40.750327],[14.484379,40.750297]]]}},{"type":"Feature","properties":{"level":"property","id":"VII.5.23","label":"Property VII.5.23"},"geometry":{"type":"Polygon","coordinates":[[[14.484358,40.750339],[14.48436,40.750333],[14.484253,40.750298],[14.484241,40.750319],[14.484267,40.750327],[14.484255,40.75035],[14.484336,40.750376],[14.484337,40.750379],[14.484341,40.750369],[14.484358,40.750339]]]}},{"type":"Feature","properties":{"level":"property","id":"VII.5.25","label":"Property VII.5.25"},"geometry":{"type":"Polygon","coordinates":[[[14.484323,40.750405],[14.484327,40.750395],[14.484323,40.750396],[14.484243,40.750369],[14.484231,40.750388],[14.484209,40.75038],[14.484203,40.750392],[14.484208,40.750393],[14.4842,40.750407],[14.484302,40.750439],[14.484305,40.750433],[14.484323,40.750405]]]}},{"type":"Feature","properties":{"level":"property","id":"VII.5.26","label":"Property VII.5.26"},"geometry":{"type":"Polygon","coordinates":[[[14.484298,40.750444],[14.484302,40.750439],[14.4842,40.750407],[14.484176,40.750446],[14.48428,40.750481],[14.484283,40.750475],[14.484298,40.750444]]]}},{"type":"Feature","properties":{"level":"property","id":"VII.5.27","label":"Property VII.5.27"},"geometry":{"type":"Polygon","coordinates":[[[14.484277,40.750487],[14.48428,40.750481],[14.484176,40.750446],[14.484148,40.750491],[14.484152,40.750492],[14.484257,40.750525],[14.48426,40.750518],[14.484277,40.750487]]]}},{"type":"Feature","properties":{"level":"property","id":"VII.5.28","label":"Property VII.5.28"},"geometry":{"type":"Polygon","coordinates":[[[14.484253,40.750531],[14.484257,40.750525],[14.484152,40.750492],[14.484129,40.750531],[14.484149,40.750538],[14.484148,40.75054],[14.484233,40.750567],[14.484237,40.75056],[14.484253,40.750531]]]}},{"type":"Feature","properties":{"level":"property","id":"VII.5.29","label":"Property VII.5.29"},"geometry":{"type":"Polygon","coordinates":[[[14.484214,40.750602],[14.484229,40.750573],[14.484233,40.750567],[14.484148,40.75054],[14.484149,40.750538],[14.484129,40.750531],[14.484106,40.750571],[14.484205,40.750615],[14.484214,40.750602]]]}},{"type":"Feature","properties":{"level":"property","id":"VII.5.3","label":"Property VII.5.3"},"geometry":{"type":"Polygon","coordinates":[[[14.484076,40.750558],[14.484086,40.750562],[14.48412,40.750502],[14.484065,40.750483],[14.484032,40.750538],[14.484043,40.750543],[14.484076,40.750558]]]}},{"type":"Feature","properties":{"level":"property","id":"VII.5.4","label":"Property VII.5.4"},"geometry":{"type":"Polygon","coordinates":[[[14.48402,40.750533],[14.484032,40.750538],[14.484074,40.750468],[14.484019,40.750449],[14.48398,40.750515],[14.483991,40.75052],[14.48402,40.750533]]]}},{"type":"Feature","properties":{"level":"property","id":"VII.5.5","label":"Property VII.5.5"},"geometry":{"type":"Polygon","coordinates":[[[14.483968,40.75051],[14.48398,40.750515],[14.484019,40.750449],[14.483967,40.750432],[14.483932,40.750494],[14.483941,40.750498],[14.483968,40.75051]]]}},{"type":"Feature","properties":{"level":"property","id":"VII.5.6","label":"Property VII.5.6"},"geometry":{"type":"Polygon","coordinates":[[[14.483891,40.750476],[14.48392,40.750489],[14.483932,40.750494],[14.483967,40.750432],[14.483919,40.750415],[14.483884,40.750473],[14.483891,40.750476]]]}},{"type":"Feature","properties":{"level":"property","id":"VII.6.1","label":"Property VII.6.1"},"geometry":{"type":"Polygon","coordinates":[[[14.483244,40.75017],[14.483271,40.750184],[14.483278,40.750189],[14.483309,40.750154],[14.483263,40.750128],[14.483256,40.750135],[14.483236,40.750124],[14.483226,40.750134],[14.483231,40.750137],[14.483218,40.75015],[14.483213,40.750147],[14.48321,40.75015],[14.483222,40.750157],[14.483231,40.750163],[14.483244,40.75017]]]}},{"type":"Feature","properties":{"level":"property","id":"VII.6.11","label":"Property VII.6.11"},"geometry":{"type":"Polygon","coordinates":[[[14.483547,40.750323],[14.483578,40.750286],[14.48361,40.750302],[14.483662,40.75024],[14.483709,40.750264],[14.483758,40.75029],[14.483767,40.750282],[14.483787,40.750266],[14.483794,40.75026],[14.483748,40.750228],[14.483711,40.750202],[14.483691,40.750226],[14.483686,40.750231],[14.483638,40.750205],[14.483601,40.750183],[14.483538,40.750256],[14.483536,40.750255],[14.48353,40.750263],[14.483532,40.750264],[14.483499,40.750304],[14.483501,40.750305],[14.483522,40.750316],[14.483525,40.750318],[14.483543,40.750325],[14.483547,40.750323]]]}},{"type":"Feature","properties":{"level":"property","id":"VII.6.12","label":"Property VII.6.12"},"geometry":{"type":"Polygon","coordinates":[[[14.48357,40.750338],[14.48357,40.750338],[14.48358,40.750342],[14.483579,40.750339],[14.48361,40.750302],[14.483578,40.750286],[14.483547,40.750323],[14.483543,40.750325],[14.483551,40.750328],[14.48357,40.750338]]]}},{"type":"Feature","properties":{"level":"property","id":"VII.6.14","label":"Property VII.6.14"},"geometry":{"type":"Polygon","coordinates":[[[14.483705,40.750335],[14.483733,40.750312],[14.483758,40.75029],[14.483662,40.75024],[14.483579,40.750339],[14.48358,40.750342],[14.483582,40.75034],[14.483587,40.750343],[14.483591,40.750346],[14.483595,40.750342],[14.483602,40.750346],[14.483644,40.750367],[14.48366,40.750374],[14.483705,40.750335]]]}},{"type":"Feature","properties":{"level":"property","id":"VII.6.17","label":"Property VII.6.17"},"geometry":{"type":"Polygon","coordinates":[[[14.483954,40.750123],[14.483954,40.750121],[14.483911,40.75009],[14.483885,40.750115],[14.483748,40.750228],[14.483794,40.75026],[14.483937,40.750141],[14.483945,40.750136],[14.483948,40.750133],[14.483947,40.750132],[14.483956,40.750125],[14.483954,40.750123]]]}},{"type":"Feature","properties":{"level":"property","id":"VII.6.21","label":"Property VII.6.21"},"geometry":{"type":"Polygon","coordinates":[[[14.484057,40.750038],[14.484063,40.750033],[14.483986,40.749978],[14.483964,40.749996],[14.483918,40.749964],[14.483893,40.749982],[14.483939,40.750015],[14.483945,40.750011],[14.484023,40.750066],[14.484032,40.750059],[14.484057,40.750038]]]}},{"type":"Feature","properties":{"level":"property","id":"VII.6.27"},"geometry":{"type":"Polygon","coordinates":[[[14.484116,40.749991],[14.484141,40.749969],[14.48415,40.749961],[14.484143,40.749956],[14.484109,40.749936],[14.484081,40.749918],[14.484069,40.74991],[14.484057,40.749901],[14.484035,40.749882],[14.484033,40.749881],[14.484032,40.749879],[14.483997,40.749855],[14.483987,40.749847],[14.48392,40.749896],[14.483963,40.749931],[14.483918,40.749964],[14.483964,40.749996],[14.483986,40.749978],[14.484063,40.750033],[14.484071,40.750027],[14.484096,40.750006],[14.484116,40.749991]]]}},{"type":"Feature","properties":{"level":"property","id":"VII.6.28","label":"Property VII.6.28"},"geometry":{"type":"Polygon","coordinates":[[[14.483691,40.750226],[14.483711,40.750202],[14.483748,40.750228],[14.483885,40.750115],[14.483911,40.75009],[14.483921,40.750097],[14.483954,40.750121],[14.483954,40.750123],[14.483963,40.750117],[14.48398,40.750102],[14.483987,40.750096],[14.483996,40.75009],[14.48402,40.750069],[14.484023,40.750066],[14.483945,40.750011],[14.483939,40.750015],[14.483893,40.749982],[14.483918,40.749964],[14.483963,40.749931],[14.48392,40.749896],[14.483987,40.749847],[14.483955,40.749824],[14.483937,40.749809],[14.483904,40.749784],[14.483695,40.749947],[14.483672,40.749935],[14.483582,40.750027],[14.483634,40.750056],[14.483652,40.750037],[14.483703,40.750067],[14.483675,40.7501],[14.483723,40.750126],[14.483676,40.75018],[14.483659,40.750173],[14.483635,40.750203],[14.483686,40.750231],[14.483691,40.750226]]]}},{"type":"Feature","properties":{"level":"property","id":"VII.6.29","label":"Property VII.6.29"},"geometry":{"type":"Polygon","coordinates":[[[14.483873,40.749758],[14.483873,40.749758],[14.483863,40.749751],[14.483863,40.749754],[14.483813,40.749792],[14.483825,40.749802],[14.483816,40.749809],[14.483846,40.749829],[14.483904,40.749784],[14.483899,40.74978],[14.483873,40.749758]]]}},{"type":"Feature","properties":{"level":"property","id":"VII.6.3","label":"Property VII.6.3"},"geometry":{"type":"Polygon","coordinates":[[[14.483404,40.750205],[14.483487,40.750113],[14.48347,40.750105],[14.483556,40.750013],[14.483418,40.749937],[14.483418,40.749934],[14.483415,40.749933],[14.483287,40.750066],[14.483291,40.750069],[14.483236,40.750124],[14.483256,40.750135],[14.483263,40.750128],[14.483309,40.750154],[14.483278,40.750189],[14.483283,40.750192],[14.4833,40.750201],[14.483325,40.750216],[14.483332,40.750219],[14.483364,40.750239],[14.483372,40.750243],[14.483372,40.75024],[14.483402,40.750207],[14.483404,40.750205]]]}},{"type":"Feature","properties":{"level":"property","id":"VII.6.30","label":"Property VII.6.30"},"geometry":{"type":"Polygon","coordinates":[[[14.483846,40.749738],[14.483842,40.749738],[14.483792,40.749776],[14.483756,40.74975],[14.483748,40.749744],[14.483724,40.749767],[14.48369,40.74975],[14.48371,40.749726],[14.483646,40.749683],[14.483646,40.74968],[14.483614,40.749713],[14.483607,40.74972],[14.483537,40.7498],[14.483536,40.749802],[14.483611,40.749842],[14.483574,40.749881],[14.483672,40.749935],[14.483695,40.749947],[14.483846,40.749829],[14.483816,40.749809],[14.483825,40.749802],[14.483813,40.749792],[14.483863,40.749754],[14.483863,40.749751],[14.483846,40.749738]]]}},{"type":"Feature","properties":{"level":"property","id":"VII.6.31","label":"Property VII.6.31"},"geometry":{"type":"Polygon","coordinates":[[[14.483838,40.749732],[14.483815,40.749717],[14.483808,40.749712],[14.483808,40.749715],[14.483785,40.749736],[14.483774,40.74973],[14.483756,40.74975],[14.483792,40.749776],[14.483842,40.749738],[14.483846,40.749738],[14.483838,40.749732]]]}},{"type":"Feature","properties":{"level":"property","id":"VII.6.33","label":"Property VII.6.33"},"geometry":{"type":"Polygon","coordinates":[[[14.48376,40.749682],[14.48376,40.749682],[14.483752,40.749677],[14.48371,40.749726],[14.48369,40.74975],[14.483724,40.749767],[14.483748,40.749744],[14.483756,40.74975],[14.483774,40.74973],[14.483785,40.749736],[14.483808,40.749715],[14.483808,40.749712],[14.483801,40.749707],[14.483791,40.749702],[14.48376,40.749682]]]}},{"type":"Feature","properties":{"level":"property","id":"VII.6.34","label":"Property VII.6.34"},"geometry":{"type":"Polygon","coordinates":[[[14.483747,40.749673],[14.483727,40.74966],[14.483722,40.749657],[14.483676,40.749703],[14.48371,40.749726],[14.483752,40.749677],[14.483747,40.749673]]]}},{"type":"Feature","properties":{"level":"property","id":"VII.6.35","label":"Property VII.6.35"},"geometry":{"type":"Polygon","coordinates":[[[14.483689,40.749636],[14.483653,40.749674],[14.483646,40.74968],[14.483646,40.749683],[14.483676,40.749703],[14.483722,40.749657],[14.483716,40.749654],[14.483702,40.749644],[14.483689,40.749636]]]}},{"type":"Feature","properties":{"level":"property","id":"VII.6.38","label":"Property VII.6.38"},"geometry":{"type":"Polygon","coordinates":[[[14.483443,40.749906],[14.483418,40.749934],[14.483418,40.749937],[14.483556,40.750013],[14.483582,40.750027],[14.483672,40.749935],[14.483574,40.749881],[14.483611,40.749842],[14.483536,40.749802],[14.483535,40.749803],[14.483453,40.749897],[14.483443,40.749906]]]}},{"type":"Feature","properties":{"level":"property","id":"VII.6.5"},"geometry":{"type":"Polygon","coordinates":[[[14.483417,40.750265],[14.483422,40.750267],[14.483454,40.750229],[14.483402,40.750207],[14.483372,40.75024],[14.483372,40.750243],[14.48338,40.750248],[14.48339,40.750251],[14.483417,40.750265]]]}},{"type":"Feature","properties":{"level":"property","id":"VII.6.5"},"geometry":{"type":"Polygon","coordinates":[[[14.483424,40.750268],[14.483443,40.750277],[14.483444,40.750278],[14.483477,40.750239],[14.483506,40.750252],[14.483513,40.750244],[14.483536,40.750255],[14.483538,40.750256],[14.483601,40.750183],[14.483635,40.750203],[14.483659,40.750173],[14.483676,40.75018],[14.483696,40.750157],[14.483723,40.750126],[14.483675,40.7501],[14.483703,40.750067],[14.483652,40.750037],[14.483634,40.750056],[14.483556,40.750013],[14.48347,40.750105],[14.483487,40.750113],[14.483402,40.750207],[14.483454,40.750229],[14.483422,40.750267],[14.483424,40.750268]]]}},{"type":"Feature","properties":{"level":"property","id":"VII.6.5"},"geometry":{"type":"Polygon","coordinates":[[[14.483497,40.750303],[14.483499,40.750304],[14.483532,40.750264],[14.48353,40.750263],[14.483536,40.750255],[14.483513,40.750244],[14.483506,40.750252],[14.483477,40.750239],[14.483444,40.750278],[14.483447,40.750279],[14.48348,40.750296],[14.483489,40.7503],[14.483497,40.750303]]]}},{"type":"Feature","properties":{"level":"property","id":"VII.7.1","label":"Property VII.7.1"},"geometry":{"type":"Polygon","coordinates":[[[14.484357,40.748873],[14.484331,40.748862],[14.484318,40.748858],[14.484281,40.748927],[14.48433,40.748944],[14.484372,40.748878],[14.484357,40.748873]]]}},{"type":"Feature","properties":{"level":"property","id":"VII.7.10","label":"Property VII.7.10"},"geometry":{"type":"Polygon","coordinates":[[[14.483636,40.748902],[14.483751,40.748994],[14.483759,40.748999],[14.48379,40.749024],[14.483866,40.74894],[14.483887,40.748915],[14.483963,40.748799],[14.483921,40.748784],[14.483932,40.748764],[14.4839,40.748754],[14.483916,40.748725],[14.483915,40.748723],[14.48389,40.748715],[14.483887,40.748716],[14.483872,40.748745],[14.483835,40.748731],[14.483829,40.748742],[14.483792,40.748731],[14.483757,40.748794],[14.483729,40.748785],[14.483636,40.748902]]]}},{"type":"Feature","properties":{"level":"property","id":"VII.7.11","label":"Property VII.7.11"},"geometry":{"type":"Polygon","coordinates":[[[14.483877,40.748711],[14.483848,40.7487],[14.483839,40.748696],[14.483826,40.748711],[14.483798,40.7487],[14.483729,40.748785],[14.483757,40.748794],[14.483792,40.748731],[14.483829,40.748742],[14.483835,40.748731],[14.483872,40.748745],[14.483887,40.748716],[14.48389,40.748715],[14.483877,40.748711],[14.483877,40.748711]]]}},{"type":"Feature","properties":{"level":"property","id":"VII.7.12","label":"Property VII.7.12"},"geometry":{"type":"Polygon","coordinates":[[[14.483831,40.748694],[14.483823,40.748692],[14.483808,40.748687],[14.483798,40.7487],[14.483826,40.748711],[14.483839,40.748696],[14.483831,40.748694]]]}},{"type":"Feature","properties":{"level":"property","id":"VII.7.16","label":"Property VII.7.16"},"geometry":{"type":"Polygon","coordinates":[[[14.483941,40.749513],[14.483941,40.749513],[14.48391,40.749541],[14.484098,40.749629],[14.484155,40.749554],[14.48417,40.749533],[14.48401,40.749449],[14.483949,40.749506],[14.483941,40.749513]]]}},{"type":"Feature","properties":{"level":"property","id":"VII.7.17"},"geometry":{"type":"Polygon","coordinates":[[[14.483887,40.749561],[14.483865,40.749577],[14.483924,40.749611],[14.483944,40.749622],[14.484034,40.749693],[14.48399,40.749726],[14.484049,40.749753],[14.484067,40.749727],[14.484134,40.74976],[14.484171,40.749714],[14.484177,40.749706],[14.484201,40.749677],[14.484218,40.749685],[14.484221,40.749684],[14.484266,40.749604],[14.484155,40.749554],[14.484098,40.749629],[14.48391,40.749541],[14.483892,40.749557],[14.483887,40.749561]]]}},{"type":"Feature","properties":{"level":"property","id":"VII.7.17"},"geometry":{"type":"Polygon","coordinates":[[[14.484015,40.749813],[14.484064,40.749849],[14.484134,40.74976],[14.484067,40.749727],[14.484049,40.749753],[14.48399,40.749726],[14.483945,40.74976],[14.483983,40.749788],[14.483989,40.749784],[14.483999,40.749791],[14.483993,40.749796],[14.484,40.749802],[14.484015,40.749813]]]}},{"type":"Feature","properties":{"level":"property","id":"VII.7.18","label":"Property VII.7.18"},"geometry":{"type":"Polygon","coordinates":[[[14.483821,40.749667],[14.483838,40.749678],[14.483924,40.749611],[14.483865,40.749577],[14.483786,40.749639],[14.483795,40.749647],[14.483821,40.749667]]]}},{"type":"Feature","properties":{"level":"property","id":"VII.7.19","label":"Property VII.7.19"},"geometry":{"type":"Polygon","coordinates":[[[14.483879,40.749711],[14.483892,40.74972],[14.483945,40.74976],[14.484034,40.749693],[14.483988,40.749657],[14.483944,40.749622],[14.483924,40.749611],[14.483838,40.749678],[14.483879,40.749711]]]}},{"type":"Feature","properties":{"level":"property","id":"VII.7.2","label":"Property VII.7.2"},"geometry":{"type":"Polygon","coordinates":[[[14.484282,40.748846],[14.484216,40.748824],[14.484192,40.748867],[14.484145,40.748851],[14.484105,40.748913],[14.484154,40.74893],[14.484127,40.748971],[14.484096,40.749028],[14.484042,40.749012],[14.484022,40.749045],[14.484048,40.749054],[14.483974,40.749162],[14.483979,40.749165],[14.484111,40.749247],[14.484123,40.749255],[14.48413,40.749259],[14.48433,40.748944],[14.484281,40.748927],[14.484318,40.748858],[14.484282,40.748846]]]}},{"type":"Feature","properties":{"level":"property","id":"VII.7.24","label":"Property VII.7.24"},"geometry":{"type":"Polygon","coordinates":[[[14.484126,40.749889],[14.484141,40.749896],[14.484173,40.749844],[14.484123,40.749823],[14.484086,40.749867],[14.4841,40.749875],[14.484126,40.749889]]]}},{"type":"Feature","properties":{"level":"property","id":"VII.7.25","label":"Property VII.7.25"},"geometry":{"type":"Polygon","coordinates":[[[14.484182,40.749917],[14.484182,40.749917],[14.484216,40.749935],[14.48422,40.74993],[14.484207,40.749923],[14.484236,40.749871],[14.484173,40.749844],[14.484141,40.749896],[14.484151,40.749901],[14.484182,40.749917]]]}},{"type":"Feature","properties":{"level":"property","id":"VII.7.28","label":"Property VII.7.28"},"geometry":{"type":"Polygon","coordinates":[[[14.484246,40.749858],[14.484267,40.749821],[14.484164,40.749785],[14.484164,40.749782],[14.48416,40.749781],[14.484123,40.749823],[14.484236,40.749871],[14.484237,40.749869],[14.484246,40.749858]]]}},{"type":"Feature","properties":{"level":"property","id":"VII.7.29","label":"Property VII.7.29"},"geometry":{"type":"Polygon","coordinates":[[[14.484425,40.74954],[14.484425,40.74954],[14.48443,40.749531],[14.484327,40.749495],[14.484266,40.749604],[14.484221,40.749684],[14.484218,40.749685],[14.484164,40.749782],[14.484164,40.749785],[14.484267,40.749821],[14.484271,40.749814],[14.484282,40.749793],[14.484289,40.749782],[14.4843,40.74976],[14.484307,40.749748],[14.48432,40.749726],[14.484327,40.749714],[14.48434,40.749691],[14.484351,40.749672],[14.484362,40.749654],[14.484369,40.749641],[14.484383,40.749617],[14.48439,40.749604],[14.484404,40.749578],[14.484411,40.749565],[14.484425,40.74954]]]}},{"type":"Feature","properties":{"level":"property","id":"VII.7.3","label":"Property VII.7.3"},"geometry":{"type":"Polygon","coordinates":[[[14.484207,40.748821],[14.484183,40.748813],[14.484171,40.748809],[14.484145,40.748851],[14.484192,40.748867],[14.484216,40.748824],[14.484207,40.748821],[14.484207,40.748821]]]}},{"type":"Feature","properties":{"level":"property","id":"VII.7.30","label":"Property VII.7.30"},"geometry":{"type":"Polygon","coordinates":[[[14.484082,40.749375],[14.484016,40.749443],[14.48401,40.749449],[14.48417,40.749533],[14.484155,40.749554],[14.484266,40.749604],[14.484327,40.749495],[14.48443,40.749531],[14.484434,40.749525],[14.484441,40.749512],[14.484444,40.749505],[14.484451,40.749495],[14.48447,40.749464],[14.484469,40.749461],[14.484397,40.749435],[14.484105,40.749327],[14.484101,40.749328],[14.484082,40.749375]]]}},{"type":"Feature","properties":{"level":"property","id":"VII.7.31","label":"Property VII.7.31"},"geometry":{"type":"Polygon","coordinates":[[[14.484491,40.749427],[14.484506,40.749404],[14.484489,40.749398],[14.484474,40.74942],[14.484491,40.749427]]]}},{"type":"Feature","properties":{"level":"property","id":"VII.7.32","label":"Property VII.7.32"},"geometry":{"type":"Polygon","coordinates":[[[14.484491,40.749427],[14.484506,40.749404],[14.484734,40.749015],[14.484555,40.748948],[14.484525,40.748937],[14.484372,40.748878],[14.48413,40.749259],[14.484141,40.749266],[14.484101,40.749328],[14.484105,40.749327],[14.484397,40.749435],[14.484407,40.749439],[14.484469,40.749461],[14.48447,40.749464],[14.484491,40.749427]]]}},{"type":"Feature","properties":{"level":"property","id":"VII.7.5","label":"Property VII.7.5"},"geometry":{"type":"Polygon","coordinates":[[[14.484022,40.749045],[14.484042,40.749012],[14.484096,40.749028],[14.484127,40.748971],[14.484154,40.74893],[14.484105,40.748913],[14.484145,40.748851],[14.484171,40.748809],[14.48414,40.748799],[14.484138,40.748798],[14.484114,40.74879],[14.484099,40.748785],[14.484072,40.748776],[14.484068,40.748777],[14.484047,40.74881],[14.484012,40.748798],[14.483973,40.748784],[14.483887,40.748915],[14.483866,40.74894],[14.48379,40.749024],[14.483863,40.749083],[14.4839,40.749109],[14.483913,40.749118],[14.483974,40.749162],[14.484048,40.749054],[14.484022,40.749045]]]}},{"type":"Feature","properties":{"level":"property","id":"VII.7.6","label":"Property VII.7.6"},"geometry":{"type":"Polygon","coordinates":[[[14.484072,40.748776],[14.484059,40.748771],[14.484042,40.748765],[14.484034,40.748762],[14.484012,40.748798],[14.484047,40.74881],[14.484068,40.748777],[14.484072,40.748776]]]}},{"type":"Feature","properties":{"level":"property","id":"VII.7.7","label":"Property VII.7.7"},"geometry":{"type":"Polygon","coordinates":[[[14.484026,40.74876],[14.483997,40.74875],[14.483993,40.748752],[14.483973,40.748784],[14.484012,40.748798],[14.484034,40.748762],[14.484026,40.74876],[14.484026,40.74876]]]}},{"type":"Feature","properties":{"level":"property","id":"VII.7.8","label":"Property VII.7.8"},"geometry":{"type":"Polygon","coordinates":[[[14.483933,40.748728],[14.483915,40.748723],[14.483916,40.748725],[14.4839,40.748754],[14.483932,40.748764],[14.483921,40.748784],[14.483963,40.748799],[14.483973,40.748784],[14.483993,40.748752],[14.483997,40.74875],[14.483979,40.748744],[14.48397,40.748741],[14.483945,40.748733],[14.483933,40.748728]]]}},{"type":"Feature","properties":{"level":"property","id":"VII.8.1","label":"Property VII.8.1"},"geometry":{"type":"Polygon","coordinates":[[[14.484735,40.750031],[14.484719,40.750059],[14.484716,40.750064],[14.484776,40.750081],[14.484793,40.750041],[14.484738,40.750025],[14.484735,40.750031]]]}},{"type":"Feature","properties":{"level":"property","id":"VII.8.1","label":"Property VII.8.1"},"geometry":{"type":"Polygon","coordinates":[[[14.484754,40.749993],[14.484741,40.75002],[14.484738,40.750025],[14.484793,40.750041],[14.484809,40.750004],[14.484758,40.749988],[14.484754,40.749993],[14.484754,40.749993]]]}},{"type":"Feature","properties":{"level":"property","id":"VII.8.1","label":"Property VII.8.1"},"geometry":{"type":"Polygon","coordinates":[[[14.484827,40.749855],[14.484814,40.74988],[14.484811,40.749886],[14.484851,40.749899],[14.484865,40.749862],[14.48483,40.749849],[14.484827,40.749855],[14.484827,40.749855]]]}},{"type":"Feature","properties":{"level":"property","id":"VII.8.1","label":"Property VII.8.1"},"geometry":{"type":"Polygon","coordinates":[[[14.484846,40.749817],[14.484833,40.749844],[14.48483,40.749849],[14.484865,40.749862],[14.484879,40.749827],[14.48488,40.749821],[14.484848,40.749811],[14.484846,40.749817]]]}},{"type":"Feature","properties":{"level":"property","id":"VII.8.1","label":"Property VII.8.1"},"geometry":{"type":"Polygon","coordinates":[[[14.485304,40.749048],[14.48531,40.749035],[14.485321,40.749016],[14.485337,40.748988],[14.485352,40.748963],[14.485418,40.748839],[14.48538,40.748828],[14.485376,40.748835],[14.485372,40.748833],[14.48538,40.74882],[14.485386,40.748807],[14.485358,40.748797],[14.48535,40.748794],[14.485342,40.748792],[14.485337,40.74879],[14.48533,40.748788],[14.48532,40.748785],[14.485304,40.74878],[14.4853,40.748787],[14.485295,40.748785],[14.485292,40.748792],[14.485238,40.748776],[14.485203,40.748765],[14.485165,40.748752],[14.485158,40.74875],[14.485154,40.748748],[14.485149,40.748756],[14.485128,40.748749],[14.485057,40.748726],[14.485036,40.748719],[14.485041,40.748711],[14.485018,40.748704],[14.485008,40.7487],[14.484961,40.748686],[14.48492,40.748673],[14.484906,40.748669],[14.484898,40.748685],[14.484877,40.748725],[14.484867,40.748746],[14.484857,40.748764],[14.484843,40.748791],[14.484836,40.748804],[14.484825,40.748826],[14.484818,40.748839],[14.484804,40.748864],[14.484795,40.74888],[14.484787,40.748899],[14.484777,40.748917],[14.484766,40.748939],[14.484752,40.748984],[14.484734,40.749015],[14.484657,40.749147],[14.484508,40.749401],[14.484508,40.749401],[14.484506,40.749404],[14.484491,40.749427],[14.48447,40.749464],[14.484451,40.749495],[14.484449,40.749498],[14.484444,40.749505],[14.484441,40.749512],[14.484434,40.749525],[14.484425,40.74954],[14.484411,40.749565],[14.484404,40.749578],[14.48439,40.749604],[14.484383,40.749617],[14.484369,40.749641],[14.484362,40.749654],[14.484351,40.749672],[14.48434,40.749691],[14.484327,40.749714],[14.48432,40.749726],[14.484307,40.749748],[14.4843,40.74976],[14.484289,40.749782],[14.484282,40.749793],[14.484271,40.749814],[14.484246,40.749858],[14.484237,40.749869],[14.484207,40.749923],[14.48422,40.74993],[14.484216,40.749935],[14.484227,40.749945],[14.484239,40.749953],[14.484244,40.749949],[14.484267,40.749962],[14.484264,40.749965],[14.484284,40.749976],[14.484288,40.749972],[14.484322,40.749989],[14.484318,40.749994],[14.484338,40.750005],[14.484332,40.750013],[14.484488,40.750067],[14.48448,40.750085],[14.484481,40.750085],[14.484517,40.750095],[14.484549,40.750104],[14.484588,40.750118],[14.484636,40.750129],[14.484678,40.750141],[14.48468,40.750138],[14.484681,40.750134],[14.484682,40.750132],[14.484695,40.750106],[14.484696,40.750104],[14.484697,40.750101],[14.484699,40.750097],[14.4847,40.750096],[14.484713,40.750069],[14.484714,40.750068],[14.484716,40.750064],[14.484718,40.750061],[14.484719,40.750059],[14.484735,40.750031],[14.484735,40.75003],[14.484738,40.750025],[14.48474,40.750022],[14.484741,40.75002],[14.484754,40.749993],[14.484756,40.749991],[14.484758,40.749988],[14.48476,40.749984],[14.48476,40.749983],[14.484787,40.74993],[14.484787,40.74993],[14.484791,40.749923],[14.484794,40.749919],[14.484808,40.749892],[14.484809,40.74989],[14.484811,40.749886],[14.484813,40.749881],[14.484814,40.74988],[14.484827,40.749855],[14.484828,40.749853],[14.48483,40.749849],[14.484831,40.749846],[14.484833,40.749844],[14.484846,40.749817],[14.484848,40.749813],[14.484825,40.749805],[14.484841,40.749778],[14.484833,40.749775],[14.484837,40.749767],[14.484924,40.749609],[14.484928,40.749601],[14.48497,40.749613],[14.485018,40.749524],[14.485031,40.749502],[14.485071,40.749435],[14.485121,40.749451],[14.485127,40.749441],[14.485129,40.749436],[14.485146,40.749406],[14.485165,40.749373],[14.485192,40.749367],[14.485203,40.749348],[14.48519,40.749329],[14.485201,40.749307],[14.485221,40.74927],[14.485226,40.749261],[14.48523,40.749254],[14.485234,40.749244],[14.485255,40.749242],[14.48527,40.74923],[14.485271,40.749214],[14.485258,40.749201],[14.485272,40.749173],[14.48529,40.749142],[14.485291,40.749138],[14.485296,40.749129],[14.485254,40.749119],[14.485256,40.749115],[14.485304,40.749048]]]}},{"type":"Feature","properties":{"level":"property","id":"VII.9.1","label":"Property VII.9.1"},"geometry":{"type":"Polygon","coordinates":[[[14.485221,40.74927],[14.48522,40.74927],[14.485201,40.749307],[14.48519,40.749329],[14.485203,40.749348],[14.485192,40.749368],[14.485165,40.749373],[14.485146,40.749406],[14.485129,40.749436],[14.485127,40.749441],[14.485122,40.749451],[14.485071,40.749435],[14.485074,40.749441],[14.485122,40.749456],[14.48516,40.749465],[14.485174,40.749467],[14.485878,40.74963],[14.485891,40.749605],[14.485907,40.749572],[14.485932,40.749522],[14.485957,40.749472],[14.485982,40.749422],[14.486007,40.749372],[14.486027,40.749331],[14.486031,40.749323],[14.48604,40.749305],[14.486045,40.749302],[14.486045,40.749298],[14.48604,40.749295],[14.486035,40.749295],[14.486032,40.749295],[14.486015,40.749291],[14.486,40.749288],[14.485962,40.749279],[14.485929,40.749271],[14.485897,40.749264],[14.485865,40.749257],[14.485832,40.749249],[14.485799,40.749241],[14.485767,40.749234],[14.485733,40.749226],[14.485699,40.749218],[14.485665,40.74921],[14.485632,40.749202],[14.485598,40.749194],[14.485565,40.749187],[14.485533,40.749179],[14.485499,40.749171],[14.485465,40.749163],[14.485432,40.749156],[14.485398,40.749148],[14.485364,40.74914],[14.48533,40.749132],[14.485308,40.749127],[14.485279,40.74912],[14.485256,40.749115],[14.485254,40.749119],[14.485296,40.749129],[14.485291,40.749138],[14.48529,40.749142],[14.485272,40.749173],[14.485267,40.749183],[14.485258,40.749201],[14.485271,40.749214],[14.48527,40.74923],[14.485255,40.749242],[14.485234,40.749244],[14.48523,40.749254],[14.485226,40.749261],[14.485221,40.74927]]]}},{"type":"Feature","properties":{"level":"property","id":"VII.9.11","label":"Property VII.9.11"},"geometry":{"type":"Polygon","coordinates":[[[14.4847,40.750096],[14.4847,40.750096],[14.484697,40.750101],[14.484734,40.750112],[14.48475,40.750117],[14.484759,40.750099],[14.484768,40.750101],[14.484776,40.750081],[14.484716,40.750064],[14.484713,40.750069],[14.4847,40.750096]]]}},{"type":"Feature","properties":{"level":"property","id":"VII.9.12","label":"Property VII.9.12"},"geometry":{"type":"Polygon","coordinates":[[[14.484682,40.750132],[14.48468,40.750138],[14.484678,40.750141],[14.484716,40.750152],[14.484715,40.750149],[14.484734,40.750112],[14.484697,40.750101],[14.484695,40.750106],[14.484682,40.750132]]]}},{"type":"Feature","properties":{"level":"property","id":"VII.9.13","label":"Property VII.9.13"},"geometry":{"type":"Polygon","coordinates":[[[14.484716,40.750152],[14.484725,40.750154],[14.484732,40.750156],[14.48475,40.750117],[14.484734,40.750112],[14.484715,40.750149],[14.484716,40.750152]]]}},{"type":"Feature","properties":{"level":"property","id":"VII.9.14","label":"Property VII.9.14"},"geometry":{"type":"Polygon","coordinates":[[[14.484766,40.750166],[14.484771,40.750168],[14.4848,40.750109],[14.484759,40.750099],[14.48475,40.750117],[14.484733,40.750156],[14.484739,40.750157],[14.484766,40.750166]]]}},{"type":"Feature","properties":{"level":"property","id":"VII.9.15","label":"Property VII.9.15"},"geometry":{"type":"Polygon","coordinates":[[[14.484805,40.750176],[14.48481,40.750177],[14.484839,40.750118],[14.4848,40.750109],[14.484771,40.750168],[14.484777,40.750169],[14.484805,40.750176]]]}},{"type":"Feature","properties":{"level":"property","id":"VII.9.16","label":"Property VII.9.16"},"geometry":{"type":"Polygon","coordinates":[[[14.48484,40.750185],[14.484847,40.750187],[14.484875,40.750127],[14.484839,40.750118],[14.48481,40.750177],[14.484816,40.750179],[14.48484,40.750185]]]}},{"type":"Feature","properties":{"level":"property","id":"VII.9.17","label":"Property VII.9.17"},"geometry":{"type":"Polygon","coordinates":[[[14.484887,40.750197],[14.484894,40.750199],[14.484922,40.750138],[14.484875,40.750127],[14.484847,40.750187],[14.484853,40.750188],[14.484887,40.750197]]]}},{"type":"Feature","properties":{"level":"property","id":"VII.9.18","label":"Property VII.9.18"},"geometry":{"type":"Polygon","coordinates":[[[14.484943,40.750207],[14.484943,40.750207],[14.484953,40.75021],[14.484976,40.750151],[14.484922,40.750138],[14.484894,40.750199],[14.4849,40.7502],[14.484943,40.750207]]]}},{"type":"Feature","properties":{"level":"property","id":"VII.9.2","label":"Property VII.9.2"},"geometry":{"type":"Polygon","coordinates":[[[14.485031,40.749502],[14.485018,40.749524],[14.484986,40.749584],[14.485087,40.749613],[14.48509,40.74961],[14.485307,40.749668],[14.485372,40.74953],[14.485062,40.74945],[14.485031,40.749502]]]}},{"type":"Feature","properties":{"level":"property","id":"VII.9.20","label":"Property VII.9.20"},"geometry":{"type":"Polygon","coordinates":[[[14.485043,40.750233],[14.48505,40.750234],[14.485073,40.750174],[14.485019,40.750161],[14.484995,40.750219],[14.485003,40.750221],[14.485043,40.750233]]]}},{"type":"Feature","properties":{"level":"property","id":"VII.9.21","label":"Property VII.9.21"},"geometry":{"type":"Polygon","coordinates":[[[14.4851,40.750245],[14.485107,40.750247],[14.485131,40.750188],[14.485073,40.750174],[14.48505,40.750234],[14.485055,40.750236],[14.4851,40.750245]]]}},{"type":"Feature","properties":{"level":"property","id":"VII.9.22","label":"Property VII.9.22"},"geometry":{"type":"Polygon","coordinates":[[[14.48514,40.750254],[14.48514,40.750254],[14.485146,40.750256],[14.48517,40.750198],[14.485131,40.750188],[14.485107,40.750247],[14.485112,40.750247],[14.48514,40.750254]]]}},{"type":"Feature","properties":{"level":"property","id":"VII.9.23","label":"Property VII.9.23"},"geometry":{"type":"Polygon","coordinates":[[[14.485183,40.750265],[14.485188,40.750266],[14.48521,40.750207],[14.48517,40.750198],[14.485146,40.750256],[14.48515,40.750257],[14.485183,40.750265]]]}},{"type":"Feature","properties":{"level":"property","id":"VII.9.24","label":"Property VII.9.24"},"geometry":{"type":"Polygon","coordinates":[[[14.485225,40.750274],[14.485228,40.750272],[14.485246,40.750229],[14.485205,40.75022],[14.485188,40.750266],[14.485194,40.750267],[14.485225,40.750274]]]}},{"type":"Feature","properties":{"level":"property","id":"VII.9.25","label":"Property VII.9.25"},"geometry":{"type":"Polygon","coordinates":[[[14.485265,40.750283],[14.485273,40.750285],[14.485294,40.75024],[14.485246,40.750229],[14.485228,40.750272],[14.485225,40.750274],[14.485255,40.750281],[14.485265,40.750283]]]}},{"type":"Feature","properties":{"level":"property","id":"VII.9.26","label":"Property VII.9.26"},"geometry":{"type":"Polygon","coordinates":[[[14.485322,40.750295],[14.485324,40.750296],[14.485341,40.75025],[14.485294,40.75024],[14.485273,40.750285],[14.48528,40.750287],[14.485322,40.750295]]]}},{"type":"Feature","properties":{"level":"property","id":"VII.9.27","label":"Property VII.9.27"},"geometry":{"type":"Polygon","coordinates":[[[14.485401,40.750232],[14.485421,40.750183],[14.485447,40.750189],[14.485462,40.750148],[14.485458,40.750147],[14.485516,40.749968],[14.485511,40.749967],[14.485504,40.749966],[14.485483,40.749961],[14.485473,40.749959],[14.485444,40.749953],[14.485352,40.750162],[14.485373,40.750168],[14.485341,40.75025],[14.485324,40.750296],[14.485327,40.750296],[14.485366,40.750303],[14.485375,40.750305],[14.485374,40.750303],[14.485389,40.750261],[14.485401,40.750232]]]}},{"type":"Feature","properties":{"level":"property","id":"VII.9.28","label":"Property VII.9.28"},"geometry":{"type":"Polygon","coordinates":[[[14.48542,40.750315],[14.485427,40.750317],[14.485455,40.750244],[14.485401,40.750232],[14.485389,40.750261],[14.485374,40.750303],[14.485375,40.750305],[14.48542,40.750315]]]}},{"type":"Feature","properties":{"level":"property","id":"VII.9.29","label":"Property VII.9.29"},"geometry":{"type":"Polygon","coordinates":[[[14.485463,40.750323],[14.485478,40.750327],[14.48552,40.750335],[14.485532,40.750337],[14.485564,40.750275],[14.485567,40.750268],[14.485572,40.750258],[14.485511,40.750241],[14.485506,40.750254],[14.485456,40.750242],[14.485455,40.750244],[14.485427,40.750317],[14.485434,40.750318],[14.485463,40.750323]]]}},{"type":"Feature","properties":{"level":"property","id":"VII.9.3","label":"Property VII.9.3"},"geometry":{"type":"Polygon","coordinates":[[[14.484833,40.749775],[14.484841,40.749778],[14.484836,40.749786],[14.484825,40.749805],[14.484848,40.749813],[14.484848,40.749811],[14.48488,40.749821],[14.484879,40.749827],[14.484957,40.749845],[14.484972,40.749816],[14.485012,40.749828],[14.485014,40.749834],[14.485044,40.749844],[14.485078,40.749839],[14.485089,40.749821],[14.485176,40.749802],[14.485198,40.749761],[14.485155,40.749703],[14.485172,40.749668],[14.485119,40.749654],[14.485107,40.749656],[14.485071,40.749646],[14.485087,40.749613],[14.484986,40.749584],[14.48497,40.749613],[14.484928,40.749601],[14.484924,40.749609],[14.484836,40.749767],[14.484833,40.749775]]]}},{"type":"Feature","properties":{"level":"property","id":"VII.9.33","label":"Property VII.9.33"},"geometry":{"type":"Polygon","coordinates":[[[14.485579,40.750243],[14.485583,40.750235],[14.485597,40.750206],[14.485599,40.750201],[14.485599,40.7502],[14.485611,40.750178],[14.485618,40.750163],[14.485568,40.750151],[14.485507,40.750137],[14.485499,40.750157],[14.485462,40.750148],[14.485447,40.750189],[14.485421,40.750183],[14.485401,40.750232],[14.485455,40.750244],[14.485456,40.750242],[14.485506,40.750254],[14.485511,40.750241],[14.485572,40.750258],[14.485575,40.750251],[14.485579,40.750243]]]}},{"type":"Feature","properties":{"level":"property","id":"VII.9.35"},"geometry":{"type":"Polygon","coordinates":[[[14.485618,40.749991],[14.485602,40.749988],[14.485572,40.749981],[14.485563,40.74998],[14.485516,40.749968],[14.485458,40.750147],[14.485462,40.750148],[14.485499,40.750157],[14.485507,40.750137],[14.485618,40.750163],[14.485649,40.750098],[14.485645,40.750099],[14.485583,40.750082],[14.48562,40.749993],[14.485618,40.749991]]]}},{"type":"Feature","properties":{"level":"property","id":"VII.9.35"},"geometry":{"type":"Polygon","coordinates":[[[14.485671,40.750053],[14.485688,40.750019],[14.485694,40.750007],[14.485676,40.750003],[14.485651,40.749997],[14.485638,40.749994],[14.485633,40.749993],[14.485618,40.749991],[14.48562,40.749993],[14.485583,40.750082],[14.485645,40.750099],[14.485649,40.750098],[14.485656,40.750084],[14.485671,40.750053]]]}},{"type":"Feature","properties":{"level":"property","id":"VII.9.43","label":"Property VII.9.43"},"geometry":{"type":"Polygon","coordinates":[[[14.485287,40.749785],[14.4853,40.749749],[14.485339,40.749663],[14.48539,40.74955],[14.485388,40.749548],[14.485375,40.749529],[14.485372,40.74953],[14.485307,40.749668],[14.48509,40.74961],[14.485088,40.749613],[14.485071,40.749646],[14.485107,40.749656],[14.485119,40.749654],[14.485172,40.749668],[14.485155,40.749703],[14.485198,40.749761],[14.485176,40.749802],[14.485089,40.749821],[14.485078,40.749839],[14.485044,40.749844],[14.485014,40.749834],[14.485012,40.749828],[14.484972,40.749816],[14.484957,40.749845],[14.485185,40.749897],[14.48519,40.749897],[14.485198,40.749874],[14.485194,40.749873],[14.4852,40.749862],[14.485203,40.749861],[14.485239,40.749772],[14.485287,40.749785]]]}},{"type":"Feature","properties":{"level":"property","id":"VII.9.44","label":"Property VII.9.44"},"geometry":{"type":"Polygon","coordinates":[[[14.485246,40.749874],[14.485256,40.749877],[14.485254,40.749874],[14.485268,40.749838],[14.485287,40.749785],[14.485239,40.749772],[14.485203,40.749861],[14.4852,40.749862],[14.485216,40.749867],[14.485246,40.749874]]]}},{"type":"Feature","properties":{"level":"property","id":"VII.9.46","label":"Property VII.9.46"},"geometry":{"type":"Polygon","coordinates":[[[14.485321,40.749892],[14.485324,40.74989],[14.485333,40.749866],[14.485314,40.749862],[14.485318,40.749849],[14.485268,40.749838],[14.485254,40.749874],[14.485256,40.749877],[14.485266,40.749879],[14.48528,40.749883],[14.485321,40.749892]]]}},{"type":"Feature","properties":{"level":"property","id":"VII.9.49","label":"Property VII.9.49"},"geometry":{"type":"Polygon","coordinates":[[[14.485465,40.749924],[14.485473,40.749926],[14.485501,40.749855],[14.485478,40.74985],[14.485465,40.749881],[14.485435,40.749874],[14.48542,40.749914],[14.485428,40.749916],[14.485465,40.749924]]]}},{"type":"Feature","properties":{"level":"property","id":"VII.9.50","label":"Property VII.9.50"},"geometry":{"type":"Polygon","coordinates":[[[14.485516,40.749936],[14.485516,40.749936],[14.485531,40.749939],[14.48553,40.749936],[14.485555,40.749866],[14.485501,40.749855],[14.485474,40.749926],[14.485482,40.749928],[14.485516,40.749936]]]}},{"type":"Feature","properties":{"level":"property","id":"VII.9.52"},"geometry":{"type":"Polygon","coordinates":[[[14.485388,40.749548],[14.48539,40.74955],[14.485339,40.749663],[14.4853,40.749749],[14.485287,40.749785],[14.485268,40.749838],[14.485318,40.749849],[14.485314,40.749862],[14.485333,40.749866],[14.485324,40.74989],[14.485321,40.749892],[14.485338,40.749896],[14.485361,40.749901],[14.485375,40.749904],[14.485411,40.749912],[14.48542,40.749914],[14.485435,40.749874],[14.485465,40.749881],[14.485478,40.74985],[14.485501,40.749855],[14.485555,40.749866],[14.48553,40.749936],[14.485531,40.749939],[14.485562,40.749945],[14.485583,40.74995],[14.485605,40.749901],[14.485614,40.74988],[14.485623,40.749859],[14.485629,40.749846],[14.485659,40.749777],[14.485527,40.749743],[14.485571,40.749638],[14.48559,40.749592],[14.485583,40.749591],[14.485574,40.749589],[14.485388,40.749548]]]}},{"type":"Feature","properties":{"level":"property","id":"VII.9.55","label":"Property VII.9.55"},"geometry":{"type":"Polygon","coordinates":[[[14.485751,40.749896],[14.485623,40.749859],[14.485605,40.749901],[14.485583,40.74995],[14.485591,40.749952],[14.485597,40.749953],[14.485659,40.749967],[14.485692,40.749974],[14.485712,40.749978],[14.485717,40.749967],[14.48573,40.749938],[14.485735,40.749927],[14.485748,40.749903],[14.485751,40.749896]]]}},{"type":"Feature","properties":{"level":"property","id":"VII.9.57","label":"Property VII.9.57"},"geometry":{"type":"Polygon","coordinates":[[[14.485771,40.749859],[14.485772,40.749858],[14.485704,40.74984],[14.485703,40.749842],[14.485671,40.749834],[14.485661,40.749856],[14.485629,40.749846],[14.485623,40.749859],[14.485751,40.749896],[14.485755,40.749887],[14.485771,40.749859]]]}},{"type":"Feature","properties":{"level":"property","id":"VII.9.58","label":"Property VII.9.58"},"geometry":{"type":"Polygon","coordinates":[[[14.485789,40.749821],[14.485797,40.749807],[14.485664,40.749766],[14.485629,40.749846],[14.485661,40.749856],[14.485671,40.749834],[14.485703,40.749842],[14.485704,40.74984],[14.485772,40.749858],[14.485774,40.749853],[14.485789,40.749821]]]}},{"type":"Feature","properties":{"level":"property","id":"VII.9.59","label":"Property VII.9.59"},"geometry":{"type":"Polygon","coordinates":[[[14.485816,40.749769],[14.48582,40.749762],[14.485768,40.749745],[14.485745,40.749791],[14.485797,40.749807],[14.485803,40.749795],[14.485816,40.749769]]]}},{"type":"Feature","properties":{"level":"property","id":"VII.9.6","label":"Property VII.9.6"},"geometry":{"type":"Polygon","coordinates":[[[14.484794,40.749919],[14.48479,40.749924],[14.484828,40.749937],[14.484836,40.749938],[14.484851,40.749899],[14.484811,40.749886],[14.484808,40.749892],[14.484794,40.749919]]]}},{"type":"Feature","properties":{"level":"property","id":"VII.9.61","label":"Property VII.9.61"},"geometry":{"type":"Polygon","coordinates":[[[14.485871,40.749662],[14.485875,40.749654],[14.48584,40.749646],[14.485828,40.749643],[14.485793,40.749636],[14.485785,40.749658],[14.485813,40.749664],[14.485808,40.749674],[14.485859,40.749686],[14.485867,40.749669],[14.485871,40.749662]]]}},{"type":"Feature","properties":{"level":"property","id":"VII.9.63","label":"Property VII.9.63"},"geometry":{"type":"Polygon","coordinates":[[[14.485745,40.749791],[14.485768,40.749745],[14.48582,40.749762],[14.485823,40.749756],[14.48583,40.749742],[14.485859,40.749686],[14.485808,40.749674],[14.485813,40.749664],[14.485785,40.749658],[14.485793,40.749636],[14.485725,40.749621],[14.485665,40.749608],[14.485644,40.749604],[14.485612,40.749597],[14.485603,40.74962],[14.485605,40.749635],[14.485602,40.749645],[14.485571,40.749638],[14.485527,40.749743],[14.485659,40.749777],[14.485664,40.749766],[14.485745,40.749791]]]}},{"type":"Feature","properties":{"level":"property","id":"VII.9.64","label":"Property VII.9.64"},"geometry":{"type":"Polygon","coordinates":[[[14.485606,40.749595],[14.485597,40.749593],[14.48559,40.749592],[14.485571,40.749638],[14.485602,40.749645],[14.485605,40.749635],[14.485603,40.74962],[14.485612,40.749597],[14.485606,40.749595]]]}},{"type":"Feature","properties":{"level":"property","id":"VII.9.8","label":"Property VII.9.8"},"geometry":{"type":"Polygon","coordinates":[[[14.484809,40.750004],[14.484768,40.750101],[14.4848,40.750109],[14.484839,40.750118],[14.484875,40.750127],[14.484922,40.750138],[14.484976,40.750151],[14.484953,40.75021],[14.484961,40.750211],[14.484988,40.750217],[14.484995,40.750219],[14.485019,40.750161],[14.485073,40.750174],[14.485131,40.750188],[14.48517,40.750198],[14.48521,40.750207],[14.485205,40.75022],[14.485246,40.750229],[14.485294,40.75024],[14.485341,40.75025],[14.485373,40.750168],[14.485352,40.750162],[14.485444,40.749953],[14.485322,40.749927],[14.485287,40.749918],[14.48519,40.749897],[14.485185,40.749897],[14.484879,40.749827],[14.484836,40.749938],[14.484828,40.749937],[14.48479,40.749924],[14.484787,40.74993],[14.48476,40.749983],[14.484758,40.749988],[14.484809,40.750004]]]}},{"type":"Feature","properties":{"level":"property","id":"VIII.1.1","label":"Property VIII.1.1"},"geometry":{"type":"Polygon","coordinates":[[[14.484787,40.748899],[14.484795,40.74888],[14.484804,40.748864],[14.484818,40.748839],[14.484825,40.748826],[14.484836,40.748804],[14.484843,40.748791],[14.484857,40.748764],[14.484867,40.748746],[14.484877,40.748725],[14.484898,40.748685],[14.48487,40.748676],[14.484859,40.748673],[14.484826,40.748663],[14.4848,40.748656],[14.484793,40.748671],[14.484568,40.748603],[14.484568,40.748598],[14.484555,40.748595],[14.4844,40.748549],[14.484396,40.748555],[14.484395,40.748556],[14.484152,40.748482],[14.484081,40.74863],[14.484069,40.748626],[14.484068,40.74863],[14.484079,40.748633],[14.484053,40.748689],[14.484033,40.748682],[14.48403,40.748687],[14.484399,40.748801],[14.484423,40.748808],[14.484777,40.748917],[14.484787,40.748899]]]}},{"type":"Feature","properties":{"level":"property","id":"VIII.1.3","label":"Property VIII.1.3"},"geometry":{"type":"Polygon","coordinates":[[[14.484013,40.748708],[14.484019,40.748698],[14.484032,40.748663],[14.484139,40.748475],[14.484145,40.74846],[14.484148,40.748454],[14.484158,40.748457],[14.484219,40.748344],[14.484204,40.748339],[14.484269,40.748219],[14.484362,40.748248],[14.484417,40.74814],[14.483691,40.74791],[14.483655,40.747899],[14.483582,40.748033],[14.483331,40.7485],[14.483329,40.748504],[14.484013,40.748708]]]}},{"type":"Feature","properties":{"level":"property","id":"VIII.1.4","label":"Property VIII.1.4"},"geometry":{"type":"Polygon","coordinates":[[[14.483068,40.748425],[14.483305,40.748497],[14.48332,40.748501],[14.483325,40.748503],[14.483329,40.748504],[14.483331,40.7485],[14.483601,40.747999],[14.483612,40.747978],[14.483652,40.747903],[14.483651,40.747898],[14.483691,40.74791],[14.483706,40.747873],[14.48371,40.747865],[14.483682,40.747856],[14.483698,40.747827],[14.483688,40.747824],[14.483629,40.747826],[14.483624,40.747825],[14.483603,40.74782],[14.483574,40.747879],[14.483535,40.747868],[14.483504,40.747858],[14.483487,40.747854],[14.483485,40.74786],[14.483348,40.747831],[14.483358,40.747801],[14.483353,40.747802],[14.483336,40.747796],[14.483285,40.747781],[14.483276,40.747783],[14.483223,40.747799],[14.483208,40.747803],[14.483201,40.747805],[14.48301,40.748353],[14.482995,40.748351],[14.482994,40.748356],[14.482993,40.748358],[14.482985,40.74838],[14.48298,40.748398],[14.482977,40.748408],[14.482973,40.74842],[14.482964,40.74842],[14.482964,40.748425],[14.483068,40.748425]]]}},{"type":"Feature","properties":{"level":"property","id":"VIII.2.13","label":"Property VIII.2.13"},"geometry":{"type":"Polygon","coordinates":[[[14.485149,40.748756],[14.485154,40.748748],[14.485158,40.74875],[14.485215,40.748643],[14.485218,40.748636],[14.48523,40.748613],[14.485196,40.748602],[14.485204,40.748589],[14.485149,40.748571],[14.485142,40.748584],[14.485117,40.748576],[14.485113,40.748575],[14.485104,40.748573],[14.485033,40.748703],[14.48502,40.748699],[14.485018,40.748704],[14.485041,40.748711],[14.485036,40.748719],[14.485128,40.748749],[14.485149,40.748756]]]}},{"type":"Feature","properties":{"level":"property","id":"VIII.2.13","label":"Property VIII.2.13"},"geometry":{"type":"Polygon","coordinates":[[[14.485363,40.748679],[14.485369,40.748669],[14.485418,40.748591],[14.485427,40.748577],[14.485461,40.748525],[14.485191,40.748422],[14.485174,40.748456],[14.485164,40.748473],[14.485133,40.748534],[14.485127,40.748532],[14.485125,40.748536],[14.485132,40.748537],[14.485113,40.748575],[14.485142,40.748584],[14.485149,40.748571],[14.485204,40.748589],[14.485196,40.748602],[14.48523,40.748613],[14.485218,40.748636],[14.485237,40.748642],[14.485263,40.748621],[14.4853,40.74862],[14.485328,40.74864],[14.485329,40.748638],[14.485333,40.748639],[14.48533,40.748645],[14.485329,40.74867],[14.485341,40.748674],[14.485323,40.748707],[14.485337,40.748711],[14.485342,40.748713],[14.485363,40.748679]]]}},{"type":"Feature","properties":{"level":"property","id":"VIII.2.14"},"geometry":{"type":"Polygon","coordinates":[[[14.484877,40.74866],[14.484949,40.748522],[14.484983,40.748532],[14.485011,40.748522],[14.485036,40.748529],[14.485099,40.748548],[14.485108,40.748531],[14.485114,40.748533],[14.485115,40.748529],[14.485109,40.748528],[14.485111,40.748524],[14.485116,40.748514],[14.485119,40.748508],[14.485175,40.748401],[14.485181,40.748389],[14.485197,40.748358],[14.485221,40.748362],[14.485214,40.748377],[14.48521,40.748386],[14.485204,40.748396],[14.485201,40.748402],[14.485191,40.748422],[14.485461,40.748525],[14.485511,40.748446],[14.485522,40.748431],[14.485541,40.748401],[14.485498,40.748385],[14.485515,40.748356],[14.485558,40.748372],[14.485574,40.748347],[14.485592,40.74832],[14.485625,40.748268],[14.485621,40.748269],[14.485461,40.748209],[14.485469,40.748196],[14.485419,40.748177],[14.485449,40.748128],[14.485345,40.748091],[14.485343,40.748088],[14.485266,40.74803],[14.485062,40.748095],[14.485041,40.748068],[14.48494,40.74811],[14.484933,40.748103],[14.484906,40.748139],[14.484877,40.74815],[14.484867,40.748151],[14.484858,40.748169],[14.484855,40.748182],[14.484842,40.748192],[14.484821,40.748187],[14.484801,40.74819],[14.48478,40.748234],[14.484777,40.748235],[14.484678,40.748441],[14.484699,40.748447],[14.484631,40.748585],[14.484627,40.748586],[14.484668,40.748598],[14.484688,40.748603],[14.484727,40.748615],[14.484762,40.748626],[14.484779,40.748631],[14.484833,40.748647],[14.484844,40.74865],[14.48487,40.748657],[14.484877,40.74866]]]}},{"type":"Feature","properties":{"level":"property","id":"VIII.2.15","label":"Property VIII.2.15"},"geometry":{"type":"Polygon","coordinates":[[[14.485555,40.748378],[14.485555,40.748378],[14.485558,40.748372],[14.485515,40.748356],[14.485498,40.748385],[14.485541,40.748401],[14.485545,40.748395],[14.485555,40.748378]]]}},{"type":"Feature","properties":{"level":"property","id":"VIII.2.2"},"geometry":{"type":"Polygon","coordinates":[[[14.484627,40.748586],[14.484631,40.748585],[14.484699,40.748447],[14.484678,40.748441],[14.484777,40.748235],[14.48478,40.748234],[14.484781,40.74823],[14.484801,40.74819],[14.484821,40.748187],[14.484815,40.748134],[14.484753,40.748138],[14.484752,40.748134],[14.484624,40.748144],[14.484634,40.748208],[14.484602,40.748277],[14.484603,40.74828],[14.484477,40.74854],[14.484517,40.748551],[14.484532,40.748556],[14.484614,40.74858],[14.484627,40.748586]]]}},{"type":"Feature","properties":{"level":"property","id":"VIII.2.21","label":"Property VIII.2.21"},"geometry":{"type":"Polygon","coordinates":[[[14.485683,40.748177],[14.485687,40.74817],[14.485743,40.748187],[14.485767,40.748196],[14.485883,40.748229],[14.485902,40.748197],[14.485842,40.748177],[14.485879,40.748116],[14.485899,40.748123],[14.485923,40.748081],[14.485912,40.748077],[14.485991,40.747947],[14.485925,40.747923],[14.485933,40.74791],[14.48592,40.747905],[14.485836,40.747837],[14.485789,40.747825],[14.485766,40.747872],[14.485742,40.747865],[14.48573,40.747888],[14.485687,40.747812],[14.485229,40.747965],[14.485266,40.74803],[14.485343,40.748088],[14.485345,40.748091],[14.485449,40.748128],[14.485419,40.748177],[14.485469,40.748196],[14.485461,40.748209],[14.485594,40.748259],[14.485621,40.748269],[14.485625,40.748268],[14.485638,40.748247],[14.48564,40.748244],[14.485651,40.748229],[14.485656,40.748222],[14.485664,40.748207],[14.485669,40.748198],[14.485673,40.748192],[14.485683,40.748177]]]}},{"type":"Feature","properties":{"level":"property","id":"VIII.2.21","label":"Property VIII.2.21"},"geometry":{"type":"Polygon","coordinates":[[[14.485687,40.74817],[14.485743,40.748187],[14.485767,40.748196],[14.485883,40.748229],[14.485902,40.748197],[14.485842,40.748177],[14.485879,40.748116],[14.485899,40.748123],[14.485923,40.748081],[14.485912,40.748077],[14.485991,40.747947],[14.485925,40.747923],[14.485933,40.74791],[14.48592,40.747905],[14.485836,40.747837],[14.485789,40.747825],[14.485766,40.747872],[14.485742,40.747865],[14.48573,40.747888],[14.485719,40.747925],[14.485806,40.747948],[14.485776,40.747999],[14.485736,40.748065],[14.485738,40.748073],[14.485666,40.748099],[14.485636,40.748149],[14.485661,40.748158],[14.485685,40.748168],[14.485687,40.74817]]]}},{"type":"Feature","properties":{"level":"property","id":"VIII.2.23","label":"Property VIII.2.23"},"geometry":{"type":"Polygon","coordinates":[[[14.486109,40.748307],[14.48619,40.748145],[14.4862,40.748124],[14.486238,40.748077],[14.486248,40.748065],[14.485991,40.747947],[14.485912,40.748077],[14.485923,40.748081],[14.485899,40.748123],[14.485879,40.748116],[14.485842,40.748177],[14.485902,40.748197],[14.485883,40.748229],[14.485975,40.748257],[14.485989,40.748263],[14.486001,40.748266],[14.486033,40.748276],[14.486092,40.748293],[14.486092,40.748292],[14.486111,40.748298],[14.486106,40.748308],[14.486109,40.748307]]]}},{"type":"Feature","properties":{"level":"property","id":"VIII.2.26","label":"Property VIII.2.26"},"geometry":{"type":"Polygon","coordinates":[[[14.486208,40.748335],[14.486297,40.748359],[14.486305,40.748361],[14.486308,40.748362],[14.486441,40.748112],[14.486441,40.74811],[14.486239,40.748076],[14.4862,40.748124],[14.48619,40.748145],[14.486109,40.748307],[14.486106,40.748308],[14.486185,40.748329],[14.486208,40.748335]]]}},{"type":"Feature","properties":{"level":"property","id":"VIII.2.28","label":"Property VIII.2.28"},"geometry":{"type":"Polygon","coordinates":[[[14.486389,40.748398],[14.486473,40.748434],[14.486476,40.748433],[14.486503,40.74838],[14.486597,40.748153],[14.486595,40.748152],[14.486577,40.748146],[14.486569,40.748103],[14.486441,40.74811],[14.486441,40.748112],[14.486308,40.748362],[14.486371,40.748389],[14.486389,40.748398]]]}},{"type":"Feature","properties":{"level":"property","id":"VIII.2.29"},"geometry":{"type":"Polygon","coordinates":[[[14.486537,40.748476],[14.486669,40.7485],[14.486697,40.748505],[14.486739,40.748512],[14.486749,40.748483],[14.486798,40.748494],[14.486844,40.74839],[14.486861,40.748395],[14.486921,40.748251],[14.486896,40.748245],[14.486973,40.748065],[14.486737,40.74803],[14.486734,40.748064],[14.486617,40.748073],[14.486614,40.748109],[14.486595,40.748152],[14.486597,40.748153],[14.486503,40.74838],[14.486476,40.748433],[14.486473,40.748434],[14.486461,40.748457],[14.486513,40.748469],[14.486537,40.748476]]]}},{"type":"Feature","properties":{"level":"property","id":"VIII.2.3"},"geometry":{"type":"Polygon","coordinates":[[[14.485008,40.7487],[14.485079,40.748563],[14.485048,40.748553],[14.485036,40.748529],[14.485011,40.748522],[14.484983,40.748532],[14.484949,40.748522],[14.484877,40.74866],[14.48492,40.748673],[14.484961,40.748686],[14.485008,40.7487]]]}},{"type":"Feature","properties":{"level":"property","id":"VIII.2.31","label":"Property VIII.2.31"},"geometry":{"type":"Polygon","coordinates":[[[14.486769,40.748518],[14.486786,40.748521],[14.486798,40.748494],[14.486749,40.748483],[14.486739,40.748512],[14.486752,40.748515],[14.486769,40.748518]]]}},{"type":"Feature","properties":{"level":"property","id":"VIII.2.33","label":"Property VIII.2.33"},"geometry":{"type":"Polygon","coordinates":[[[14.486848,40.748528],[14.486895,40.748531],[14.486894,40.748528],[14.486919,40.748462],[14.486861,40.748449],[14.486852,40.748468],[14.48683,40.748464],[14.486804,40.748525],[14.486831,40.748527],[14.486848,40.748528]]]}},{"type":"Feature","properties":{"level":"property","id":"VIII.2.34","label":"Property VIII.2.34"},"geometry":{"type":"Polygon","coordinates":[[[14.486928,40.748532],[14.486971,40.748535],[14.486996,40.74847],[14.487036,40.748479],[14.487115,40.748276],[14.487113,40.748272],[14.487123,40.748247],[14.48712,40.748243],[14.487171,40.748104],[14.486973,40.748065],[14.486896,40.748245],[14.486921,40.748251],[14.486861,40.748395],[14.486844,40.74839],[14.486786,40.748521],[14.486804,40.748525],[14.48683,40.748464],[14.486852,40.748468],[14.486861,40.748449],[14.486919,40.748462],[14.486894,40.748528],[14.486895,40.748531],[14.486928,40.748532]]]}},{"type":"Feature","properties":{"level":"property","id":"VIII.2.35","label":"Property VIII.2.35"},"geometry":{"type":"Polygon","coordinates":[[[14.487014,40.748538],[14.487036,40.748479],[14.486996,40.74847],[14.486971,40.748535],[14.487014,40.748538]]]}},{"type":"Feature","properties":{"level":"property","id":"VIII.2.36","label":"Property VIII.2.36"},"geometry":{"type":"Polygon","coordinates":[[[14.487152,40.748548],[14.487152,40.748548],[14.487249,40.748554],[14.487262,40.748555],[14.487344,40.748561],[14.487346,40.748559],[14.487353,40.748414],[14.487341,40.748413],[14.487347,40.748272],[14.487344,40.748268],[14.487351,40.748179],[14.487359,40.748141],[14.487171,40.748104],[14.48712,40.748243],[14.487123,40.748247],[14.487113,40.748272],[14.487115,40.748276],[14.487036,40.748479],[14.487014,40.748538],[14.48714,40.748547],[14.487152,40.748548]]]}},{"type":"Feature","properties":{"level":"property","id":"VIII.2.39","label":"Property VIII.2.39"},"geometry":{"type":"Polygon","coordinates":[[[14.487567,40.748574],[14.487578,40.748226],[14.487593,40.748226],[14.487593,40.748205],[14.487591,40.7482],[14.487583,40.7482],[14.487606,40.748089],[14.487376,40.748088],[14.487359,40.748141],[14.487351,40.748179],[14.487344,40.748268],[14.487347,40.748272],[14.487341,40.748413],[14.487353,40.748414],[14.487349,40.748512],[14.487346,40.748559],[14.487344,40.748561],[14.487344,40.748564],[14.48736,40.748565],[14.48738,40.748565],[14.487399,40.748566],[14.487448,40.748568],[14.487462,40.748569],[14.487567,40.748574]]]}},{"type":"Feature","properties":{"level":"property","id":"VIII.3.11","label":"Property VIII.3.11"},"geometry":{"type":"Polygon","coordinates":[[[14.485983,40.749215],[14.485983,40.749215],[14.486006,40.749221],[14.486062,40.749117],[14.486067,40.749108],[14.486083,40.749076],[14.486015,40.749056],[14.486001,40.749085],[14.485968,40.749075],[14.485927,40.749158],[14.485907,40.7492],[14.485909,40.7492],[14.485983,40.749215]]]}},{"type":"Feature","properties":{"level":"property","id":"VIII.3.13","label":"Property VIII.3.13"},"geometry":{"type":"Polygon","coordinates":[[[14.4862,40.748849],[14.486216,40.74882],[14.486104,40.748787],[14.486083,40.748832],[14.486154,40.748855],[14.486142,40.748881],[14.48615,40.748883],[14.486137,40.748911],[14.486166,40.74892],[14.486195,40.748863],[14.4862,40.748849]]]}},{"type":"Feature","properties":{"level":"property","id":"VIII.3.14","label":"Property VIII.3.14"},"geometry":{"type":"Polygon","coordinates":[[[14.486216,40.74882],[14.486356,40.748566],[14.486377,40.748527],[14.486385,40.74851],[14.486423,40.748443],[14.486176,40.74837],[14.486127,40.748466],[14.486102,40.748471],[14.486093,40.74849],[14.486044,40.748591],[14.485993,40.748576],[14.485934,40.748701],[14.485989,40.748717],[14.485985,40.748725],[14.486028,40.748739],[14.486018,40.748761],[14.486104,40.748787],[14.486216,40.74882]]]}},{"type":"Feature","properties":{"level":"property","id":"VIII.3.15","label":"Property VIII.3.15"},"geometry":{"type":"Polygon","coordinates":[[[14.486122,40.748354],[14.486111,40.748351],[14.486037,40.748328],[14.485983,40.748436],[14.486102,40.748471],[14.486127,40.748466],[14.486176,40.74837],[14.486122,40.748354],[14.486122,40.748354]]]}},{"type":"Feature","properties":{"level":"property","id":"VIII.3.18","label":"Property VIII.3.18"},"geometry":{"type":"Polygon","coordinates":[[[14.485812,40.748258],[14.485748,40.748239],[14.485711,40.748297],[14.485702,40.748309],[14.485682,40.748339],[14.485678,40.748345],[14.485672,40.748354],[14.485666,40.748365],[14.485746,40.748392],[14.485967,40.748468],[14.485983,40.748436],[14.486037,40.748328],[14.486035,40.748327],[14.486022,40.748322],[14.485824,40.748262],[14.485812,40.748258]]]}},{"type":"Feature","properties":{"level":"property","id":"VIII.3.2","label":"Property VIII.3.2"},"geometry":{"type":"Polygon","coordinates":[[[14.485595,40.74912],[14.485605,40.749122],[14.485627,40.749075],[14.485585,40.749063],[14.485562,40.749112],[14.485577,40.749116],[14.485595,40.74912]]]}},{"type":"Feature","properties":{"level":"property","id":"VIII.3.21","label":"Property VIII.3.21"},"geometry":{"type":"Polygon","coordinates":[[[14.485651,40.748386],[14.485649,40.748387],[14.485704,40.748409],[14.485686,40.748437],[14.485714,40.748447],[14.485718,40.74844],[14.485743,40.748449],[14.485721,40.748489],[14.485865,40.748535],[14.485884,40.748498],[14.485942,40.748516],[14.485967,40.748468],[14.485746,40.748393],[14.485666,40.748365],[14.485665,40.748367],[14.48566,40.748372],[14.485658,40.748376],[14.485651,40.748386]]]}},{"type":"Feature","properties":{"level":"property","id":"VIII.3.22","label":"Property VIII.3.22"},"geometry":{"type":"Polygon","coordinates":[[[14.485636,40.74841],[14.485632,40.748417],[14.485686,40.748437],[14.485704,40.748409],[14.485649,40.748387],[14.485643,40.748398],[14.485636,40.74841]]]}},{"type":"Feature","properties":{"level":"property","id":"VIII.3.23","label":"Property VIII.3.23"},"geometry":{"type":"Polygon","coordinates":[[[14.485616,40.748439],[14.48561,40.748448],[14.485694,40.748481],[14.485714,40.748447],[14.485686,40.748437],[14.485632,40.748417],[14.485631,40.748419],[14.485616,40.748439]]]}},{"type":"Feature","properties":{"level":"property","id":"VIII.3.24","label":"Property VIII.3.24"},"geometry":{"type":"Polygon","coordinates":[[[14.485599,40.748463],[14.485598,40.748465],[14.485791,40.748535],[14.485753,40.748609],[14.485764,40.748612],[14.485725,40.748687],[14.485782,40.748704],[14.485913,40.748743],[14.485934,40.748701],[14.485993,40.748576],[14.486044,40.748591],[14.486102,40.748471],[14.485983,40.748436],[14.485967,40.748468],[14.485942,40.748516],[14.485884,40.748498],[14.485865,40.748535],[14.485721,40.748489],[14.485743,40.748449],[14.485718,40.74844],[14.485714,40.748447],[14.485694,40.748481],[14.48561,40.748448],[14.485609,40.748451],[14.485599,40.748463]]]}},{"type":"Feature","properties":{"level":"property","id":"VIII.3.25","label":"Property VIII.3.25"},"geometry":{"type":"Polygon","coordinates":[[[14.485582,40.748486],[14.485577,40.748495],[14.485628,40.748513],[14.485647,40.748483],[14.485598,40.748465],[14.485592,40.748473],[14.485582,40.748486]]]}},{"type":"Feature","properties":{"level":"property","id":"VIII.3.26","label":"Property VIII.3.26"},"geometry":{"type":"Polygon","coordinates":[[[14.48557,40.748503],[14.48556,40.748519],[14.485613,40.748535],[14.485615,40.748531],[14.485649,40.74854],[14.485666,40.748507],[14.485637,40.748499],[14.485628,40.748513],[14.485577,40.748495],[14.485576,40.748497],[14.48557,40.748503]]]}},{"type":"Feature","properties":{"level":"property","id":"VIII.3.27","label":"Property VIII.3.27"},"geometry":{"type":"Polygon","coordinates":[[[14.485514,40.748589],[14.485497,40.748617],[14.48559,40.748645],[14.485584,40.748656],[14.485658,40.748679],[14.485664,40.74867],[14.485725,40.748687],[14.485764,40.748612],[14.485753,40.748609],[14.485791,40.748535],[14.485647,40.748483],[14.485637,40.748499],[14.485666,40.748507],[14.485649,40.74854],[14.485615,40.748531],[14.485613,40.748535],[14.48556,40.748519],[14.485526,40.748574],[14.485514,40.748589]]]}},{"type":"Feature","properties":{"level":"property","id":"VIII.3.28"},"geometry":{"type":"Polygon","coordinates":[[[14.485635,40.748957],[14.485662,40.748901],[14.485681,40.748906],[14.485717,40.748836],[14.485716,40.748832],[14.485782,40.748704],[14.485725,40.748687],[14.485664,40.74867],[14.485658,40.748679],[14.485584,40.748656],[14.48559,40.748645],[14.485555,40.748634],[14.485497,40.748617],[14.485464,40.748672],[14.485448,40.748699],[14.485443,40.748708],[14.485504,40.748726],[14.48548,40.74877],[14.485416,40.748753],[14.485412,40.74876],[14.485407,40.74877],[14.48539,40.748801],[14.485386,40.748807],[14.48538,40.74882],[14.485372,40.748833],[14.485376,40.748835],[14.48538,40.748828],[14.485418,40.748839],[14.485422,40.748839],[14.485439,40.748844],[14.485426,40.74887],[14.485563,40.74891],[14.485553,40.748934],[14.485635,40.748957]]]}},{"type":"Feature","properties":{"level":"property","id":"VIII.3.29","label":"Property VIII.3.29"},"geometry":{"type":"Polygon","coordinates":[[[14.485438,40.748717],[14.485417,40.748751],[14.485416,40.748753],[14.48548,40.74877],[14.485504,40.748726],[14.485443,40.748708],[14.485438,40.748717]]]}},{"type":"Feature","properties":{"level":"property","id":"VIII.3.3","label":"Property VIII.3.3"},"geometry":{"type":"Polygon","coordinates":[[[14.48564,40.749132],[14.48564,40.749132],[14.485655,40.749136],[14.485653,40.749133],[14.485673,40.749088],[14.485627,40.749075],[14.485605,40.749122],[14.485617,40.749126],[14.48564,40.749132]]]}},{"type":"Feature","properties":{"level":"property","id":"VIII.3.32","label":"Property VIII.3.32"},"geometry":{"type":"Polygon","coordinates":[[[14.485495,40.749093],[14.485562,40.749112],[14.485635,40.748957],[14.485553,40.748934],[14.485563,40.74891],[14.485426,40.74887],[14.485439,40.748844],[14.485422,40.748839],[14.485418,40.748839],[14.485352,40.748963],[14.485337,40.748988],[14.485321,40.749016],[14.48531,40.749035],[14.485304,40.749048],[14.485309,40.749049],[14.48531,40.749047],[14.485467,40.749087],[14.485495,40.749093]]]}},{"type":"Feature","properties":{"level":"property","id":"VIII.3.4","label":"Property VIII.3.4"},"geometry":{"type":"Polygon","coordinates":[[[14.485681,40.749143],[14.485684,40.749141],[14.485706,40.749094],[14.485768,40.749112],[14.485744,40.74916],[14.485746,40.749161],[14.485772,40.74917],[14.485775,40.749171],[14.485881,40.748958],[14.48596,40.748797],[14.485952,40.748794],[14.485989,40.748717],[14.485934,40.748701],[14.485913,40.748743],[14.485782,40.748704],[14.485716,40.748832],[14.485717,40.748836],[14.485681,40.748906],[14.485662,40.748901],[14.485635,40.748957],[14.485585,40.749063],[14.485627,40.749075],[14.485673,40.749088],[14.485653,40.749133],[14.485655,40.749136],[14.485681,40.749143]]]}},{"type":"Feature","properties":{"level":"property","id":"VIII.3.5","label":"Property VIII.3.5"},"geometry":{"type":"Polygon","coordinates":[[[14.485728,40.749155],[14.485744,40.74916],[14.485769,40.749112],[14.485706,40.749094],[14.485684,40.749141],[14.485681,40.749143],[14.485695,40.749147],[14.485728,40.749155]]]}},{"type":"Feature","properties":{"level":"property","id":"VIII.3.7","label":"Property VIII.3.7"},"geometry":{"type":"Polygon","coordinates":[[[14.485832,40.749182],[14.485831,40.74918],[14.485854,40.749137],[14.48583,40.749131],[14.485845,40.749103],[14.485813,40.749094],[14.485799,40.749122],[14.485775,40.749171],[14.485788,40.749174],[14.485819,40.749179],[14.485832,40.749182]]]}},{"type":"Feature","properties":{"level":"property","id":"VIII.3.8","label":"Property VIII.3.8"},"geometry":{"type":"Polygon","coordinates":[[[14.48586,40.749188],[14.485863,40.749187],[14.485884,40.749147],[14.485927,40.749159],[14.485968,40.749075],[14.486001,40.749085],[14.486015,40.749056],[14.486083,40.749077],[14.486166,40.74892],[14.486137,40.748911],[14.48615,40.748883],[14.486142,40.748881],[14.486154,40.748855],[14.486083,40.748832],[14.486104,40.748787],[14.486018,40.748761],[14.486028,40.748739],[14.485985,40.748726],[14.485952,40.748794],[14.48596,40.748797],[14.485813,40.749094],[14.485845,40.749103],[14.48583,40.749131],[14.485854,40.749137],[14.485831,40.74918],[14.485832,40.749182],[14.48586,40.749188]]]}},{"type":"Feature","properties":{"level":"property","id":"VIII.3.9","label":"Property VIII.3.9"},"geometry":{"type":"Polygon","coordinates":[[[14.485895,40.749197],[14.485907,40.7492],[14.485927,40.749158],[14.485884,40.749146],[14.485863,40.749187],[14.48586,40.749188],[14.485872,40.749192],[14.485895,40.749197]]]}},{"type":"Feature","properties":{"level":"property","id":"VIII.4.1","label":"Property VIII.4.1"},"geometry":{"type":"Polygon","coordinates":[[[14.487355,40.749558],[14.487363,40.74956],[14.487384,40.749519],[14.487408,40.749527],[14.487456,40.749444],[14.487437,40.749437],[14.48742,40.749469],[14.487415,40.749468],[14.487401,40.749495],[14.487335,40.749476],[14.48732,40.749506],[14.48731,40.749528],[14.487303,40.749543],[14.487323,40.749549],[14.487355,40.749558]]]}},{"type":"Feature","properties":{"level":"property","id":"VIII.4.10","label":"Property VIII.4.10"},"geometry":{"type":"Polygon","coordinates":[[[14.487744,40.749674],[14.487756,40.749678],[14.487792,40.749601],[14.487748,40.74959],[14.487715,40.749662],[14.487712,40.749664],[14.487721,40.749666],[14.487744,40.749674]]]}},{"type":"Feature","properties":{"level":"property","id":"VIII.4.11","label":"Property VIII.4.11"},"geometry":{"type":"Polygon","coordinates":[[[14.487786,40.749687],[14.487798,40.749691],[14.487794,40.749699],[14.487796,40.7497],[14.487836,40.749606],[14.487794,40.749596],[14.487792,40.749601],[14.487756,40.749678],[14.487758,40.749678],[14.487786,40.749687]]]}},{"type":"Feature","properties":{"level":"property","id":"VIII.4.12","label":"Property VIII.4.12"},"geometry":{"type":"Polygon","coordinates":[[[14.487911,40.749688],[14.487946,40.749596],[14.487989,40.749613],[14.488102,40.749451],[14.488027,40.749424],[14.487951,40.749397],[14.487932,40.749432],[14.487907,40.749424],[14.487891,40.749455],[14.4879,40.749458],[14.487837,40.749605],[14.487796,40.7497],[14.487803,40.749701],[14.487832,40.749713],[14.487842,40.749717],[14.487876,40.749729],[14.487893,40.749734],[14.487908,40.749697],[14.487911,40.749688]]]}},{"type":"Feature","properties":{"level":"property","id":"VIII.4.15","label":"Property VIII.4.15"},"geometry":{"type":"Polygon","coordinates":[[[14.488511,40.749489],[14.488462,40.749463],[14.488501,40.749419],[14.488441,40.749388],[14.488348,40.749339],[14.488335,40.749334],[14.488245,40.749285],[14.488235,40.749274],[14.488233,40.749273],[14.488209,40.749309],[14.48819,40.749301],[14.488148,40.749363],[14.488087,40.74934],[14.488027,40.749424],[14.488102,40.749451],[14.487989,40.749613],[14.487946,40.749596],[14.487908,40.749697],[14.487893,40.749734],[14.487896,40.749735],[14.487936,40.74975],[14.487947,40.749754],[14.487967,40.749762],[14.487978,40.749767],[14.488018,40.749782],[14.488042,40.749791],[14.488062,40.749762],[14.488107,40.749694],[14.488125,40.749668],[14.488138,40.749648],[14.488177,40.749664],[14.488192,40.74965],[14.48823,40.749618],[14.48831,40.74967],[14.488317,40.749664],[14.488338,40.749645],[14.488346,40.749638],[14.488351,40.749634],[14.488361,40.749624],[14.488365,40.74962],[14.488329,40.749598],[14.488285,40.74957],[14.488314,40.749544],[14.488344,40.749561],[14.488371,40.749523],[14.488403,40.749539],[14.488437,40.749555],[14.488438,40.749553],[14.488459,40.749537],[14.488463,40.749533],[14.488465,40.749531],[14.488484,40.749513],[14.488511,40.749489]]]}},{"type":"Feature","properties":{"level":"property","id":"VIII.4.17","label":"Property VIII.4.17"},"geometry":{"type":"Polygon","coordinates":[[[14.488168,40.749796],[14.488168,40.749796],[14.488175,40.749791],[14.488118,40.74977],[14.488158,40.749734],[14.488124,40.749713],[14.488131,40.749706],[14.488107,40.749694],[14.488042,40.749791],[14.488081,40.749805],[14.488117,40.749819],[14.488135,40.749825],[14.488146,40.749815],[14.488168,40.749796]]]}},{"type":"Feature","properties":{"level":"property","id":"VIII.4.18","label":"Property VIII.4.18"},"geometry":{"type":"Polygon","coordinates":[[[14.488198,40.749769],[14.488198,40.749769],[14.488205,40.749764],[14.488158,40.749734],[14.488118,40.74977],[14.488175,40.749791],[14.48818,40.749787],[14.488198,40.749769]]]}},{"type":"Feature","properties":{"level":"property","id":"VIII.4.19","label":"Property VIII.4.19"},"geometry":{"type":"Polygon","coordinates":[[[14.488232,40.749739],[14.48824,40.749732],[14.488159,40.749681],[14.488125,40.749668],[14.488107,40.749694],[14.488131,40.749706],[14.488124,40.749713],[14.488205,40.749764],[14.488211,40.749759],[14.488232,40.749739]]]}},{"type":"Feature","properties":{"level":"property","id":"VIII.4.20","label":"Property VIII.4.20"},"geometry":{"type":"Polygon","coordinates":[[[14.488268,40.749706],[14.488268,40.749706],[14.488275,40.7497],[14.488192,40.74965],[14.488177,40.749664],[14.488138,40.749648],[14.488125,40.749668],[14.488159,40.749681],[14.48824,40.749732],[14.488246,40.749727],[14.488268,40.749706]]]}},{"type":"Feature","properties":{"level":"property","id":"VIII.4.21","label":"Property VIII.4.21"},"geometry":{"type":"Polygon","coordinates":[[[14.488303,40.749675],[14.488303,40.749675],[14.48831,40.74967],[14.48823,40.749618],[14.488192,40.74965],[14.488275,40.7497],[14.48828,40.749696],[14.488303,40.749675]]]}},{"type":"Feature","properties":{"level":"property","id":"VIII.4.24","label":"Property VIII.4.24"},"geometry":{"type":"Polygon","coordinates":[[[14.488372,40.749614],[14.488383,40.749605],[14.488394,40.749595],[14.488358,40.749573],[14.488329,40.749598],[14.488365,40.74962],[14.488372,40.749614]]]}},{"type":"Feature","properties":{"level":"property","id":"VIII.4.25","label":"Property VIII.4.25"},"geometry":{"type":"Polygon","coordinates":[[[14.488402,40.749588],[14.488431,40.749562],[14.488437,40.749555],[14.488403,40.749539],[14.488371,40.749523],[14.488344,40.749561],[14.488314,40.749544],[14.488285,40.74957],[14.488329,40.749598],[14.488358,40.749573],[14.488394,40.749595],[14.488402,40.749588]]]}},{"type":"Feature","properties":{"level":"property","id":"VIII.4.28","label":"Property VIII.4.28"},"geometry":{"type":"Polygon","coordinates":[[[14.488501,40.749419],[14.488462,40.749463],[14.488511,40.749489],[14.488514,40.749486],[14.488538,40.749465],[14.488556,40.749448],[14.488501,40.749419]]]}},{"type":"Feature","properties":{"level":"property","id":"VIII.4.30","label":"Property VIII.4.30"},"geometry":{"type":"Polygon","coordinates":[[[14.488186,40.749252],[14.488174,40.749248],[14.488128,40.749228],[14.488073,40.749307],[14.488092,40.749315],[14.488077,40.749336],[14.488087,40.74934],[14.488148,40.749363],[14.48819,40.749301],[14.488209,40.749309],[14.488233,40.749273],[14.488186,40.749252]]]}},{"type":"Feature","properties":{"level":"property","id":"VIII.4.31"},"geometry":{"type":"Polygon","coordinates":[[[14.488043,40.749187],[14.48804,40.749186],[14.487951,40.749341],[14.487928,40.749384],[14.487953,40.749393],[14.487951,40.749397],[14.488027,40.749424],[14.488087,40.74934],[14.488077,40.749336],[14.488092,40.749315],[14.488073,40.749307],[14.488128,40.749228],[14.488126,40.749227],[14.488102,40.749217],[14.488082,40.749209],[14.488068,40.749204],[14.488065,40.749203],[14.488058,40.749199],[14.488047,40.749194],[14.48804,40.749192],[14.488043,40.749187]]]}},{"type":"Feature","properties":{"level":"property","id":"VIII.4.34","label":"Property VIII.4.34"},"geometry":{"type":"Polygon","coordinates":[[[14.487749,40.749091],[14.487734,40.749086],[14.487732,40.749086],[14.487707,40.74913],[14.487665,40.749116],[14.487631,40.749183],[14.48762,40.749204],[14.487772,40.749253],[14.487762,40.749274],[14.48777,40.749276],[14.487801,40.749196],[14.487756,40.749181],[14.487753,40.749186],[14.487708,40.749169],[14.487751,40.749091],[14.487749,40.749091]]]}},{"type":"Feature","properties":{"level":"property","id":"VIII.4.34","label":"Property VIII.4.34"},"geometry":{"type":"Polygon","coordinates":[[[14.487944,40.749163],[14.487928,40.749156],[14.487838,40.749124],[14.487801,40.749196],[14.48777,40.749276],[14.487951,40.749341],[14.48804,40.749186],[14.488038,40.749186],[14.488032,40.749196],[14.487944,40.749163],[14.487944,40.749163]]]}},{"type":"Feature","properties":{"level":"property","id":"VIII.4.35","label":"Property VIII.4.35"},"geometry":{"type":"Polygon","coordinates":[[[14.487836,40.749124],[14.487798,40.74911],[14.487796,40.749109],[14.487756,40.749181],[14.487801,40.749196],[14.487838,40.749124],[14.487836,40.749124]]]}},{"type":"Feature","properties":{"level":"property","id":"VIII.4.36","label":"Property VIII.4.36"},"geometry":{"type":"Polygon","coordinates":[[[14.487788,40.749106],[14.487753,40.749092],[14.487751,40.749091],[14.487708,40.749169],[14.487753,40.749186],[14.487756,40.749181],[14.487796,40.749109],[14.487788,40.749106]]]}},{"type":"Feature","properties":{"level":"property","id":"VIII.4.38","label":"Property VIII.4.38"},"geometry":{"type":"Polygon","coordinates":[[[14.48773,40.749085],[14.487692,40.74907],[14.48769,40.749069],[14.487665,40.749116],[14.487707,40.74913],[14.487732,40.749086],[14.48773,40.749085]]]}},{"type":"Feature","properties":{"level":"property","id":"VIII.4.39","label":"Property VIII.4.39"},"geometry":{"type":"Polygon","coordinates":[[[14.487687,40.749069],[14.487675,40.749066],[14.487666,40.749062],[14.48764,40.749054],[14.487638,40.749053],[14.487615,40.749097],[14.487592,40.749139],[14.487614,40.749146],[14.4876,40.749173],[14.487631,40.749183],[14.48769,40.749069],[14.487687,40.749069]]]}},{"type":"Feature","properties":{"level":"property","id":"VIII.4.4","label":"Property VIII.4.4"},"geometry":{"type":"Polygon","coordinates":[[[14.487582,40.749571],[14.487616,40.749496],[14.487651,40.749505],[14.487762,40.749274],[14.487772,40.749253],[14.48762,40.749204],[14.487631,40.749183],[14.487561,40.74916],[14.487575,40.749135],[14.487516,40.749116],[14.487513,40.749123],[14.487511,40.749128],[14.487501,40.749148],[14.48749,40.749173],[14.487485,40.749181],[14.487613,40.749219],[14.487616,40.74922],[14.487595,40.749261],[14.487555,40.749249],[14.487538,40.749279],[14.487508,40.74927],[14.487499,40.749288],[14.48753,40.749298],[14.487516,40.749326],[14.487482,40.749316],[14.48747,40.749339],[14.487502,40.749348],[14.487489,40.749374],[14.487405,40.749348],[14.487401,40.749349],[14.487395,40.749359],[14.487382,40.749383],[14.487381,40.749385],[14.48737,40.749408],[14.487367,40.749414],[14.487437,40.749437],[14.487452,40.749442],[14.487456,40.749444],[14.487408,40.749527],[14.487408,40.749527],[14.487384,40.749519],[14.487363,40.74956],[14.487372,40.749563],[14.487405,40.749572],[14.487413,40.749575],[14.48742,40.749577],[14.487452,40.749586],[14.487465,40.74959],[14.487483,40.749596],[14.487496,40.749599],[14.487529,40.749608],[14.487545,40.749612],[14.487554,40.749615],[14.48756,40.749617],[14.48758,40.749576],[14.487582,40.749571]]]}},{"type":"Feature","properties":{"level":"property","id":"VIII.4.40","label":"Property VIII.4.40"},"geometry":{"type":"Polygon","coordinates":[[[14.487543,40.749065],[14.487538,40.749074],[14.48758,40.749087],[14.487615,40.749097],[14.487638,40.749053],[14.487616,40.749046],[14.48758,40.749034],[14.487562,40.749028],[14.48756,40.749031],[14.487543,40.749065]]]}},{"type":"Feature","properties":{"level":"property","id":"VIII.4.41","label":"Property VIII.4.41"},"geometry":{"type":"Polygon","coordinates":[[[14.487532,40.749088],[14.487527,40.749096],[14.487531,40.749094],[14.487553,40.749101],[14.487573,40.749098],[14.48758,40.749087],[14.487538,40.749074],[14.487535,40.749079],[14.487532,40.749088]]]}},{"type":"Feature","properties":{"level":"property","id":"VIII.4.42","label":"Property VIII.4.42"},"geometry":{"type":"Polygon","coordinates":[[[14.48752,40.749108],[14.487516,40.749116],[14.487575,40.749135],[14.487561,40.74916],[14.4876,40.749173],[14.487614,40.749146],[14.487592,40.749139],[14.487615,40.749097],[14.48758,40.749087],[14.487573,40.749098],[14.487553,40.749101],[14.487531,40.749094],[14.487527,40.749096],[14.48752,40.749108]]]}},{"type":"Feature","properties":{"level":"property","id":"VIII.4.45","label":"Property VIII.4.45"},"geometry":{"type":"Polygon","coordinates":[[[14.487468,40.749214],[14.487464,40.749221],[14.487555,40.749249],[14.487595,40.749261],[14.487616,40.74922],[14.487485,40.749181],[14.48748,40.749191],[14.487468,40.749214]]]}},{"type":"Feature","properties":{"level":"property","id":"VIII.4.46","label":"Property VIII.4.46"},"geometry":{"type":"Polygon","coordinates":[[[14.487451,40.749247],[14.487451,40.749247],[14.487449,40.749253],[14.487508,40.74927],[14.487538,40.749279],[14.487555,40.749249],[14.487464,40.749221],[14.487461,40.749227],[14.487451,40.749247]]]}},{"type":"Feature","properties":{"level":"property","id":"VIII.4.47","label":"Property VIII.4.47"},"geometry":{"type":"Polygon","coordinates":[[[14.48743,40.749289],[14.48743,40.749289],[14.487425,40.749298],[14.487482,40.749316],[14.487516,40.749326],[14.48753,40.749298],[14.487499,40.749288],[14.487508,40.74927],[14.487449,40.749253],[14.487444,40.749261],[14.48743,40.749289]]]}},{"type":"Feature","properties":{"level":"property","id":"VIII.4.48","label":"Property VIII.4.48"},"geometry":{"type":"Polygon","coordinates":[[[14.487406,40.749337],[14.487401,40.749349],[14.487405,40.749348],[14.487489,40.749374],[14.487502,40.749348],[14.48747,40.749339],[14.487482,40.749316],[14.487425,40.749298],[14.48742,40.749308],[14.487406,40.749337]]]}},{"type":"Feature","properties":{"level":"property","id":"VIII.4.51"},"geometry":{"type":"Polygon","coordinates":[[[14.48734,40.749467],[14.487336,40.749475],[14.487335,40.749476],[14.487401,40.749495],[14.487415,40.749468],[14.48742,40.749469],[14.487437,40.749437],[14.487367,40.749414],[14.487363,40.749422],[14.487347,40.749453],[14.48734,40.749467]]]}},{"type":"Feature","properties":{"level":"property","id":"VIII.4.9","label":"Property VIII.4.9"},"geometry":{"type":"Polygon","coordinates":[[[14.487715,40.749662],[14.487748,40.74959],[14.487792,40.749601],[14.487794,40.749596],[14.487836,40.749606],[14.4879,40.749458],[14.487891,40.749455],[14.487907,40.749424],[14.487932,40.749432],[14.487951,40.749397],[14.487953,40.749393],[14.487928,40.749384],[14.487951,40.749341],[14.48777,40.749276],[14.487762,40.749274],[14.487651,40.749505],[14.487616,40.749496],[14.487582,40.749571],[14.48756,40.749617],[14.487567,40.749619],[14.487611,40.749633],[14.487636,40.749641],[14.487644,40.749643],[14.48768,40.749655],[14.487691,40.749658],[14.487712,40.749664],[14.487715,40.749662]]]}},{"type":"Feature","properties":{"level":"property","id":"VIII.5.1","label":"Property VIII.5.1"},"geometry":{"type":"Polygon","coordinates":[[[14.486116,40.749252],[14.486138,40.749257],[14.486137,40.749255],[14.486157,40.749214],[14.486127,40.749205],[14.486129,40.749198],[14.48607,40.74918],[14.486065,40.74919],[14.486044,40.749234],[14.486059,40.749238],[14.486116,40.749252]]]}},{"type":"Feature","properties":{"level":"property","id":"VIII.5.10","label":"Property VIII.5.10"},"geometry":{"type":"Polygon","coordinates":[[[14.486562,40.749356],[14.486562,40.749356],[14.486571,40.749359],[14.48659,40.749308],[14.486576,40.749305],[14.486578,40.7493],[14.486527,40.749289],[14.486506,40.749343],[14.486515,40.749345],[14.486562,40.749356]]]}},{"type":"Feature","properties":{"level":"property","id":"VIII.5.17"},"geometry":{"type":"Polygon","coordinates":[[[14.486768,40.749405],[14.486777,40.749407],[14.486823,40.749296],[14.486812,40.749293],[14.486845,40.749219],[14.486745,40.749195],[14.486725,40.749245],[14.486722,40.74925],[14.486712,40.749273],[14.486767,40.749285],[14.486723,40.749394],[14.486732,40.749396],[14.486768,40.749405]]]}},{"type":"Feature","properties":{"level":"property","id":"VIII.5.18"},"geometry":{"type":"Polygon","coordinates":[[[14.486713,40.749391],[14.486723,40.749394],[14.486767,40.749285],[14.486712,40.749273],[14.486686,40.749335],[14.486684,40.749338],[14.486666,40.749379],[14.486682,40.749383],[14.486713,40.749391]]]}},{"type":"Feature","properties":{"level":"property","id":"VIII.5.2","label":"Property VIII.5.2"},"geometry":{"type":"Polygon","coordinates":[[[14.486314,40.749295],[14.486339,40.749248],[14.486375,40.749258],[14.486432,40.749275],[14.486433,40.74927],[14.486465,40.749175],[14.486482,40.74913],[14.486392,40.749112],[14.486415,40.749049],[14.486423,40.74905],[14.486438,40.749009],[14.486442,40.749009],[14.486482,40.748929],[14.48655,40.748941],[14.486557,40.748903],[14.486584,40.74882],[14.486276,40.748777],[14.48607,40.74918],[14.486129,40.749198],[14.486127,40.749205],[14.486157,40.749214],[14.486137,40.749255],[14.486138,40.749257],[14.486163,40.749262],[14.486166,40.749261],[14.486191,40.749215],[14.486272,40.74924],[14.486277,40.74923],[14.486318,40.749242],[14.486294,40.74929],[14.486295,40.749293],[14.48631,40.749297],[14.486314,40.749295]]]}},{"type":"Feature","properties":{"level":"property","id":"VIII.5.21","label":"Property VIII.5.21"},"geometry":{"type":"Polygon","coordinates":[[[14.486817,40.749417],[14.486826,40.749419],[14.486867,40.749329],[14.486878,40.749307],[14.486823,40.749296],[14.486777,40.749407],[14.486787,40.749409],[14.486817,40.749417]]]}},{"type":"Feature","properties":{"level":"property","id":"VIII.5.22","label":"Property VIII.5.22"},"geometry":{"type":"Polygon","coordinates":[[[14.486917,40.749442],[14.486925,40.749444],[14.486966,40.749353],[14.486867,40.749329],[14.486826,40.749419],[14.486834,40.749421],[14.486868,40.749429],[14.486885,40.749433],[14.486917,40.749442]]]}},{"type":"Feature","properties":{"level":"property","id":"VIII.5.24","label":"Property VIII.5.24"},"geometry":{"type":"Polygon","coordinates":[[[14.486952,40.749451],[14.48697,40.749411],[14.487034,40.749429],[14.487035,40.749427],[14.487078,40.749319],[14.487013,40.749299],[14.487022,40.749275],[14.486906,40.749245],[14.486924,40.749205],[14.486857,40.749195],[14.486845,40.749219],[14.486812,40.749293],[14.486823,40.749296],[14.486878,40.749307],[14.486867,40.749329],[14.486966,40.749353],[14.486925,40.749444],[14.486933,40.749446],[14.48695,40.749451],[14.486952,40.749451]]]}},{"type":"Feature","properties":{"level":"property","id":"VIII.5.25","label":"Property VIII.5.25"},"geometry":{"type":"Polygon","coordinates":[[[14.487017,40.749465],[14.48702,40.749466],[14.487034,40.749429],[14.48697,40.749411],[14.486952,40.749451],[14.486961,40.749454],[14.48699,40.749458],[14.487006,40.749462],[14.487017,40.749465]]]}},{"type":"Feature","properties":{"level":"property","id":"VIII.5.27","label":"Property VIII.5.27"},"geometry":{"type":"Polygon","coordinates":[[[14.487064,40.749476],[14.487096,40.749484],[14.487095,40.74948],[14.487109,40.749444],[14.487035,40.749427],[14.48702,40.749466],[14.48703,40.749468],[14.487064,40.749476]]]}},{"type":"Feature","properties":{"level":"property","id":"VIII.5.3","label":"Property VIII.5.3"},"geometry":{"type":"Polygon","coordinates":[[[14.486218,40.749276],[14.486229,40.749278],[14.486251,40.749233],[14.486191,40.749215],[14.486166,40.749261],[14.486163,40.749262],[14.486184,40.749267],[14.486218,40.749276]]]}},{"type":"Feature","properties":{"level":"property","id":"VIII.5.30","label":"Property VIII.5.30"},"geometry":{"type":"Polygon","coordinates":[[[14.487257,40.749524],[14.487263,40.74951],[14.487269,40.749493],[14.487272,40.749486],[14.487217,40.749472],[14.487201,40.749468],[14.487185,40.749506],[14.487193,40.749508],[14.487233,40.749519],[14.487257,40.749524]]]}},{"type":"Feature","properties":{"level":"property","id":"VIII.5.32","label":"Property VIII.5.32"},"geometry":{"type":"Polygon","coordinates":[[[14.487295,40.749439],[14.487295,40.749439],[14.487298,40.749432],[14.487241,40.74942],[14.487217,40.749472],[14.487272,40.749486],[14.487278,40.749476],[14.487295,40.749439]]]}},{"type":"Feature","properties":{"level":"property","id":"VIII.5.33","label":"Property VIII.5.33"},"geometry":{"type":"Polygon","coordinates":[[[14.487315,40.749398],[14.487315,40.749398],[14.487319,40.749389],[14.487262,40.749374],[14.487241,40.74942],[14.487298,40.749432],[14.487302,40.749425],[14.487315,40.749398]]]}},{"type":"Feature","properties":{"level":"property","id":"VIII.5.35"},"geometry":{"type":"Polygon","coordinates":[[[14.487185,40.749506],[14.487201,40.749468],[14.487217,40.749472],[14.487241,40.74942],[14.487262,40.749374],[14.487319,40.749389],[14.487323,40.749382],[14.487337,40.749348],[14.487341,40.749341],[14.487351,40.749319],[14.487369,40.74928],[14.487369,40.74928],[14.487381,40.749255],[14.4874,40.749212],[14.487348,40.7492],[14.48732,40.749194],[14.487207,40.749171],[14.487121,40.749156],[14.487087,40.749149],[14.487073,40.749147],[14.487042,40.749222],[14.486931,40.749191],[14.486924,40.749205],[14.486906,40.749245],[14.487022,40.749275],[14.487013,40.749299],[14.487078,40.749319],[14.487035,40.749427],[14.487109,40.749444],[14.487095,40.74948],[14.487096,40.749484],[14.487117,40.74949],[14.487136,40.749494],[14.487176,40.749504],[14.487185,40.749506]]]}},{"type":"Feature","properties":{"level":"property","id":"VIII.5.36","label":"Property VIII.5.36"},"geometry":{"type":"Polygon","coordinates":[[[14.487514,40.748946],[14.487249,40.74891],[14.487231,40.748974],[14.487253,40.748976],[14.487245,40.749004],[14.487216,40.749078],[14.487161,40.74907],[14.487156,40.749082],[14.487109,40.749074],[14.487087,40.749149],[14.487121,40.749156],[14.487207,40.749171],[14.48732,40.749194],[14.4874,40.749212],[14.487432,40.74914],[14.487505,40.748964],[14.487514,40.748946]]]}},{"type":"Feature","properties":{"level":"property","id":"VIII.5.37","label":"Property VIII.5.37"},"geometry":{"type":"Polygon","coordinates":[[[14.486825,40.748852],[14.486806,40.748849],[14.48676,40.748842],[14.486759,40.748846],[14.486761,40.748848],[14.486736,40.748936],[14.48669,40.748926],[14.48668,40.748964],[14.486613,40.748949],[14.486601,40.748976],[14.486545,40.748967],[14.48655,40.748941],[14.486482,40.748929],[14.486442,40.749009],[14.486487,40.749019],[14.486481,40.749039],[14.486608,40.74906],[14.486599,40.749091],[14.48674,40.749117],[14.486747,40.749102],[14.486749,40.749095],[14.486753,40.749086],[14.486763,40.749088],[14.48678,40.749092],[14.486788,40.749094],[14.486745,40.749195],[14.486845,40.749219],[14.486857,40.749195],[14.486924,40.749205],[14.486931,40.749191],[14.487042,40.749222],[14.487073,40.749147],[14.487087,40.749149],[14.487109,40.749074],[14.487156,40.749082],[14.487161,40.74907],[14.487216,40.749078],[14.487245,40.749004],[14.487253,40.748976],[14.487231,40.748974],[14.487249,40.74891],[14.487109,40.748892],[14.48709,40.748889],[14.487018,40.748879],[14.487007,40.748878],[14.486825,40.748852],[14.486825,40.748852]]]}},{"type":"Feature","properties":{"level":"property","id":"VIII.5.39","label":"Property VIII.5.39"},"geometry":{"type":"Polygon","coordinates":[[[14.486686,40.748834],[14.48667,40.748832],[14.486584,40.74882],[14.486557,40.748903],[14.48655,40.748941],[14.486545,40.748967],[14.486601,40.748976],[14.486613,40.748949],[14.48668,40.748964],[14.48669,40.748926],[14.486736,40.748936],[14.486761,40.748848],[14.486759,40.748846],[14.486686,40.748834],[14.486686,40.748834]]]}},{"type":"Feature","properties":{"level":"property","id":"VIII.5.4","label":"Property VIII.5.4"},"geometry":{"type":"Polygon","coordinates":[[[14.486281,40.749291],[14.486295,40.749293],[14.486294,40.74929],[14.486318,40.749242],[14.486277,40.74923],[14.486272,40.74924],[14.486251,40.749233],[14.486229,40.749278],[14.486239,40.74928],[14.486281,40.749291]]]}},{"type":"Feature","properties":{"level":"property","id":"VIII.5.7","label":"Property VIII.5.7"},"geometry":{"type":"Polygon","coordinates":[[[14.486375,40.749258],[14.486339,40.749248],[14.486314,40.749295],[14.48631,40.749297],[14.486324,40.749299],[14.486342,40.749304],[14.486352,40.749306],[14.486361,40.749308],[14.486398,40.749317],[14.486417,40.74932],[14.486432,40.749275],[14.486375,40.749258]]]}},{"type":"Feature","properties":{"level":"property","id":"VIII.5.9","label":"Property VIII.5.9"},"geometry":{"type":"Polygon","coordinates":[[[14.48666,40.749307],[14.486711,40.749187],[14.486715,40.749178],[14.48674,40.749117],[14.486599,40.749091],[14.486608,40.74906],[14.486482,40.749039],[14.486487,40.749019],[14.486442,40.749009],[14.486438,40.749009],[14.486423,40.74905],[14.486415,40.749049],[14.486392,40.749112],[14.486482,40.74913],[14.486465,40.749175],[14.486433,40.74927],[14.486417,40.74932],[14.486419,40.749321],[14.486459,40.749332],[14.486476,40.749335],[14.486478,40.749336],[14.486497,40.749341],[14.486506,40.749343],[14.486527,40.749289],[14.486578,40.7493],[14.486576,40.749305],[14.48659,40.749308],[14.486571,40.749359],[14.486579,40.749361],[14.486612,40.749368],[14.486631,40.749372],[14.486648,40.749334],[14.486649,40.749329],[14.486652,40.749322],[14.486655,40.749315],[14.48666,40.749307]]]}},{"type":"Feature","properties":{"level":"property","id":"VIII.6.1","label":"Property VIII.6.1"},"geometry":{"type":"Polygon","coordinates":[[[14.486295,40.748755],[14.486471,40.74878],[14.48648,40.748739],[14.486552,40.748749],[14.486606,40.748537],[14.486524,40.748527],[14.486509,40.748526],[14.486421,40.748514],[14.486388,40.748577],[14.486386,40.748581],[14.486336,40.748675],[14.48633,40.748688],[14.486295,40.748755]]]}},{"type":"Feature","properties":{"level":"property","id":"VIII.6.2","label":"Property VIII.6.2"},"geometry":{"type":"Polygon","coordinates":[[[14.486714,40.748552],[14.486689,40.748548],[14.486606,40.748537],[14.486552,40.748749],[14.486545,40.748782],[14.486546,40.748785],[14.486721,40.748811],[14.486749,40.748686],[14.486753,40.748686],[14.486781,40.748566],[14.486784,40.748564],[14.486785,40.748562],[14.486714,40.748552],[14.486714,40.748552]]]}},{"type":"Feature","properties":{"level":"property","id":"VIII.6.3","label":"Property VIII.6.3"},"geometry":{"type":"Polygon","coordinates":[[[14.487047,40.748579],[14.487028,40.748579],[14.486977,40.748577],[14.486945,40.74871],[14.48689,40.748703],[14.486881,40.748741],[14.486845,40.748737],[14.486827,40.748826],[14.487044,40.748852],[14.487085,40.748712],[14.487058,40.748709],[14.487079,40.748582],[14.487047,40.748579]]]}},{"type":"Feature","properties":{"level":"property","id":"VIII.6.4","label":"Property VIII.6.4"},"geometry":{"type":"Polygon","coordinates":[[[14.487189,40.748591],[14.487168,40.748589],[14.487079,40.748582],[14.487058,40.748709],[14.487085,40.748712],[14.48716,40.748718],[14.487157,40.748739],[14.487208,40.748742],[14.487218,40.74866],[14.487177,40.748657],[14.487185,40.748608],[14.487264,40.748614],[14.48727,40.748616],[14.487308,40.748617],[14.48731,40.748598],[14.487189,40.748591]]]}},{"type":"Feature","properties":{"level":"property","id":"VIII.6.5","label":"Property VIII.6.5"},"geometry":{"type":"Polygon","coordinates":[[[14.487174,40.748869],[14.487525,40.748907],[14.48755,40.748612],[14.48731,40.748598],[14.487308,40.748617],[14.48727,40.748616],[14.487264,40.748614],[14.487197,40.748609],[14.487185,40.748608],[14.487177,40.748657],[14.487218,40.74866],[14.487208,40.748742],[14.487157,40.748739],[14.48716,40.748718],[14.487085,40.748712],[14.487044,40.748852],[14.487154,40.748866],[14.487174,40.748869]]]}},{"type":"Feature","properties":{"level":"property","id":"VIII.6.6","label":"Property VIII.6.6"},"geometry":{"type":"Polygon","coordinates":[[[14.486795,40.748822],[14.486809,40.748824],[14.486817,40.748825],[14.486827,40.748826],[14.486845,40.748737],[14.486881,40.748741],[14.48689,40.748703],[14.486753,40.748686],[14.486749,40.748686],[14.486721,40.748811],[14.486729,40.748812],[14.48674,40.748814],[14.486779,40.74882],[14.486795,40.748822]]]}},{"type":"Feature","properties":{"level":"property","id":"VIII.6.8","label":"Property VIII.6.8"},"geometry":{"type":"Polygon","coordinates":[[[14.486497,40.748784],[14.486545,40.74879],[14.486546,40.748785],[14.486545,40.748782],[14.486552,40.748749],[14.48648,40.748739],[14.486471,40.74878],[14.486481,40.748781],[14.486497,40.748784]]]}},{"type":"Feature","properties":{"level":"property","id":"VIII.6.a"},"geometry":{"type":"Polygon","coordinates":[[[14.486953,40.748575],[14.486935,40.748576],[14.486861,40.74857],[14.486784,40.748564],[14.486781,40.748566],[14.486753,40.748686],[14.48689,40.748703],[14.486945,40.74871],[14.486977,40.748577],[14.486953,40.748575]]]}},{"type":"Feature","properties":{"level":"property","id":"VIII.7.10"},"geometry":{"type":"Polygon","coordinates":[[[14.489556,40.748589],[14.489568,40.748578],[14.489568,40.748575],[14.489483,40.748529],[14.489499,40.748509],[14.489493,40.748505],[14.489499,40.748498],[14.489448,40.748473],[14.489439,40.748481],[14.489402,40.748462],[14.48944,40.748417],[14.489404,40.748399],[14.489287,40.748341],[14.489271,40.748362],[14.489251,40.748352],[14.489229,40.74838],[14.489264,40.748396],[14.489247,40.74842],[14.489273,40.748432],[14.48923,40.748495],[14.489183,40.748554],[14.489197,40.748562],[14.489256,40.748512],[14.489361,40.748579],[14.489375,40.748566],[14.489443,40.748607],[14.489498,40.748638],[14.489502,40.748635],[14.489524,40.748616],[14.48953,40.748612],[14.489534,40.748608],[14.489556,40.748589]]]}},{"type":"Feature","properties":{"level":"property","id":"VIII.7.12","label":"Property VIII.7.12"},"geometry":{"type":"Polygon","coordinates":[[[14.489197,40.748562],[14.489312,40.748622],[14.489382,40.748666],[14.489414,40.748638],[14.489464,40.748667],[14.489469,40.748663],[14.48949,40.748644],[14.489498,40.748638],[14.489443,40.748607],[14.489375,40.748566],[14.489361,40.748579],[14.489256,40.748512],[14.489197,40.748562]]]}},{"type":"Feature","properties":{"level":"property","id":"VIII.7.13"},"geometry":{"type":"Polygon","coordinates":[[[14.489464,40.748667],[14.489414,40.748638],[14.489382,40.748666],[14.489312,40.748622],[14.489197,40.748562],[14.489183,40.748554],[14.489176,40.748562],[14.489115,40.748626],[14.489232,40.748695],[14.489351,40.748766],[14.489359,40.748759],[14.489383,40.748735],[14.489395,40.748726],[14.489417,40.748706],[14.48943,40.748694],[14.489462,40.748669],[14.489464,40.748667]]]}},{"type":"Feature","properties":{"level":"property","id":"VIII.7.16","label":"Property VIII.7.16"},"geometry":{"type":"Polygon","coordinates":[[[14.488869,40.747985],[14.488828,40.747961],[14.48876,40.748029],[14.488658,40.747971],[14.488599,40.748034],[14.488651,40.748064],[14.488566,40.748145],[14.488378,40.748342],[14.48835,40.748369],[14.488509,40.748461],[14.488827,40.748648],[14.488856,40.748619],[14.488887,40.748636],[14.4889,40.748622],[14.488945,40.748647],[14.488957,40.748635],[14.488992,40.748593],[14.489013,40.748576],[14.48902,40.74857],[14.489115,40.748626],[14.489176,40.748562],[14.48923,40.748495],[14.489273,40.748432],[14.489247,40.74842],[14.489264,40.748396],[14.489229,40.74838],[14.489251,40.748352],[14.489243,40.748348],[14.489356,40.748202],[14.489273,40.748153],[14.489258,40.748167],[14.489153,40.748105],[14.489159,40.748099],[14.489102,40.748067],[14.489097,40.748073],[14.488899,40.747957],[14.488869,40.747985]]]}},{"type":"Feature","properties":{"level":"property","id":"VIII.7.20","label":"Property VIII.7.20"},"geometry":{"type":"Polygon","coordinates":[[[14.489249,40.748761],[14.489264,40.748744],[14.48923,40.748726],[14.489214,40.748718],[14.489169,40.748694],[14.489154,40.748686],[14.489094,40.748655],[14.489081,40.748649],[14.489037,40.748625],[14.489026,40.748619],[14.488991,40.748601],[14.488996,40.748595],[14.488992,40.748593],[14.48897,40.748619],[14.488956,40.748635],[14.488946,40.748645],[14.488945,40.748647],[14.488949,40.748649],[14.488762,40.748854],[14.488739,40.748843],[14.488712,40.748873],[14.489007,40.74903],[14.489014,40.749023],[14.489027,40.749003],[14.489203,40.748812],[14.489218,40.748796],[14.489233,40.74878],[14.489249,40.748761]]]}},{"type":"Feature","properties":{"level":"property","id":"VIII.7.24","label":"Property VIII.7.24"},"geometry":{"type":"Polygon","coordinates":[[[14.488766,40.749279],[14.488788,40.749259],[14.48878,40.749254],[14.488765,40.749242],[14.48871,40.749207],[14.488734,40.749187],[14.488713,40.749172],[14.488696,40.74916],[14.488657,40.749193],[14.488621,40.74917],[14.488582,40.749203],[14.488619,40.749228],[14.48859,40.749255],[14.488706,40.749331],[14.488749,40.749294],[14.488766,40.749279]]]}},{"type":"Feature","properties":{"level":"property","id":"VIII.7.24","label":"Property VIII.7.24"},"geometry":{"type":"Polygon","coordinates":[[[14.48886,40.749195],[14.488866,40.749189],[14.488867,40.749182],[14.489016,40.749052],[14.48889,40.748986],[14.488741,40.749114],[14.488705,40.749149],[14.488724,40.749163],[14.488713,40.749172],[14.488696,40.74916],[14.488657,40.749193],[14.488621,40.74917],[14.488582,40.749203],[14.488619,40.749228],[14.48859,40.749255],[14.488706,40.749331],[14.488749,40.749294],[14.488766,40.749279],[14.488826,40.749226],[14.48886,40.749195]]]}},{"type":"Feature","properties":{"level":"property","id":"VIII.7.25","label":"Property VIII.7.25"},"geometry":{"type":"Polygon","coordinates":[[[14.488686,40.749349],[14.488706,40.749331],[14.488504,40.749198],[14.488451,40.749248],[14.488486,40.749269],[14.488621,40.749354],[14.488578,40.749393],[14.488615,40.74941],[14.488673,40.74936],[14.488686,40.749349]]]}},{"type":"Feature","properties":{"level":"property","id":"VIII.7.26","label":"Property VIII.7.26"},"geometry":{"type":"Polygon","coordinates":[[[14.488412,40.749311],[14.488484,40.749348],[14.488499,40.749356],[14.488534,40.749373],[14.488558,40.749384],[14.488578,40.749393],[14.488621,40.749354],[14.488486,40.749269],[14.488451,40.749248],[14.488414,40.749227],[14.488375,40.749294],[14.488398,40.749306],[14.488412,40.749311]]]}},{"type":"Feature","properties":{"level":"property","id":"VIII.7.26","label":"Property VIII.7.26"},"geometry":{"type":"Polygon","coordinates":[[[14.488582,40.749203],[14.488621,40.74917],[14.488657,40.749193],[14.488696,40.74916],[14.488713,40.749172],[14.488724,40.749163],[14.488705,40.749149],[14.488741,40.749114],[14.48889,40.748986],[14.488706,40.748891],[14.488707,40.74889],[14.488701,40.748886],[14.488673,40.748919],[14.488618,40.748961],[14.488587,40.748986],[14.488595,40.748994],[14.488586,40.74902],[14.488591,40.749023],[14.488561,40.749055],[14.488504,40.749117],[14.488481,40.749148],[14.488457,40.749174],[14.488439,40.749195],[14.488414,40.749227],[14.488451,40.749248],[14.488504,40.749198],[14.48859,40.749255],[14.488619,40.749228],[14.488582,40.749203]]]}},{"type":"Feature","properties":{"level":"property","id":"VIII.7.28","label":"Property VIII.7.28"},"geometry":{"type":"Polygon","coordinates":[[[14.488357,40.74928],[14.488413,40.749206],[14.488422,40.749195],[14.488479,40.749122],[14.488485,40.749114],[14.488512,40.749081],[14.488527,40.749062],[14.488472,40.749037],[14.488446,40.74904],[14.488438,40.749027],[14.488331,40.749019],[14.488207,40.748985],[14.488186,40.748974],[14.488156,40.748945],[14.488138,40.74896],[14.488116,40.748981],[14.488141,40.748992],[14.488036,40.74913],[14.488114,40.749164],[14.488111,40.749168],[14.488321,40.749264],[14.488347,40.749275],[14.488357,40.74928]]]}},{"type":"Feature","properties":{"level":"property","id":"VIII.7.29","label":"Property VIII.7.29"},"geometry":{"type":"Polygon","coordinates":[[[14.487954,40.749094],[14.488036,40.74913],[14.488141,40.748992],[14.488116,40.748981],[14.487883,40.748878],[14.487861,40.748866],[14.487847,40.748881],[14.487832,40.748896],[14.487832,40.748899],[14.487737,40.748998],[14.487736,40.749],[14.487937,40.749087],[14.487954,40.749094]]]}},{"type":"Feature","properties":{"level":"property","id":"VIII.7.30","label":"Property VIII.7.30"},"geometry":{"type":"Polygon","coordinates":[[[14.487727,40.749004],[14.487736,40.749],[14.487737,40.748998],[14.487832,40.748899],[14.487832,40.748896],[14.487847,40.748881],[14.487967,40.748757],[14.487983,40.748741],[14.488122,40.748599],[14.48814,40.748582],[14.488159,40.748562],[14.488166,40.748555],[14.488171,40.748554],[14.48835,40.748369],[14.488378,40.748342],[14.488566,40.748145],[14.488651,40.748064],[14.488599,40.748034],[14.488635,40.747995],[14.488633,40.747993],[14.488625,40.747985],[14.488614,40.74798],[14.488608,40.747975],[14.488595,40.74797],[14.488574,40.747967],[14.488545,40.747967],[14.488523,40.747967],[14.488493,40.747974],[14.488455,40.747985],[14.488433,40.747988],[14.488404,40.748],[14.488388,40.748007],[14.488367,40.748009],[14.488333,40.748016],[14.48832,40.748021],[14.488294,40.748024],[14.488263,40.74803],[14.488244,40.748036],[14.488225,40.748041],[14.488199,40.748042],[14.488166,40.748049],[14.488146,40.748054],[14.488128,40.748057],[14.488093,40.748058],[14.488071,40.74806],[14.488051,40.748063],[14.488035,40.748066],[14.488014,40.748074],[14.487992,40.748083],[14.487973,40.748092],[14.487954,40.7481],[14.487944,40.748108],[14.48792,40.748123],[14.487897,40.74814],[14.487887,40.748147],[14.487871,40.74815],[14.487863,40.748156],[14.487855,40.748156],[14.487847,40.74816],[14.487839,40.748162],[14.487828,40.748168],[14.487818,40.748169],[14.487808,40.748171],[14.487799,40.748172],[14.487792,40.748174],[14.48778,40.748175],[14.487754,40.748182],[14.487739,40.748182],[14.487722,40.748186],[14.487711,40.748186],[14.487674,40.748192],[14.487612,40.74819],[14.487604,40.748195],[14.487603,40.748201],[14.487597,40.748207],[14.487593,40.748205],[14.487593,40.748226],[14.487578,40.748226],[14.487567,40.74857],[14.487576,40.74857],[14.48757,40.748877],[14.487547,40.748923],[14.487567,40.748935],[14.487727,40.749004]]]}},{"type":"Feature","properties":{"level":"property","id":"VIII.7.30","label":"Property VIII.7.30"},"geometry":{"type":"Polygon","coordinates":[[[14.487861,40.748866],[14.487883,40.748878],[14.488116,40.748981],[14.488138,40.74896],[14.488156,40.748945],[14.488186,40.748974],[14.488207,40.748985],[14.488331,40.749019],[14.488438,40.749027],[14.488473,40.749023],[14.488501,40.749018],[14.488587,40.748986],[14.488673,40.748919],[14.488716,40.748869],[14.488739,40.748843],[14.488762,40.748854],[14.488949,40.748649],[14.4889,40.748622],[14.488887,40.748636],[14.488856,40.748619],[14.488827,40.748648],[14.488509,40.748461],[14.48835,40.748369],[14.488171,40.748554],[14.488166,40.748555],[14.488159,40.748562],[14.488138,40.748584],[14.488122,40.748599],[14.487983,40.748741],[14.487967,40.748757],[14.487861,40.748866]]]}},{"type":"Feature","properties":{"level":"property","id":"VIII.7.4"},"geometry":{"type":"Polygon","coordinates":[[[14.489793,40.748373],[14.489809,40.748356],[14.489822,40.748341],[14.489753,40.74832],[14.489747,40.748318],[14.489565,40.748265],[14.4895,40.748345],[14.489552,40.748372],[14.489554,40.74837],[14.489623,40.748404],[14.489638,40.748411],[14.489719,40.74845],[14.489725,40.748445],[14.489744,40.748424],[14.489749,40.74842],[14.489752,40.748416],[14.489771,40.748397],[14.48978,40.748388],[14.489782,40.748386],[14.489783,40.748383],[14.489793,40.748373]]]}},{"type":"Feature","properties":{"level":"property","id":"VIII.7.6","label":"Property VIII.7.6"},"geometry":{"type":"Polygon","coordinates":[[[14.489443,40.748414],[14.489644,40.748518],[14.489651,40.748513],[14.489663,40.748502],[14.489665,40.7485],[14.489694,40.748475],[14.489714,40.748455],[14.489719,40.74845],[14.489623,40.748404],[14.489554,40.74837],[14.489552,40.748372],[14.4895,40.748345],[14.489565,40.748265],[14.4895,40.748246],[14.489362,40.748205],[14.489356,40.748202],[14.489243,40.748348],[14.489251,40.748352],[14.489271,40.748362],[14.489287,40.748341],[14.489404,40.748399],[14.48944,40.748417],[14.489443,40.748414]]]}},{"type":"Feature","properties":{"level":"property","id":"VIII.7.8","label":"Property VIII.7.8"},"geometry":{"type":"Polygon","coordinates":[[[14.489644,40.748518],[14.489443,40.748414],[14.489402,40.748462],[14.489439,40.748481],[14.489448,40.748473],[14.489499,40.748498],[14.489493,40.748505],[14.489499,40.748509],[14.489483,40.748529],[14.489568,40.748575],[14.489568,40.748578],[14.489571,40.748579],[14.489593,40.748561],[14.489625,40.748535],[14.489633,40.748527],[14.489644,40.748518]]]}},{"type":"Feature","properties":{"level":"property","id":"VIII.8.10"},"geometry":{"type":"Polygon","coordinates":[[[14.485292,40.748792],[14.485295,40.748785],[14.4853,40.748787],[14.485304,40.74878],[14.485297,40.748777],[14.485298,40.748776],[14.485302,40.748777],[14.485318,40.748752],[14.485342,40.748713],[14.485323,40.748707],[14.485326,40.748702],[14.485341,40.748674],[14.485329,40.74867],[14.48533,40.748645],[14.485333,40.748639],[14.485329,40.748638],[14.485328,40.74864],[14.4853,40.74862],[14.485263,40.748621],[14.485237,40.748642],[14.485237,40.748642],[14.485218,40.748636],[14.485215,40.748643],[14.485201,40.748668],[14.485161,40.748744],[14.485158,40.74875],[14.485165,40.748752],[14.485196,40.748762],[14.485196,40.748766],[14.485241,40.748781],[14.485245,40.74878],[14.48529,40.748795],[14.485292,40.748792]]]}},{"type":"Feature","properties":{"level":"property","id":"IX.1.1","label":"Property IX.1.1"},"geometry":{"type":"Polygon","coordinates":[[[14.487608,40.750375],[14.48775,40.750441],[14.487778,40.75041],[14.487649,40.750341],[14.487641,40.750348],[14.48762,40.750365],[14.487608,40.750375]]]}},{"type":"Feature","properties":{"level":"property","id":"IX.1.10","label":"Property IX.1.10"},"geometry":{"type":"Polygon","coordinates":[[[14.487923,40.750109],[14.487923,40.750109],[14.487917,40.750114],[14.487953,40.750135],[14.488006,40.750084],[14.487976,40.750066],[14.487971,40.750066],[14.487954,40.75008],[14.487942,40.750091],[14.487923,40.750109]]]}},{"type":"Feature","properties":{"level":"property","id":"IX.1.13","label":"Property IX.1.13"},"geometry":{"type":"Polygon","coordinates":[[[14.487997,40.750041],[14.487997,40.750041],[14.487986,40.750051],[14.48802,40.75007],[14.488036,40.750054],[14.488056,40.750033],[14.488027,40.750019],[14.488026,40.750016],[14.48801,40.75003],[14.487997,40.750041]]]}},{"type":"Feature","properties":{"level":"property","id":"IX.1.14","label":"Property IX.1.14"},"geometry":{"type":"Polygon","coordinates":[[[14.488026,40.750016],[14.488027,40.750019],[14.488071,40.75004],[14.488096,40.750013],[14.488052,40.749993],[14.488045,40.750001],[14.488026,40.750016]]]}},{"type":"Feature","properties":{"level":"property","id":"IX.1.15"},"geometry":{"type":"Polygon","coordinates":[[[14.488068,40.749978],[14.488052,40.749993],[14.488096,40.750013],[14.488071,40.75004],[14.488102,40.750055],[14.488127,40.750022],[14.488168,40.749976],[14.488159,40.749972],[14.48812,40.749955],[14.488102,40.749946],[14.488088,40.749958],[14.488068,40.749978]]]}},{"type":"Feature","properties":{"level":"property","id":"IX.1.17","label":"Property IX.1.17"},"geometry":{"type":"Polygon","coordinates":[[[14.488179,40.749981],[14.488168,40.749976],[14.488141,40.750007],[14.488182,40.750028],[14.48821,40.749995],[14.488199,40.749991],[14.488179,40.749981]]]}},{"type":"Feature","properties":{"level":"property","id":"IX.1.2","label":"Property IX.1.2"},"geometry":{"type":"Polygon","coordinates":[[[14.487681,40.750314],[14.487674,40.750319],[14.487656,40.750336],[14.487649,40.750341],[14.487719,40.750378],[14.487747,40.750348],[14.487681,40.750314]]]}},{"type":"Feature","properties":{"level":"property","id":"IX.1.20","label":"Property IX.1.20"},"geometry":{"type":"Polygon","coordinates":[[[14.488053,40.75037],[14.487981,40.750445],[14.488029,40.750472],[14.487986,40.750519],[14.487967,40.750541],[14.488048,40.750579],[14.488052,40.750578],[14.488081,40.750542],[14.4882,40.75042],[14.48826,40.750361],[14.488307,40.750315],[14.488322,40.750299],[14.488396,40.750218],[14.488479,40.750121],[14.48848,40.750119],[14.488481,40.750117],[14.488473,40.750114],[14.488472,40.750115],[14.488296,40.750038],[14.488297,40.750036],[14.488289,40.750032],[14.488287,40.750033],[14.488283,40.750034],[14.488258,40.750062],[14.488182,40.750148],[14.488121,40.750116],[14.488153,40.750081],[14.488056,40.750033],[14.48802,40.75007],[14.487986,40.750051],[14.487981,40.750055],[14.487978,40.75006],[14.487971,40.750066],[14.487976,40.750066],[14.488006,40.750084],[14.487953,40.750135],[14.488001,40.750164],[14.487972,40.750191],[14.487999,40.750208],[14.487987,40.750219],[14.488061,40.750254],[14.488134,40.750289],[14.488126,40.750296],[14.488053,40.75037]]]}},{"type":"Feature","properties":{"level":"property","id":"IX.1.20","label":"Property IX.1.20"},"geometry":{"type":"Polygon","coordinates":[[[14.488288,40.750033],[14.488269,40.750023],[14.488241,40.750011],[14.488231,40.750006],[14.48822,40.75],[14.48821,40.749995],[14.488182,40.750028],[14.488141,40.750007],[14.488127,40.750022],[14.488102,40.750055],[14.488153,40.750081],[14.488121,40.750116],[14.488182,40.750148],[14.488258,40.750062],[14.488283,40.750034],[14.488288,40.750033]]]}},{"type":"Feature","properties":{"level":"property","id":"IX.1.21","label":"Property IX.1.21"},"geometry":{"type":"Polygon","coordinates":[[[14.488507,40.75013],[14.488492,40.750124],[14.488479,40.750119],[14.488479,40.750121],[14.488438,40.750169],[14.488472,40.750185],[14.488512,40.750135],[14.488516,40.750134],[14.488507,40.75013]]]}},{"type":"Feature","properties":{"level":"property","id":"IX.1.22","label":"Property IX.1.22"},"geometry":{"type":"Polygon","coordinates":[[[14.488495,40.750194],[14.488537,40.750143],[14.48853,40.75014],[14.488516,40.750134],[14.488512,40.750135],[14.488472,40.750185],[14.488438,40.750169],[14.488396,40.750218],[14.488322,40.750299],[14.488307,40.750315],[14.4882,40.75042],[14.488081,40.750542],[14.488052,40.750578],[14.488048,40.750579],[14.488156,40.750627],[14.488165,40.750631],[14.488174,40.750635],[14.488231,40.75066],[14.488258,40.750655],[14.488275,40.750642],[14.48828,40.750639],[14.488321,40.75061],[14.488325,40.750606],[14.488332,40.750601],[14.488342,40.750594],[14.488347,40.750588],[14.488357,40.750579],[14.48837,40.750568],[14.488378,40.750562],[14.488383,40.750557],[14.488402,40.75054],[14.488404,40.750538],[14.488413,40.75053],[14.488419,40.750523],[14.488428,40.750515],[14.488431,40.750513],[14.488446,40.750501],[14.48845,40.750498],[14.488474,40.750476],[14.488476,40.750473],[14.488507,40.750445],[14.48846,40.750418],[14.488486,40.750392],[14.488476,40.750386],[14.488486,40.750377],[14.488461,40.750362],[14.488553,40.750249],[14.488514,40.750224],[14.488525,40.750209],[14.488495,40.750194]]]}},{"type":"Feature","properties":{"level":"property","id":"IX.1.23","label":"Property IX.1.23"},"geometry":{"type":"Polygon","coordinates":[[[14.488559,40.750154],[14.488546,40.750148],[14.488537,40.750143],[14.488495,40.750194],[14.488525,40.750209],[14.488565,40.750157],[14.488559,40.750154]]]}},{"type":"Feature","properties":{"level":"property","id":"IX.1.24","label":"Property IX.1.24"},"geometry":{"type":"Polygon","coordinates":[[[14.488605,40.750174],[14.488576,40.750161],[14.488565,40.750157],[14.488525,40.750209],[14.488514,40.750224],[14.488553,40.750249],[14.488583,40.750213],[14.488612,40.750177],[14.488605,40.750174]]]}},{"type":"Feature","properties":{"level":"property","id":"IX.1.26","label":"Property IX.1.26"},"geometry":{"type":"Polygon","coordinates":[[[14.488627,40.750338],[14.488694,40.750277],[14.488645,40.750251],[14.488683,40.75021],[14.488671,40.750205],[14.488665,40.750202],[14.488659,40.750199],[14.488649,40.750193],[14.488621,40.750181],[14.488612,40.750177],[14.488583,40.750213],[14.488553,40.750249],[14.488506,40.750307],[14.488543,40.750326],[14.488552,40.750317],[14.488612,40.750352],[14.488623,40.750341],[14.488627,40.750338]]]}},{"type":"Feature","properties":{"level":"property","id":"IX.1.27","label":"Property IX.1.27"},"geometry":{"type":"Polygon","coordinates":[[[14.488726,40.750228],[14.488697,40.750216],[14.488683,40.75021],[14.488645,40.750251],[14.488694,40.750277],[14.488739,40.750236],[14.488726,40.750228],[14.488726,40.750228]]]}},{"type":"Feature","properties":{"level":"property","id":"IX.1.28","label":"Property IX.1.28"},"geometry":{"type":"Polygon","coordinates":[[[14.488588,40.750372],[14.488609,40.750354],[14.488612,40.750352],[14.488552,40.750317],[14.488543,40.750326],[14.488506,40.750307],[14.488461,40.750362],[14.488486,40.750377],[14.488476,40.750386],[14.488486,40.750392],[14.48846,40.750418],[14.488507,40.750445],[14.48852,40.750434],[14.488522,40.750432],[14.488588,40.750372]]]}},{"type":"Feature","properties":{"level":"property","id":"IX.1.3","label":"Property IX.1.3"},"geometry":{"type":"Polygon","coordinates":[[[14.487681,40.750314],[14.487747,40.750348],[14.487719,40.750378],[14.487778,40.75041],[14.48775,40.750441],[14.487767,40.750448],[14.48778,40.750454],[14.487824,40.750475],[14.487901,40.750383],[14.487906,40.750377],[14.487816,40.750329],[14.487733,40.750284],[14.487732,40.750281],[14.487722,40.750276],[14.487714,40.750283],[14.487688,40.750308],[14.487681,40.750314]]]}},{"type":"Feature","properties":{"level":"property","id":"IX.1.32","label":"Property IX.1.32"},"geometry":{"type":"Polygon","coordinates":[[[14.487891,40.750504],[14.487908,40.750513],[14.487919,40.750519],[14.487945,40.750531],[14.487951,40.750534],[14.487967,40.750541],[14.487986,40.750519],[14.487942,40.750495],[14.487972,40.750456],[14.487958,40.750447],[14.487978,40.750425],[14.487901,40.750383],[14.487824,40.750475],[14.487843,40.750484],[14.487851,40.750487],[14.487871,40.750496],[14.487891,40.750504]]]}},{"type":"Feature","properties":{"level":"property","id":"IX.1.4","label":"Property IX.1.4"},"geometry":{"type":"Polygon","coordinates":[[[14.487768,40.750249],[14.487759,40.750257],[14.487741,40.750273],[14.487732,40.750281],[14.487733,40.750284],[14.487816,40.750329],[14.487837,40.75031],[14.487817,40.750297],[14.487829,40.750283],[14.487769,40.750253],[14.487768,40.750249]]]}},{"type":"Feature","properties":{"level":"property","id":"IX.1.5","label":"Property IX.1.5"},"geometry":{"type":"Polygon","coordinates":[[[14.488053,40.75037],[14.487933,40.750303],[14.487892,40.750283],[14.487786,40.750236],[14.487781,40.750236],[14.487768,40.750249],[14.487769,40.750253],[14.487829,40.750283],[14.487817,40.750297],[14.487837,40.75031],[14.487816,40.750329],[14.487906,40.750377],[14.487901,40.750383],[14.487978,40.750425],[14.487958,40.750447],[14.487972,40.750456],[14.487942,40.750495],[14.487986,40.750519],[14.488029,40.750472],[14.487981,40.750445],[14.488053,40.75037]]]}},{"type":"Feature","properties":{"level":"property","id":"IX.1.6","label":"Property IX.1.6"},"geometry":{"type":"Polygon","coordinates":[[[14.487797,40.750228],[14.487789,40.750235],[14.487783,40.750233],[14.487781,40.750236],[14.487786,40.750236],[14.487892,40.750283],[14.487907,40.75029],[14.487934,40.75026],[14.487877,40.750228],[14.487883,40.750222],[14.487834,40.750197],[14.487834,40.750194],[14.487823,40.750203],[14.487797,40.750228]]]}},{"type":"Feature","properties":{"level":"property","id":"IX.1.7","label":"Property IX.1.7"},"geometry":{"type":"Polygon","coordinates":[[[14.487845,40.750183],[14.487834,40.750194],[14.487834,40.750197],[14.487883,40.750222],[14.487877,40.750228],[14.487934,40.75026],[14.487907,40.75029],[14.487933,40.750302],[14.488053,40.75037],[14.488134,40.750289],[14.488061,40.750254],[14.487987,40.750219],[14.487964,40.75024],[14.48785,40.750183],[14.487845,40.750183]]]}},{"type":"Feature","properties":{"level":"property","id":"IX.1.8","label":"Property IX.1.8"},"geometry":{"type":"Polygon","coordinates":[[[14.487855,40.750173],[14.487845,40.750183],[14.48785,40.750183],[14.487964,40.75024],[14.487987,40.750219],[14.487999,40.750208],[14.48789,40.750142],[14.487886,40.750142],[14.487855,40.750173]]]}},{"type":"Feature","properties":{"level":"property","id":"IX.1.9","label":"Property IX.1.9"},"geometry":{"type":"Polygon","coordinates":[[[14.487899,40.75013],[14.487886,40.750142],[14.48789,40.750142],[14.487972,40.750191],[14.488001,40.750164],[14.487917,40.750114],[14.48791,40.75012],[14.487899,40.75013]]]}},{"type":"Feature","properties":{"level":"property","id":"IX.10.1","label":"Property IX.10.1"},"geometry":{"type":"Polygon","coordinates":[[[14.488548,40.752633],[14.488618,40.752666],[14.488744,40.752506],[14.488743,40.752503],[14.48873,40.752505],[14.48871,40.752517],[14.488695,40.752529],[14.488686,40.752536],[14.488674,40.752546],[14.488654,40.75257],[14.488644,40.752584],[14.488638,40.752591],[14.488629,40.752596],[14.488624,40.752599],[14.488616,40.752598],[14.488606,40.752593],[14.488589,40.752588],[14.488574,40.752577],[14.48856,40.75257],[14.488551,40.752566],[14.488539,40.752558],[14.488525,40.752548],[14.488519,40.752542],[14.48851,40.752525],[14.488502,40.75251],[14.488499,40.752503],[14.4885,40.752491],[14.488505,40.75248],[14.488512,40.752468],[14.48852,40.752455],[14.488532,40.752442],[14.488543,40.752432],[14.488553,40.75242],[14.488566,40.752403],[14.488573,40.752391],[14.488578,40.752382],[14.488581,40.752373],[14.488584,40.752365],[14.488585,40.752359],[14.488585,40.752352],[14.488584,40.752348],[14.488583,40.752348],[14.488579,40.752346],[14.488505,40.752442],[14.488513,40.752446],[14.488414,40.752571],[14.488517,40.752619],[14.488548,40.752633]]]}},{"type":"Feature","properties":{"level":"property","id":"IX.10.2","label":"Property IX.10.2"},"geometry":{"type":"Polygon","coordinates":[[[14.488675,40.752693],[14.488743,40.752723],[14.488877,40.752552],[14.488873,40.75255],[14.488856,40.752545],[14.488847,40.752542],[14.488821,40.75253],[14.488782,40.752514],[14.488766,40.752508],[14.488743,40.752503],[14.488743,40.752503],[14.488744,40.752506],[14.488618,40.752666],[14.488661,40.752686],[14.488675,40.752693]]]}},{"type":"Feature","properties":{"level":"property","id":"IX.11.1"},"geometry":{"type":"Polygon","coordinates":[[[14.489437,40.750565],[14.489406,40.750553],[14.489351,40.750529],[14.489344,40.750536],[14.489348,40.750538],[14.489391,40.750565],[14.489395,40.750567],[14.489426,40.750581],[14.48943,40.750583],[14.489433,40.750613],[14.489436,40.750612],[14.489462,40.750575],[14.489437,40.750565]]]}},{"type":"Feature","properties":{"level":"property","id":"IX.11.2","label":"Property IX.11.2"},"geometry":{"type":"Polygon","coordinates":[[[14.489501,40.750593],[14.489475,40.750581],[14.489462,40.750575],[14.489436,40.750612],[14.489487,40.750635],[14.489495,40.750625],[14.489502,40.750617],[14.489523,40.750626],[14.489526,40.75063],[14.489577,40.750647],[14.489582,40.750645],[14.489589,40.750635],[14.489593,40.750634],[14.489536,40.750609],[14.489519,40.750601],[14.489501,40.750593],[14.489501,40.750593]]]}},{"type":"Feature","properties":{"level":"property","id":"IX.11.4","label":"Property IX.11.4"},"geometry":{"type":"Polygon","coordinates":[[[14.489615,40.750659],[14.489615,40.750659],[14.489625,40.750651],[14.489635,40.75064],[14.489633,40.750639],[14.489593,40.750634],[14.489589,40.750635],[14.489582,40.750645],[14.489584,40.750646],[14.489615,40.750659]]]}},{"type":"Feature","properties":{"level":"property","id":"IX.11.5","label":"Property IX.11.5"},"geometry":{"type":"Polygon","coordinates":[[[14.489673,40.750667],[14.489683,40.750671],[14.489681,40.750673],[14.489685,40.750675],[14.489693,40.750679],[14.489704,40.750684],[14.489715,40.750689],[14.489717,40.75069],[14.489723,40.750682],[14.489721,40.750681],[14.489692,40.750666],[14.489688,40.750664],[14.489685,40.750668],[14.489668,40.75066],[14.489637,40.75064],[14.489635,40.75064],[14.489625,40.750651],[14.489627,40.750652],[14.48965,40.750661],[14.489664,40.750668],[14.489669,40.75067],[14.489673,40.750667]]]}},{"type":"Feature","properties":{"level":"property","id":"IX.11.7","label":"Property IX.11.7"},"geometry":{"type":"Polygon","coordinates":[[[14.489744,40.750691],[14.489725,40.750683],[14.489723,40.750682],[14.489717,40.75069],[14.489719,40.750691],[14.489738,40.750699],[14.48974,40.7507],[14.489746,40.750692],[14.489744,40.750691]]]}},{"type":"Feature","properties":{"level":"property","id":"IX.11.8","label":"Property IX.11.8"},"geometry":{"type":"Polygon","coordinates":[[[14.489788,40.750712],[14.489755,40.750695],[14.489746,40.750692],[14.48974,40.7507],[14.489742,40.750701],[14.489756,40.750708],[14.489772,40.750716],[14.489782,40.750719],[14.489787,40.750724],[14.48979,40.750728],[14.489794,40.750731],[14.489797,40.750734],[14.489807,40.750721],[14.489788,40.750712]]]}},{"type":"Feature","properties":{"level":"property","id":"IX.12.1","label":"Property IX.12.1"},"geometry":{"type":"Polygon","coordinates":[[[14.489903,40.750761],[14.489869,40.750745],[14.489859,40.750741],[14.489798,40.750823],[14.489864,40.75085],[14.489925,40.750771],[14.489922,40.75077],[14.489912,40.750765],[14.489903,40.750761]]]}},{"type":"Feature","properties":{"level":"property","id":"IX.12.4","label":"Property IX.12.4"},"geometry":{"type":"Polygon","coordinates":[[[14.489953,40.75092],[14.489985,40.750879],[14.489948,40.75086],[14.489969,40.750832],[14.489951,40.750823],[14.489972,40.750794],[14.489952,40.750785],[14.489933,40.750775],[14.489925,40.750771],[14.489903,40.7508],[14.489864,40.75085],[14.489798,40.750823],[14.489777,40.75085],[14.489836,40.750876],[14.489826,40.75089],[14.489869,40.75091],[14.489871,40.750907],[14.48988,40.750906],[14.48989,40.750906],[14.489895,40.750905],[14.489897,40.750903],[14.489901,40.7509],[14.489914,40.750899],[14.489927,40.7509],[14.489936,40.750903],[14.489941,40.750907],[14.489945,40.750912],[14.489947,40.750916],[14.489951,40.750919],[14.489953,40.75092]]]}},{"type":"Feature","properties":{"level":"property","id":"IX.12.5","label":"Property IX.12.5"},"geometry":{"type":"Polygon","coordinates":[[[14.489998,40.750805],[14.489979,40.750797],[14.489972,40.750794],[14.489951,40.750823],[14.489969,40.750832],[14.489948,40.75086],[14.489985,40.750879],[14.490023,40.750831],[14.490026,40.75083],[14.490033,40.750821],[14.489998,40.750805],[14.489998,40.750805]]]}},{"type":"Feature","properties":{"level":"property","id":"IX.12.6","label":"Property IX.12.6"},"geometry":{"type":"Polygon","coordinates":[[[14.490086,40.750858],[14.490069,40.750849],[14.490026,40.75083],[14.490023,40.750831],[14.490009,40.750848],[14.490011,40.750849],[14.49002,40.750849],[14.490027,40.750852],[14.490031,40.750855],[14.490037,40.750855],[14.490042,40.750856],[14.490048,40.750859],[14.490052,40.75086],[14.49006,40.750866],[14.490062,40.750873],[14.490065,40.750879],[14.490071,40.750882],[14.490077,40.750882],[14.490084,40.750884],[14.49009,40.750887],[14.490094,40.750889],[14.490102,40.750891],[14.490111,40.750891],[14.490119,40.750892],[14.490123,40.750895],[14.490129,40.750898],[14.490131,40.7509],[14.490132,40.750903],[14.490147,40.750887],[14.490086,40.750858]]]}},{"type":"Feature","properties":{"level":"property","id":"IX.12.8","label":"Property IX.12.8"},"geometry":{"type":"Polygon","coordinates":[[[14.490174,40.750898],[14.490148,40.750888],[14.490147,40.750887],[14.490132,40.750903],[14.490133,40.750905],[14.490136,40.750907],[14.490143,40.750907],[14.49015,40.750911],[14.490158,40.750915],[14.490162,40.750919],[14.490166,40.750926],[14.490169,40.750932],[14.490172,40.750935],[14.490187,40.750917],[14.490195,40.750908],[14.490174,40.750898]]]}},{"type":"Feature","properties":{"level":"property","id":"IX.13.1"},"geometry":{"type":"Polygon","coordinates":[[[14.490109,40.751411],[14.490163,40.751341],[14.490162,40.751335],[14.490257,40.751203],[14.490291,40.751217],[14.490431,40.751017],[14.490393,40.751],[14.490372,40.750992],[14.490372,40.750991],[14.490364,40.750987],[14.490336,40.750976],[14.490328,40.750973],[14.49031,40.750964],[14.490299,40.750958],[14.490235,40.750931],[14.490217,40.750953],[14.490213,40.750961],[14.489922,40.751348],[14.489982,40.751374],[14.489994,40.751358],[14.490109,40.751411]]]}},{"type":"Feature","properties":{"level":"property","id":"IX.13.4","label":"Property IX.13.4"},"geometry":{"type":"Polygon","coordinates":[[[14.490389,40.75113],[14.490395,40.751123],[14.490401,40.751115],[14.490415,40.751096],[14.490421,40.751089],[14.490439,40.751065],[14.490407,40.751052],[14.49036,40.751118],[14.490362,40.751119],[14.490389,40.75113]]]}},{"type":"Feature","properties":{"level":"property","id":"IX.13.4","label":"Property IX.13.4"},"geometry":{"type":"Polygon","coordinates":[[[14.490479,40.751039],[14.490455,40.751028],[14.490431,40.751017],[14.490421,40.751032],[14.490423,40.751033],[14.490429,40.751035],[14.490434,40.751037],[14.490437,40.751038],[14.490441,40.75104],[14.490449,40.751042],[14.490451,40.751043],[14.490457,40.751045],[14.490463,40.751047],[14.490467,40.751048],[14.490471,40.75105],[14.490474,40.751051],[14.490478,40.751052],[14.490484,40.751055],[14.490486,40.751056],[14.490493,40.751047],[14.490496,40.751046],[14.490479,40.751039]]]}},{"type":"Feature","properties":{"level":"property","id":"IX.13.5","label":"Property IX.13.5"},"geometry":{"type":"Polygon","coordinates":[[[14.490515,40.751055],[14.490496,40.751046],[14.490493,40.751047],[14.490486,40.751056],[14.49049,40.751057],[14.490491,40.751058],[14.490492,40.751058],[14.490501,40.751064],[14.490505,40.751065],[14.490507,40.751067],[14.490509,40.751067],[14.490516,40.751058],[14.490515,40.751055]]]}},{"type":"Feature","properties":{"level":"property","id":"IX.13.6","label":"Property IX.13.6"},"geometry":{"type":"Polygon","coordinates":[[[14.490554,40.751073],[14.490529,40.751061],[14.490515,40.751055],[14.490516,40.751058],[14.490509,40.751067],[14.490513,40.751068],[14.490518,40.751071],[14.490542,40.751082],[14.490561,40.751089],[14.490566,40.751091],[14.490573,40.751082],[14.490554,40.751073]]]}},{"type":"Feature","properties":{"level":"property","id":"IX.14.1","label":"Property IX.14.1"},"geometry":{"type":"Polygon","coordinates":[[[14.488839,40.752768],[14.488839,40.752768],[14.488848,40.752772],[14.488848,40.752769],[14.488909,40.752691],[14.488848,40.752662],[14.488786,40.752738],[14.488777,40.752735],[14.488774,40.752738],[14.488805,40.752751],[14.488839,40.752768]]]}},{"type":"Feature","properties":{"level":"property","id":"IX.14.4","label":"Property IX.14.4"},"geometry":{"type":"Polygon","coordinates":[[[14.488914,40.752802],[14.488918,40.752801],[14.488948,40.752762],[14.488906,40.752744],[14.488875,40.752783],[14.488872,40.752784],[14.488888,40.752792],[14.488914,40.752802]]]}},{"type":"Feature","properties":{"level":"property","id":"IX.14.4","label":"Property IX.14.4"},"geometry":{"type":"Polygon","coordinates":[[[14.489132,40.752903],[14.489411,40.752551],[14.489519,40.752414],[14.489429,40.752373],[14.489448,40.752348],[14.489403,40.752328],[14.489378,40.752359],[14.489335,40.75234],[14.489299,40.752387],[14.489271,40.752374],[14.48913,40.75231],[14.489108,40.752337],[14.4891,40.752347],[14.488848,40.752662],[14.488909,40.752691],[14.488848,40.752769],[14.488848,40.752772],[14.488872,40.752784],[14.488875,40.752783],[14.488906,40.752744],[14.488948,40.752762],[14.488918,40.752801],[14.488914,40.752802],[14.489007,40.752846],[14.489036,40.752859],[14.489132,40.752903]]]}},{"type":"Feature","properties":{"level":"property","id":"IX.14.c","label":"Property IX.14.c"},"geometry":{"type":"Polygon","coordinates":[[[14.489159,40.752275],[14.489131,40.75231],[14.489299,40.752387],[14.489335,40.75234],[14.489372,40.752295],[14.489206,40.752213],[14.489168,40.752264],[14.489159,40.752275]]]}},{"type":"Feature","properties":{"level":"property","id":"IX.2.10","label":"Property IX.2.10"},"geometry":{"type":"Polygon","coordinates":[[[14.487801,40.750624],[14.487816,40.750607],[14.487847,40.750573],[14.48786,40.750559],[14.487877,40.750538],[14.487835,40.750518],[14.487822,40.750511],[14.487818,40.750513],[14.487786,40.750551],[14.487697,40.750511],[14.487648,40.750482],[14.487622,40.750507],[14.487524,40.750449],[14.487518,40.750454],[14.487511,40.750462],[14.487511,40.750465],[14.487558,40.750496],[14.487561,40.750493],[14.487587,40.750511],[14.487541,40.750554],[14.487549,40.750559],[14.487588,40.750594],[14.487572,40.75061],[14.487612,40.750639],[14.487685,40.75069],[14.487706,40.750668],[14.487743,40.750688],[14.487801,40.750624]]]}},{"type":"Feature","properties":{"level":"property","id":"IX.2.11","label":"Property IX.2.11"},"geometry":{"type":"Polygon","coordinates":[[[14.487532,40.750443],[14.487524,40.750449],[14.487622,40.750507],[14.487648,40.750482],[14.487551,40.750424],[14.487543,40.75043],[14.487532,40.750443]]]}},{"type":"Feature","properties":{"level":"property","id":"IX.2.12","label":"Property IX.2.12"},"geometry":{"type":"Polygon","coordinates":[[[14.487557,40.750419],[14.487551,40.750424],[14.487648,40.750482],[14.487697,40.750511],[14.487728,40.750525],[14.487762,40.750482],[14.487668,40.750437],[14.487662,40.750434],[14.487581,40.750396],[14.487571,40.750405],[14.487557,40.750419]]]}},{"type":"Feature","properties":{"level":"property","id":"IX.2.13","label":"Property IX.2.13"},"geometry":{"type":"Polygon","coordinates":[[[14.487803,40.750502],[14.487803,40.750502],[14.487762,40.750482],[14.487728,40.750525],[14.487786,40.750551],[14.487818,40.750513],[14.487822,40.750511],[14.487811,40.750507],[14.487803,40.750502]]]}},{"type":"Feature","properties":{"level":"property","id":"IX.2.16","label":"Property IX.2.16"},"geometry":{"type":"Polygon","coordinates":[[[14.487877,40.750538],[14.48786,40.750559],[14.487847,40.750573],[14.487816,40.750607],[14.487801,40.750624],[14.487904,40.750668],[14.487951,40.750693],[14.488115,40.750773],[14.488127,40.750761],[14.488132,40.750757],[14.488157,40.750736],[14.48816,40.750733],[14.488183,40.750713],[14.488187,40.750709],[14.488202,40.750696],[14.48818,40.750685],[14.488175,40.750682],[14.488094,40.750643],[14.488077,40.750634],[14.487925,40.75056],[14.487914,40.750556],[14.487877,40.750538]]]}},{"type":"Feature","properties":{"level":"property","id":"IX.2.17","label":"Property IX.2.17"},"geometry":{"type":"Polygon","coordinates":[[[14.488072,40.750811],[14.488081,40.750804],[14.488084,40.750801],[14.488101,40.750786],[14.488105,40.750783],[14.488115,40.750773],[14.487951,40.750693],[14.487904,40.750668],[14.487801,40.750624],[14.487743,40.750688],[14.487719,40.750714],[14.487795,40.750756],[14.487813,40.750737],[14.488028,40.750853],[14.488036,40.750845],[14.488039,40.750843],[14.488051,40.750832],[14.488054,40.75083],[14.48806,40.750823],[14.488072,40.750811]]]}},{"type":"Feature","properties":{"level":"property","id":"IX.2.18","label":"Property IX.2.18"},"geometry":{"type":"Polygon","coordinates":[[[14.487986,40.750892],[14.488028,40.750853],[14.487813,40.750737],[14.487795,40.750756],[14.487719,40.750714],[14.487743,40.750688],[14.487706,40.750668],[14.487685,40.75069],[14.487701,40.750701],[14.487672,40.750732],[14.487693,40.750744],[14.487671,40.750769],[14.487763,40.750822],[14.487945,40.75093],[14.48796,40.750915],[14.487963,40.750913],[14.487974,40.750902],[14.487986,40.750892]]]}},{"type":"Feature","properties":{"level":"property","id":"IX.2.2","label":"Property IX.2.2"},"geometry":{"type":"Polygon","coordinates":[[[14.487191,40.750746],[14.487183,40.750753],[14.487236,40.750786],[14.48728,40.750742],[14.487232,40.750712],[14.487223,40.75072],[14.487191,40.750746]]]}},{"type":"Feature","properties":{"level":"property","id":"IX.2.21","label":"Property IX.2.21"},"geometry":{"type":"Polygon","coordinates":[[[14.487864,40.751001],[14.487871,40.750994],[14.487874,40.750996],[14.48789,40.750981],[14.487894,40.750978],[14.487909,40.750964],[14.487917,40.750956],[14.487945,40.75093],[14.487763,40.750822],[14.487704,40.750892],[14.487675,40.750877],[14.487656,40.750899],[14.487692,40.75092],[14.487689,40.750923],[14.487715,40.750936],[14.487693,40.750962],[14.487728,40.750979],[14.487706,40.751002],[14.487683,40.751028],[14.487698,40.751035],[14.487705,40.751038],[14.487722,40.751045],[14.487746,40.751057],[14.487753,40.751061],[14.487777,40.751072],[14.487786,40.751077],[14.487812,40.751052],[14.487861,40.751003],[14.487864,40.751001]]]}},{"type":"Feature","properties":{"level":"property","id":"IX.2.22","label":"Property IX.2.22"},"geometry":{"type":"Polygon","coordinates":[[[14.487669,40.75102],[14.487683,40.751028],[14.487706,40.751002],[14.487728,40.750979],[14.487693,40.750962],[14.487715,40.750936],[14.487689,40.750923],[14.487666,40.750949],[14.487679,40.750955],[14.487634,40.751004],[14.487642,40.751008],[14.487669,40.75102]]]}},{"type":"Feature","properties":{"level":"property","id":"IX.2.23","label":"Property IX.2.23"},"geometry":{"type":"Polygon","coordinates":[[[14.487626,40.751],[14.487626,40.751],[14.487634,40.751004],[14.487679,40.750955],[14.487666,40.750949],[14.487689,40.750923],[14.487692,40.75092],[14.487656,40.750899],[14.487584,40.750981],[14.487594,40.750985],[14.487626,40.751]]]}},{"type":"Feature","properties":{"level":"property","id":"IX.2.24","label":"Property IX.2.24"},"geometry":{"type":"Polygon","coordinates":[[[14.487562,40.750971],[14.487584,40.750981],[14.487656,40.750899],[14.487675,40.750877],[14.487704,40.750892],[14.487763,40.750822],[14.487671,40.750769],[14.487555,40.750903],[14.487559,40.750904],[14.487521,40.750949],[14.487522,40.750953],[14.487541,40.750962],[14.487562,40.750971]]]}},{"type":"Feature","properties":{"level":"property","id":"IX.2.25","label":"Property IX.2.25"},"geometry":{"type":"Polygon","coordinates":[[[14.487484,40.750939],[14.48752,40.750955],[14.487522,40.750953],[14.487521,40.750949],[14.487559,40.750904],[14.487555,40.750903],[14.487579,40.750875],[14.487552,40.750862],[14.487528,40.750889],[14.487494,40.750872],[14.487448,40.750921],[14.48746,40.750927],[14.487484,40.750939]]]}},{"type":"Feature","properties":{"level":"property","id":"IX.2.26","label":"Property IX.2.26"},"geometry":{"type":"Polygon","coordinates":[[[14.487408,40.750902],[14.487448,40.750921],[14.487494,40.750872],[14.487528,40.750889],[14.487552,40.750862],[14.487579,40.750875],[14.487671,40.750769],[14.487693,40.750744],[14.487672,40.750732],[14.487701,40.750701],[14.487685,40.75069],[14.487612,40.750639],[14.487568,40.750685],[14.487505,40.750751],[14.487471,40.750788],[14.487461,40.750798],[14.487439,40.750786],[14.487356,40.750877],[14.487395,40.750896],[14.487408,40.750902]]]}},{"type":"Feature","properties":{"level":"property","id":"IX.2.27","label":"Property IX.2.27"},"geometry":{"type":"Polygon","coordinates":[[[14.487356,40.750877],[14.487439,40.750786],[14.487461,40.750798],[14.487471,40.750788],[14.48732,40.750702],[14.48728,40.750742],[14.487236,40.750786],[14.487183,40.750753],[14.48718,40.750755],[14.487164,40.750772],[14.487157,40.75078],[14.487173,40.750788],[14.487179,40.750791],[14.48719,40.750796],[14.4872,40.750801],[14.487224,40.750813],[14.487224,40.750813],[14.487234,40.750818],[14.487247,40.750824],[14.487356,40.750877]]]}},{"type":"Feature","properties":{"level":"property","id":"IX.2.3","label":"Property IX.2.3"},"geometry":{"type":"Polygon","coordinates":[[[14.487239,40.750706],[14.487232,40.750712],[14.48728,40.750742],[14.48732,40.750702],[14.487274,40.750674],[14.487266,40.75068],[14.487239,40.750706]]]}},{"type":"Feature","properties":{"level":"property","id":"IX.2.4","label":"Property IX.2.4"},"geometry":{"type":"Polygon","coordinates":[[[14.487282,40.750667],[14.487274,40.750674],[14.48732,40.750702],[14.487471,40.750788],[14.487505,40.750751],[14.487314,40.750638],[14.487305,40.750646],[14.487282,40.750667]]]}},{"type":"Feature","properties":{"level":"property","id":"IX.2.5","label":"Property IX.2.5"},"geometry":{"type":"Polygon","coordinates":[[[14.48732,40.750633],[14.487314,40.750638],[14.487505,40.750751],[14.487568,40.750685],[14.487458,40.750634],[14.487439,40.750653],[14.487356,40.750601],[14.487347,40.750609],[14.48732,40.750633]]]}},{"type":"Feature","properties":{"level":"property","id":"IX.2.6","label":"Property IX.2.6"},"geometry":{"type":"Polygon","coordinates":[[[14.487364,40.750594],[14.487364,40.750594],[14.487356,40.750601],[14.487439,40.750653],[14.487458,40.750634],[14.487481,40.750612],[14.487401,40.750559],[14.487392,40.750567],[14.487364,40.750594]]]}},{"type":"Feature","properties":{"level":"property","id":"IX.2.7","label":"Property IX.2.7"},"geometry":{"type":"Polygon","coordinates":[[[14.487406,40.750554],[14.487401,40.750559],[14.487481,40.750612],[14.487458,40.750634],[14.487568,40.750685],[14.487612,40.750639],[14.487572,40.75061],[14.487588,40.750594],[14.487549,40.750559],[14.48747,40.750502],[14.487466,40.750502],[14.487452,40.750513],[14.487437,40.750526],[14.487406,40.750554]]]}},{"type":"Feature","properties":{"level":"property","id":"IX.2.9","label":"Property IX.2.9"},"geometry":{"type":"Polygon","coordinates":[[[14.487476,40.750492],[14.487476,40.750492],[14.487466,40.750502],[14.48747,40.750502],[14.487541,40.750554],[14.487587,40.750511],[14.487561,40.750493],[14.487558,40.750496],[14.487511,40.750465],[14.487511,40.750462],[14.487501,40.750469],[14.487476,40.750492]]]}},{"type":"Feature","properties":{"level":"property","id":"IX.3.12"},"geometry":{"type":"Polygon","coordinates":[[[14.487172,40.751032],[14.487177,40.751025],[14.487285,40.750893],[14.48729,40.750891],[14.487234,40.750863],[14.487213,40.750853],[14.487205,40.75085],[14.487148,40.750821],[14.48713,40.750812],[14.487113,40.750804],[14.487102,40.750813],[14.487081,40.750831],[14.487036,40.750871],[14.48704,40.75087],[14.487105,40.750904],[14.487081,40.750933],[14.487105,40.750946],[14.487066,40.750992],[14.487163,40.751042],[14.487172,40.751032]]]}},{"type":"Feature","properties":{"level":"property","id":"IX.3.13","label":"Property IX.3.13"},"geometry":{"type":"Polygon","coordinates":[[[14.487299,40.750898],[14.487289,40.750893],[14.48729,40.750891],[14.487285,40.750893],[14.487177,40.751025],[14.487172,40.751032],[14.487228,40.751061],[14.487347,40.750921],[14.487334,40.750916],[14.487299,40.750898]]]}},{"type":"Feature","properties":{"level":"property","id":"IX.3.14","label":"Property IX.3.14"},"geometry":{"type":"Polygon","coordinates":[[[14.48736,40.750927],[14.48736,40.750927],[14.487347,40.750921],[14.487237,40.751051],[14.487261,40.751063],[14.487315,40.751003],[14.487349,40.75102],[14.48741,40.750951],[14.487401,40.750947],[14.48736,40.750927]]]}},{"type":"Feature","properties":{"level":"property","id":"IX.3.15","label":"Property IX.3.15"},"geometry":{"type":"Polygon","coordinates":[[[14.487419,40.750955],[14.48741,40.750951],[14.487349,40.75102],[14.487315,40.751003],[14.487261,40.751063],[14.487237,40.751051],[14.487228,40.751061],[14.487196,40.751099],[14.48724,40.751119],[14.487215,40.751165],[14.487157,40.751224],[14.487264,40.751282],[14.487365,40.751173],[14.487417,40.751203],[14.487441,40.751174],[14.487398,40.751151],[14.487338,40.751126],[14.487352,40.751107],[14.487407,40.751049],[14.487377,40.751033],[14.487396,40.751011],[14.487385,40.751006],[14.487426,40.750964],[14.487425,40.750962],[14.487419,40.750955]]]}},{"type":"Feature","properties":{"level":"property","id":"IX.3.16","label":"Property IX.3.16"},"geometry":{"type":"Polygon","coordinates":[[[14.487435,40.750965],[14.487425,40.750962],[14.487426,40.750964],[14.487385,40.751006],[14.487396,40.751011],[14.487377,40.751033],[14.487407,40.751049],[14.48741,40.751051],[14.487468,40.750981],[14.487459,40.750977],[14.487435,40.750965]]]}},{"type":"Feature","properties":{"level":"property","id":"IX.3.18","label":"Property IX.3.18"},"geometry":{"type":"Polygon","coordinates":[[[14.487541,40.751015],[14.487541,40.751015],[14.487529,40.75101],[14.487473,40.751082],[14.487544,40.751117],[14.487607,40.751048],[14.487583,40.751036],[14.487541,40.751015]]]}},{"type":"Feature","properties":{"level":"property","id":"IX.3.19"},"geometry":{"type":"Polygon","coordinates":[[[14.487629,40.751184],[14.487717,40.751103],[14.487692,40.751091],[14.487669,40.751079],[14.487607,40.751048],[14.487544,40.751117],[14.487473,40.751082],[14.487529,40.75101],[14.487513,40.751002],[14.487478,40.750985],[14.487468,40.750981],[14.48741,40.751051],[14.487407,40.751049],[14.487352,40.751107],[14.487338,40.751126],[14.487398,40.751151],[14.487441,40.751174],[14.487417,40.751203],[14.487535,40.75127],[14.487617,40.751194],[14.487629,40.751184]]]}},{"type":"Feature","properties":{"level":"property","id":"IX.3.2"},"geometry":{"type":"Polygon","coordinates":[[[14.48671,40.751146],[14.486895,40.751247],[14.486904,40.751251],[14.486908,40.751253],[14.486938,40.751224],[14.486946,40.751227],[14.487016,40.751157],[14.486973,40.751133],[14.486938,40.751163],[14.486795,40.751072],[14.48677,40.751092],[14.48676,40.751103],[14.486748,40.751114],[14.486721,40.751137],[14.48671,40.751146]]]}},{"type":"Feature","properties":{"level":"property","id":"IX.3.22"},"geometry":{"type":"Polygon","coordinates":[[[14.487459,40.75134],[14.487501,40.7513],[14.48751,40.751293],[14.487535,40.75127],[14.487417,40.751203],[14.487365,40.751173],[14.487264,40.751282],[14.487171,40.751384],[14.487185,40.75139],[14.487228,40.751413],[14.487324,40.751462],[14.487357,40.75143],[14.487373,40.751418],[14.487443,40.751354],[14.487459,40.75134]]]}},{"type":"Feature","properties":{"level":"property","id":"IX.3.23","label":"Property IX.3.23"},"geometry":{"type":"Polygon","coordinates":[[[14.487131,40.751366],[14.487171,40.751384],[14.487264,40.751282],[14.487157,40.751224],[14.487055,40.751329],[14.487116,40.751359],[14.487131,40.751366]]]}},{"type":"Feature","properties":{"level":"property","id":"IX.3.5","label":"Property IX.3.5"},"geometry":{"type":"Polygon","coordinates":[[[14.486803,40.751066],[14.486795,40.751072],[14.486866,40.751117],[14.486888,40.751096],[14.48687,40.751085],[14.48688,40.751075],[14.486828,40.751043],[14.486821,40.75105],[14.486803,40.751066]]]}},{"type":"Feature","properties":{"level":"property","id":"IX.3.5","label":"Property IX.3.5"},"geometry":{"type":"Polygon","coordinates":[[[14.486835,40.751037],[14.486828,40.751043],[14.48688,40.751075],[14.48687,40.751085],[14.486888,40.751096],[14.486908,40.751079],[14.48689,40.751067],[14.486916,40.751042],[14.486865,40.75101],[14.486854,40.75102],[14.486835,40.751037]]]}},{"type":"Feature","properties":{"level":"property","id":"IX.3.5","label":"Property IX.3.5"},"geometry":{"type":"Polygon","coordinates":[[[14.486922,40.750964],[14.486922,40.750964],[14.486903,40.750979],[14.486906,40.750979],[14.48696,40.751012],[14.487002,40.750975],[14.486948,40.750941],[14.486938,40.750949],[14.486922,40.750964]]]}},{"type":"Feature","properties":{"level":"property","id":"IX.3.5","label":"Property IX.3.5"},"geometry":{"type":"Polygon","coordinates":[[[14.487172,40.751032],[14.487163,40.751042],[14.487066,40.750992],[14.487061,40.750997],[14.48701,40.750967],[14.48696,40.751012],[14.486906,40.750979],[14.486903,40.750979],[14.486879,40.750997],[14.486865,40.75101],[14.486916,40.751042],[14.48689,40.751067],[14.486908,40.751079],[14.486888,40.751096],[14.486866,40.751117],[14.486938,40.751163],[14.486973,40.751133],[14.487016,40.751157],[14.486946,40.751227],[14.486938,40.751224],[14.486908,40.751253],[14.486965,40.751285],[14.487009,40.751306],[14.487019,40.75131],[14.487054,40.751326],[14.487052,40.751327],[14.487055,40.751329],[14.487172,40.751209],[14.487215,40.751165],[14.48724,40.751119],[14.487196,40.751099],[14.487228,40.751061],[14.487172,40.751032]]]}},{"type":"Feature","properties":{"level":"property","id":"IX.3.7","label":"Property IX.3.7"},"geometry":{"type":"Polygon","coordinates":[[[14.486956,40.750934],[14.486956,40.750934],[14.486948,40.750941],[14.487002,40.750975],[14.48701,40.750967],[14.487061,40.750997],[14.487066,40.750992],[14.487088,40.750966],[14.486988,40.750912],[14.48698,40.750919],[14.486956,40.750934]]]}},{"type":"Feature","properties":{"level":"property","id":"IX.3.8","label":"Property IX.3.8"},"geometry":{"type":"Polygon","coordinates":[[[14.486994,40.750908],[14.486988,40.750912],[14.487088,40.750966],[14.487105,40.750946],[14.487008,40.750895],[14.487001,40.750901],[14.486994,40.750908]]]}},{"type":"Feature","properties":{"level":"property","id":"IX.3.9","label":"Property IX.3.9"},"geometry":{"type":"Polygon","coordinates":[[[14.48702,40.750884],[14.48702,40.750884],[14.487008,40.750895],[14.487081,40.750933],[14.487105,40.750904],[14.48704,40.75087],[14.487036,40.750871],[14.48702,40.750884]]]}},{"type":"Feature","properties":{"level":"property","id":"IX.4.1","label":"Property IX.4.1"},"geometry":{"type":"Polygon","coordinates":[[[14.486289,40.75159],[14.486338,40.751614],[14.486383,40.751562],[14.486353,40.751547],[14.486351,40.751549],[14.486293,40.751513],[14.486281,40.751523],[14.486246,40.751557],[14.486238,40.751565],[14.486249,40.751571],[14.486289,40.75159]]]}},{"type":"Feature","properties":{"level":"property","id":"IX.4.11","label":"Property IX.4.11"},"geometry":{"type":"Polygon","coordinates":[[[14.486868,40.751263],[14.48686,40.751259],[14.486846,40.751252],[14.486838,40.751249],[14.486826,40.751242],[14.486816,40.751238],[14.486811,40.751238],[14.486788,40.751266],[14.486849,40.751297],[14.486874,40.751269],[14.486878,40.751269],[14.486868,40.751263]]]}},{"type":"Feature","properties":{"level":"property","id":"IX.4.15"},"geometry":{"type":"Polygon","coordinates":[[[14.486782,40.751825],[14.486789,40.751829],[14.486826,40.751788],[14.486786,40.751769],[14.486751,40.75181],[14.486757,40.751813],[14.486782,40.751825]]]}},{"type":"Feature","properties":{"level":"property","id":"IX.4.17","label":"Property IX.4.17"},"geometry":{"type":"Polygon","coordinates":[[[14.486517,40.751701],[14.48653,40.751707],[14.486571,40.751655],[14.486515,40.751627],[14.486504,40.751639],[14.48647,40.751678],[14.486478,40.751683],[14.486517,40.751701]]]}},{"type":"Feature","properties":{"level":"property","id":"IX.4.18"},"geometry":{"type":"Polygon","coordinates":[[[14.486459,40.751673],[14.48647,40.751678],[14.486504,40.751639],[14.486435,40.751605],[14.486401,40.751645],[14.486417,40.751653],[14.486459,40.751673]]]}},{"type":"Feature","properties":{"level":"property","id":"IX.4.19","label":"Property IX.4.19"},"geometry":{"type":"Polygon","coordinates":[[[14.486393,40.751641],[14.486401,40.751645],[14.486435,40.751605],[14.486446,40.751593],[14.486383,40.751562],[14.486338,40.751614],[14.486351,40.751621],[14.486393,40.751641]]]}},{"type":"Feature","properties":{"level":"property","id":"IX.4.2","label":"Property IX.4.2"},"geometry":{"type":"Polygon","coordinates":[[[14.486331,40.751476],[14.486298,40.751507],[14.486293,40.751513],[14.486351,40.751549],[14.486353,40.751547],[14.486395,40.751506],[14.486338,40.75147],[14.486331,40.751476]]]}},{"type":"Feature","properties":{"level":"property","id":"IX.4.3","label":"Property IX.4.3"},"geometry":{"type":"Polygon","coordinates":[[[14.486378,40.751433],[14.486345,40.751464],[14.486338,40.75147],[14.486395,40.751506],[14.486443,40.751461],[14.486387,40.751425],[14.486378,40.751433]]]}},{"type":"Feature","properties":{"level":"property","id":"IX.4.4","label":"Property IX.4.4"},"geometry":{"type":"Polygon","coordinates":[[[14.486423,40.751392],[14.486394,40.751419],[14.486387,40.751425],[14.486443,40.751461],[14.486488,40.751418],[14.486433,40.751383],[14.486423,40.751392]]]}},{"type":"Feature","properties":{"level":"property","id":"IX.4.5","label":"Property IX.4.5"},"geometry":{"type":"Polygon","coordinates":[[[14.486659,40.751175],[14.486628,40.751204],[14.486619,40.751212],[14.486669,40.751244],[14.486721,40.751193],[14.486725,40.751193],[14.486672,40.751165],[14.486659,40.751175],[14.486659,40.751175]]]}},{"type":"Feature","properties":{"level":"property","id":"IX.4.5","label":"Property IX.4.5"},"geometry":{"type":"Polygon","coordinates":[[[14.486888,40.751273],[14.486878,40.751269],[14.486874,40.751269],[14.486849,40.751297],[14.486788,40.751266],[14.486811,40.751238],[14.486816,40.751238],[14.486741,40.751201],[14.486725,40.751193],[14.486721,40.751193],[14.486669,40.751244],[14.48662,40.751291],[14.486574,40.751335],[14.486528,40.751378],[14.486475,40.751345],[14.486469,40.75135],[14.486438,40.751378],[14.486433,40.751383],[14.486488,40.751418],[14.486443,40.751461],[14.486395,40.751506],[14.486353,40.751547],[14.486383,40.751562],[14.486446,40.751593],[14.486435,40.751605],[14.486504,40.751639],[14.486515,40.751627],[14.486571,40.751655],[14.48653,40.751707],[14.486534,40.751708],[14.486563,40.751724],[14.48675,40.75181],[14.486786,40.751768],[14.486826,40.751788],[14.486789,40.751829],[14.486907,40.751881],[14.487005,40.751784],[14.487023,40.751768],[14.487249,40.751556],[14.487266,40.751538],[14.487322,40.751481],[14.486969,40.751316],[14.486888,40.751273]]]}},{"type":"Feature","properties":{"level":"property","id":"IX.4.6","label":"Property IX.4.6"},"geometry":{"type":"Polygon","coordinates":[[[14.486513,40.751309],[14.486484,40.751337],[14.486475,40.751345],[14.486528,40.751378],[14.486574,40.751335],[14.486521,40.751302],[14.486513,40.751309]]]}},{"type":"Feature","properties":{"level":"property","id":"IX.4.7","label":"Property IX.4.7"},"geometry":{"type":"Polygon","coordinates":[[[14.486562,40.751265],[14.486528,40.751296],[14.486521,40.751302],[14.486574,40.751335],[14.48662,40.751291],[14.486569,40.751258],[14.486562,40.751265]]]}},{"type":"Feature","properties":{"level":"property","id":"IX.4.8","label":"Property IX.4.8"},"geometry":{"type":"Polygon","coordinates":[[[14.48661,40.75122],[14.486577,40.751251],[14.486569,40.751258],[14.48662,40.751291],[14.486669,40.751244],[14.486619,40.751212],[14.48661,40.75122]]]}},{"type":"Feature","properties":{"level":"property","id":"IX.5.10","label":"Property IX.5.10"},"geometry":{"type":"Polygon","coordinates":[[[14.487323,40.752083],[14.487357,40.7521],[14.487367,40.752104],[14.487364,40.752107],[14.48737,40.752104],[14.487426,40.752041],[14.487367,40.752011],[14.487335,40.75205],[14.487339,40.752051],[14.487315,40.75208],[14.487323,40.752083]]]}},{"type":"Feature","properties":{"level":"property","id":"IX.5.11","label":"Property IX.5.11"},"geometry":{"type":"Polygon","coordinates":[[[14.487671,40.751999],[14.487694,40.751975],[14.487553,40.751898],[14.48737,40.752104],[14.487364,40.752107],[14.487417,40.75213],[14.48744,40.752142],[14.487444,40.75214],[14.487469,40.752113],[14.487516,40.752135],[14.487539,40.752112],[14.487556,40.752119],[14.487662,40.752008],[14.487671,40.751999]]]}},{"type":"Feature","properties":{"level":"property","id":"IX.5.12","label":"Property IX.5.12"},"geometry":{"type":"Polygon","coordinates":[[[14.487505,40.752172],[14.487544,40.752131],[14.487547,40.752128],[14.487556,40.752119],[14.487539,40.752112],[14.487516,40.752135],[14.487469,40.752113],[14.487444,40.75214],[14.48744,40.752142],[14.487454,40.752148],[14.487479,40.75216],[14.487505,40.752172]]]}},{"type":"Feature","properties":{"level":"property","id":"IX.5.14","label":"Property IX.5.14"},"geometry":{"type":"Polygon","coordinates":[[[14.487898,40.751762],[14.487599,40.751612],[14.487568,40.751648],[14.487456,40.751777],[14.487551,40.751829],[14.487529,40.751854],[14.487571,40.751877],[14.487553,40.751898],[14.487694,40.751975],[14.487744,40.751924],[14.487756,40.751912],[14.487783,40.751884],[14.48779,40.751877],[14.487795,40.751872],[14.487898,40.751762]]]}},{"type":"Feature","properties":{"level":"property","id":"IX.5.18","label":"Property IX.5.18"},"geometry":{"type":"Polygon","coordinates":[[[14.487427,40.75153],[14.487353,40.751494],[14.487251,40.751592],[14.487247,40.751596],[14.487238,40.751605],[14.487231,40.751611],[14.487211,40.75163],[14.48735,40.751698],[14.487317,40.751735],[14.487376,40.751766],[14.487536,40.751588],[14.48754,40.751587],[14.4875,40.751567],[14.487481,40.751558],[14.487434,40.751533],[14.487427,40.75153]]]}},{"type":"Feature","properties":{"level":"property","id":"IX.5.2","label":"Property IX.5.2"},"geometry":{"type":"Polygon","coordinates":[[[14.487098,40.751931],[14.487295,40.751732],[14.487312,40.75174],[14.487317,40.751735],[14.48735,40.751698],[14.487211,40.75163],[14.48716,40.751679],[14.487152,40.751687],[14.486993,40.75184],[14.486984,40.751848],[14.486934,40.7519],[14.48697,40.751915],[14.486978,40.751921],[14.48699,40.751926],[14.486992,40.751927],[14.487014,40.751937],[14.487024,40.751944],[14.487057,40.751957],[14.487068,40.751962],[14.487098,40.751931]]]}},{"type":"Feature","properties":{"level":"property","id":"IX.5.4","label":"Property IX.5.4"},"geometry":{"type":"Polygon","coordinates":[[[14.487355,40.751755],[14.487317,40.751735],[14.487312,40.75174],[14.487295,40.751732],[14.487098,40.751931],[14.487095,40.751935],[14.487068,40.751962],[14.487076,40.751966],[14.487087,40.751972],[14.487144,40.751999],[14.487169,40.751971],[14.487168,40.751971],[14.487176,40.751961],[14.487355,40.751755]]]}},{"type":"Feature","properties":{"level":"property","id":"IX.5.5","label":"Property IX.5.5"},"geometry":{"type":"Polygon","coordinates":[[[14.487172,40.752009],[14.487172,40.752009],[14.487183,40.752014],[14.487183,40.752011],[14.487211,40.751978],[14.487176,40.751961],[14.487144,40.751999],[14.487154,40.752003],[14.487172,40.752009]]]}},{"type":"Feature","properties":{"level":"property","id":"IX.5.6","label":"Property IX.5.6"},"geometry":{"type":"Polygon","coordinates":[[[14.487597,40.751611],[14.487595,40.751613],[14.487558,40.751595],[14.48754,40.751587],[14.487536,40.751588],[14.487376,40.751766],[14.487355,40.751755],[14.487176,40.751961],[14.487211,40.751978],[14.487183,40.752011],[14.487183,40.752014],[14.487197,40.752021],[14.487201,40.75202],[14.487229,40.751988],[14.48726,40.752004],[14.487599,40.751612],[14.487597,40.751611]]]}},{"type":"Feature","properties":{"level":"property","id":"IX.5.7","label":"Property IX.5.7"},"geometry":{"type":"Polygon","coordinates":[[[14.487224,40.752035],[14.487224,40.752035],[14.487231,40.752038],[14.487261,40.752004],[14.487229,40.751988],[14.487201,40.75202],[14.487197,40.752021],[14.487206,40.752026],[14.487224,40.752035]]]}},{"type":"Feature","properties":{"level":"property","id":"IX.5.8","label":"Property IX.5.8"},"geometry":{"type":"Polygon","coordinates":[[[14.487278,40.752062],[14.487278,40.752062],[14.487288,40.752067],[14.487287,40.752063],[14.487343,40.752001],[14.487287,40.751973],[14.48726,40.752004],[14.487231,40.752038],[14.487253,40.752049],[14.487278,40.752062]]]}},{"type":"Feature","properties":{"level":"property","id":"IX.5.9","label":"Property IX.5.9"},"geometry":{"type":"Polygon","coordinates":[[[14.487305,40.752075],[14.487315,40.75208],[14.487339,40.752051],[14.487335,40.75205],[14.487367,40.752011],[14.487426,40.752041],[14.487553,40.751898],[14.487571,40.751877],[14.487529,40.751854],[14.487551,40.751829],[14.487456,40.751777],[14.487287,40.751973],[14.487343,40.752001],[14.487287,40.752063],[14.487288,40.752067],[14.487305,40.752075]]]}},{"type":"Feature","properties":{"level":"property","id":"IX.6.2","label":"Property IX.6.2"},"geometry":{"type":"Polygon","coordinates":[[[14.487683,40.751186],[14.487675,40.751193],[14.487707,40.751209],[14.487721,40.751191],[14.487691,40.751177],[14.487683,40.751186]]]}},{"type":"Feature","properties":{"level":"property","id":"IX.6.3","label":"Property IX.6.3"},"geometry":{"type":"Polygon","coordinates":[[[14.487627,40.75124],[14.487616,40.751251],[14.487574,40.751292],[14.487701,40.751356],[14.487695,40.751364],[14.487733,40.751382],[14.487798,40.751307],[14.487853,40.751244],[14.487809,40.751222],[14.487787,40.75125],[14.487737,40.751225],[14.487753,40.751206],[14.487721,40.751191],[14.487707,40.751209],[14.487675,40.751193],[14.487627,40.75124]]]}},{"type":"Feature","properties":{"level":"property","id":"IX.6.5","label":"Property IX.6.5"},"geometry":{"type":"Polygon","coordinates":[[[14.48745,40.751413],[14.48744,40.751423],[14.487385,40.751478],[14.487526,40.751547],[14.487526,40.751544],[14.487543,40.751524],[14.487554,40.751531],[14.487539,40.75155],[14.487535,40.751552],[14.487773,40.751669],[14.48778,40.751671],[14.487838,40.751699],[14.487875,40.751657],[14.487846,40.751641],[14.487926,40.75155],[14.487733,40.751451],[14.487692,40.75143],[14.487668,40.751456],[14.487498,40.751367],[14.48745,40.751413]]]}},{"type":"Feature","properties":{"level":"property","id":"IX.6.5","label":"Property IX.6.5"},"geometry":{"type":"Polygon","coordinates":[[[14.487549,40.751316],[14.487538,40.751327],[14.487498,40.751367],[14.487668,40.751456],[14.487692,40.75143],[14.487733,40.751451],[14.487774,40.751404],[14.487733,40.751382],[14.487695,40.751364],[14.487701,40.751356],[14.487574,40.751292],[14.487549,40.751316]]]}},{"type":"Feature","properties":{"level":"property","id":"IX.6.6","label":"Property IX.6.6"},"geometry":{"type":"Polygon","coordinates":[[[14.487535,40.751552],[14.487539,40.75155],[14.487554,40.751531],[14.487543,40.751524],[14.487526,40.751544],[14.487526,40.751547],[14.487535,40.751552]]]}},{"type":"Feature","properties":{"level":"property","id":"IX.6.8","label":"Property IX.6.8"},"geometry":{"type":"Polygon","coordinates":[[[14.487981,40.7517],[14.487981,40.7517],[14.488014,40.751668],[14.487981,40.751651],[14.487978,40.751654],[14.487962,40.751646],[14.487949,40.751639],[14.487929,40.751621],[14.48792,40.751611],[14.487912,40.751604],[14.48791,40.7516],[14.487911,40.751595],[14.487918,40.751582],[14.487922,40.751573],[14.487928,40.751566],[14.487933,40.751559],[14.487937,40.751554],[14.487937,40.751548],[14.487933,40.751545],[14.487926,40.75155],[14.487846,40.751641],[14.487875,40.751657],[14.487838,40.751699],[14.487936,40.751746],[14.487968,40.751713],[14.487981,40.7517]]]}},{"type":"Feature","properties":{"level":"property","id":"IX.6.a","label":"Property IX.6.a"},"geometry":{"type":"Polygon","coordinates":[[[14.487759,40.751112],[14.487701,40.751168],[14.487691,40.751177],[14.487753,40.751206],[14.487812,40.751136],[14.487801,40.751131],[14.48777,40.751117],[14.487759,40.751112]]]}},{"type":"Feature","properties":{"level":"property","id":"IX.6.b","label":"Property IX.6.b"},"geometry":{"type":"Polygon","coordinates":[[[14.487848,40.751152],[14.487823,40.751141],[14.487812,40.751136],[14.487753,40.751206],[14.487737,40.751225],[14.487787,40.75125],[14.487809,40.751222],[14.487798,40.751217],[14.48785,40.751153],[14.487848,40.751152]]]}},{"type":"Feature","properties":{"level":"property","id":"IX.6.c","label":"Property IX.6.c"},"geometry":{"type":"Polygon","coordinates":[[[14.487895,40.751174],[14.487859,40.751158],[14.48785,40.751153],[14.487798,40.751217],[14.487809,40.751222],[14.487853,40.751244],[14.487906,40.751183],[14.48791,40.751182],[14.487895,40.751174],[14.487895,40.751174]]]}},{"type":"Feature","properties":{"level":"property","id":"IX.6.e"},"geometry":{"type":"Polygon","coordinates":[[[14.487831,40.751324],[14.487851,40.751301],[14.487891,40.751322],[14.48795,40.751254],[14.487983,40.751216],[14.487965,40.751207],[14.487939,40.751195],[14.487925,40.751188],[14.48791,40.751182],[14.487906,40.751183],[14.487853,40.751244],[14.487798,40.751307],[14.487831,40.751324]]]}},{"type":"Feature","properties":{"level":"property","id":"IX.6.f","label":"Property IX.6.f"},"geometry":{"type":"Polygon","coordinates":[[[14.488028,40.751238],[14.488007,40.751228],[14.487983,40.751216],[14.48795,40.751254],[14.488008,40.751282],[14.488039,40.751245],[14.488043,40.751244],[14.488028,40.751238]]]}},{"type":"Feature","properties":{"level":"property","id":"IX.6.g","label":"Property IX.6.g"},"geometry":{"type":"Polygon","coordinates":[[[14.48806,40.751252],[14.488043,40.751244],[14.488039,40.751245],[14.488008,40.751282],[14.48795,40.751254],[14.487891,40.751322],[14.487851,40.751301],[14.487831,40.751324],[14.487798,40.751307],[14.487733,40.751382],[14.487774,40.751404],[14.487733,40.751451],[14.487926,40.75155],[14.487933,40.751545],[14.487923,40.751544],[14.487917,40.75154],[14.487913,40.751536],[14.487905,40.751532],[14.487902,40.751527],[14.487902,40.751521],[14.487902,40.751518],[14.487905,40.751511],[14.48791,40.751508],[14.487918,40.751506],[14.487932,40.751508],[14.48794,40.751507],[14.487948,40.751503],[14.487954,40.751499],[14.487955,40.751494],[14.487951,40.751483],[14.48795,40.751479],[14.487954,40.751474],[14.487958,40.751471],[14.487962,40.75147],[14.487966,40.751461],[14.48797,40.751459],[14.48797,40.751459],[14.487979,40.751458],[14.487981,40.751453],[14.487984,40.75144],[14.487985,40.751434],[14.487989,40.751427],[14.487995,40.751419],[14.487998,40.751412],[14.488003,40.751405],[14.48801,40.751397],[14.488019,40.751391],[14.488033,40.751381],[14.488042,40.751374],[14.488043,40.751371],[14.488051,40.751358],[14.488056,40.751351],[14.488063,40.751347],[14.488069,40.751344],[14.488075,40.751339],[14.48808,40.75133],[14.488088,40.751323],[14.488095,40.751319],[14.488104,40.751311],[14.48811,40.751306],[14.488117,40.751301],[14.488122,40.751296],[14.488131,40.751292],[14.488135,40.75129],[14.488137,40.751291],[14.488139,40.751287],[14.488108,40.751273],[14.48806,40.751252]]]}},{"type":"Feature","properties":{"level":"property","id":"IX.7.1","label":"Property IX.7.1"},"geometry":{"type":"Polygon","coordinates":[[[14.489326,40.750507],[14.489304,40.750496],[14.489265,40.750479],[14.48925,40.750472],[14.489239,40.750485],[14.489242,40.750485],[14.48926,40.750492],[14.489274,40.750499],[14.489289,40.750505],[14.489303,40.750512],[14.489311,40.750517],[14.489315,40.750519],[14.489326,40.750507]]]}},{"type":"Feature","properties":{"level":"property","id":"IX.7.10","label":"Property IX.7.10"},"geometry":{"type":"Polygon","coordinates":[[[14.488929,40.750332],[14.488893,40.750316],[14.488886,40.750313],[14.488878,40.750323],[14.488932,40.750347],[14.488934,40.750348],[14.488939,40.75034],[14.488943,40.750339],[14.488929,40.750332]]]}},{"type":"Feature","properties":{"level":"property","id":"IX.7.11","label":"Property IX.7.11"},"geometry":{"type":"Polygon","coordinates":[[[14.488868,40.750305],[14.488826,40.750287],[14.488824,40.750286],[14.488816,40.750296],[14.488819,40.750297],[14.48883,40.750301],[14.488835,40.750305],[14.488848,40.75031],[14.488878,40.750323],[14.488886,40.750313],[14.488868,40.750305]]]}},{"type":"Feature","properties":{"level":"property","id":"IX.7.12","label":"Property IX.7.12"},"geometry":{"type":"Polygon","coordinates":[[[14.488764,40.750254],[14.488756,40.750253],[14.488727,40.750281],[14.488549,40.750447],[14.488598,40.750477],[14.488551,40.75052],[14.48861,40.750559],[14.488613,40.750556],[14.488714,40.750423],[14.488718,40.750421],[14.488816,40.750296],[14.488824,40.750286],[14.488822,40.750285],[14.488798,40.750273],[14.488794,40.750271],[14.488764,40.750254]]]}},{"type":"Feature","properties":{"level":"property","id":"IX.7.14","label":"Property IX.7.14"},"geometry":{"type":"Polygon","coordinates":[[[14.488516,40.750478],[14.488509,40.750485],[14.488503,40.75049],[14.488551,40.75052],[14.488598,40.750477],[14.488549,40.750447],[14.488516,40.750478]]]}},{"type":"Feature","properties":{"level":"property","id":"IX.7.16","label":"Property IX.7.16"},"geometry":{"type":"Polygon","coordinates":[[[14.48842,40.750568],[14.488415,40.750573],[14.488365,40.750621],[14.488351,40.750634],[14.488324,40.750659],[14.488361,40.750681],[14.488342,40.750699],[14.488371,40.750717],[14.488398,40.75069],[14.488416,40.750701],[14.488418,40.750699],[14.488426,40.750692],[14.488432,40.750682],[14.488449,40.750672],[14.488462,40.750665],[14.488476,40.750661],[14.488483,40.750658],[14.488493,40.750652],[14.488498,40.750648],[14.488502,40.750646],[14.488508,40.750642],[14.488518,40.750638],[14.488524,40.750632],[14.488526,40.750627],[14.48853,40.750623],[14.488545,40.750632],[14.488546,40.75063],[14.488431,40.750558],[14.488426,40.750563],[14.48842,40.750568]]]}},{"type":"Feature","properties":{"level":"property","id":"IX.7.17","label":"Property IX.7.17"},"geometry":{"type":"Polygon","coordinates":[[[14.488316,40.750666],[14.48831,40.750672],[14.488305,40.750676],[14.488342,40.750699],[14.488361,40.750681],[14.488324,40.750659],[14.488316,40.750666]]]}},{"type":"Feature","properties":{"level":"property","id":"IX.7.19","label":"Property IX.7.19"},"geometry":{"type":"Polygon","coordinates":[[[14.488312,40.750827],[14.488347,40.750792],[14.488389,40.750817],[14.48839,40.750814],[14.48839,40.750804],[14.488391,40.75079],[14.488392,40.750754],[14.488393,40.750745],[14.488399,40.750734],[14.488404,40.75072],[14.48841,40.750708],[14.488414,40.750703],[14.488416,40.750701],[14.488398,40.75069],[14.488371,40.750717],[14.488342,40.750699],[14.488305,40.750676],[14.488285,40.750696],[14.488265,40.750685],[14.488255,40.750692],[14.488239,40.750707],[14.48823,40.750716],[14.488218,40.750726],[14.488218,40.750726],[14.488181,40.750759],[14.488312,40.750827]]]}},{"type":"Feature","properties":{"level":"property","id":"IX.7.2","label":"Property IX.7.2"},"geometry":{"type":"Polygon","coordinates":[[[14.489238,40.750467],[14.489203,40.750452],[14.489189,40.750446],[14.489189,40.750449],[14.489182,40.750457],[14.489184,40.750458],[14.489237,40.750485],[14.489239,40.750485],[14.48925,40.750472],[14.489238,40.750467]]]}},{"type":"Feature","properties":{"level":"property","id":"IX.7.20","label":"Property IX.7.20"},"geometry":{"type":"Polygon","coordinates":[[[14.488146,40.750791],[14.488142,40.750796],[14.488105,40.750829],[14.488101,40.750833],[14.488073,40.750858],[14.48807,40.750861],[14.488034,40.750893],[14.488021,40.750903],[14.487991,40.750929],[14.487987,40.750932],[14.487975,40.750943],[14.48806,40.75099],[14.488032,40.751017],[14.488071,40.75104],[14.488111,40.751],[14.488183,40.751038],[14.488232,40.750984],[14.488263,40.751],[14.48828,40.75098],[14.488252,40.750964],[14.488394,40.75082],[14.488389,40.750817],[14.488347,40.750792],[14.488312,40.750827],[14.488181,40.750759],[14.488146,40.750791],[14.488146,40.750791]]]}},{"type":"Feature","properties":{"level":"property","id":"IX.7.22","label":"Property IX.7.22"},"geometry":{"type":"Polygon","coordinates":[[[14.487862,40.751116],[14.487907,40.751134],[14.487965,40.751068],[14.488016,40.751099],[14.488045,40.751071],[14.488006,40.751044],[14.488032,40.751017],[14.48806,40.75099],[14.487975,40.750943],[14.487911,40.751001],[14.487907,40.751005],[14.487894,40.751017],[14.487879,40.751031],[14.487812,40.751096],[14.487826,40.751101],[14.487862,40.751116]]]}},{"type":"Feature","properties":{"level":"property","id":"IX.7.23","label":"Property IX.7.23"},"geometry":{"type":"Polygon","coordinates":[[[14.487948,40.751152],[14.487958,40.751156],[14.488016,40.751099],[14.487965,40.751068],[14.487907,40.751134],[14.487916,40.751138],[14.487948,40.751152]]]}},{"type":"Feature","properties":{"level":"property","id":"IX.7.24","label":"Property IX.7.24"},"geometry":{"type":"Polygon","coordinates":[[[14.487993,40.751163],[14.488001,40.751166],[14.488,40.751164],[14.488021,40.75114],[14.487992,40.751123],[14.487959,40.751156],[14.487961,40.751157],[14.487993,40.751163]]]}},{"type":"Feature","properties":{"level":"property","id":"IX.7.25","label":"Property IX.7.25"},"geometry":{"type":"Polygon","coordinates":[[[14.488015,40.751176],[14.488051,40.75119],[14.488099,40.751145],[14.488138,40.751168],[14.488153,40.751155],[14.488143,40.751149],[14.488181,40.751114],[14.488189,40.751118],[14.488203,40.751105],[14.488213,40.751109],[14.488301,40.75099],[14.48828,40.75098],[14.488263,40.751],[14.488233,40.750984],[14.488183,40.751038],[14.488111,40.751],[14.488071,40.75104],[14.488032,40.751017],[14.488006,40.751044],[14.488045,40.751071],[14.488016,40.751099],[14.487992,40.751123],[14.488021,40.75114],[14.488,40.751164],[14.488001,40.751166],[14.488015,40.751176]]]}},{"type":"Feature","properties":{"level":"property","id":"IX.7.26","label":"Property IX.7.26"},"geometry":{"type":"Polygon","coordinates":[[[14.48812,40.751219],[14.48813,40.751223],[14.488126,40.751228],[14.488128,40.751229],[14.488167,40.751185],[14.488161,40.75118],[14.488213,40.751109],[14.488203,40.751105],[14.488189,40.751118],[14.488181,40.751114],[14.488143,40.751149],[14.488153,40.751155],[14.488138,40.751168],[14.488099,40.751145],[14.488051,40.75119],[14.488092,40.751207],[14.48812,40.751219]]]}},{"type":"Feature","properties":{"level":"property","id":"IX.7.3","label":"Property IX.7.3"},"geometry":{"type":"Polygon","coordinates":[[[14.489189,40.750446],[14.489171,40.750436],[14.489167,40.750438],[14.48916,40.750447],[14.489162,40.750448],[14.48918,40.750456],[14.489182,40.750457],[14.489189,40.750449],[14.489189,40.750446]]]}},{"type":"Feature","properties":{"level":"property","id":"IX.7.4","label":"Property IX.7.4"},"geometry":{"type":"Polygon","coordinates":[[[14.489159,40.750431],[14.489135,40.750421],[14.489121,40.750415],[14.489122,40.750418],[14.489115,40.750426],[14.489117,40.750427],[14.489158,40.750446],[14.48916,40.750447],[14.489167,40.750438],[14.489171,40.750436],[14.489159,40.750431],[14.489159,40.750431]]]}},{"type":"Feature","properties":{"level":"property","id":"IX.7.5","label":"Property IX.7.5"},"geometry":{"type":"Polygon","coordinates":[[[14.489121,40.750415],[14.489099,40.750409],[14.489094,40.750407],[14.489088,40.750416],[14.48909,40.750418],[14.489113,40.750426],[14.489115,40.750426],[14.489122,40.750418],[14.489121,40.750415]]]}},{"type":"Feature","properties":{"level":"property","id":"IX.7.6","label":"Property IX.7.6"},"geometry":{"type":"Polygon","coordinates":[[[14.489089,40.750405],[14.489076,40.750399],[14.489071,40.750397],[14.489064,40.750405],[14.489066,40.750407],[14.489087,40.750415],[14.489088,40.750416],[14.489094,40.750407],[14.489089,40.750405]]]}},{"type":"Feature","properties":{"level":"property","id":"IX.7.7","label":"Property IX.7.7"},"geometry":{"type":"Polygon","coordinates":[[[14.489053,40.750389],[14.489033,40.750378],[14.489019,40.750373],[14.489014,40.750381],[14.489015,40.750382],[14.489063,40.750404],[14.489064,40.750405],[14.489071,40.750397],[14.489053,40.750389],[14.489053,40.750389]]]}},{"type":"Feature","properties":{"level":"property","id":"IX.7.8","label":"Property IX.7.8"},"geometry":{"type":"Polygon","coordinates":[[[14.489007,40.750367],[14.488976,40.750354],[14.488963,40.750348],[14.488964,40.750352],[14.488959,40.750358],[14.488961,40.750358],[14.489012,40.75038],[14.489014,40.750381],[14.489019,40.750373],[14.489007,40.750367]]]}},{"type":"Feature","properties":{"level":"property","id":"IX.7.9","label":"Property IX.7.9"},"geometry":{"type":"Polygon","coordinates":[[[14.488963,40.750348],[14.488943,40.750339],[14.488939,40.75034],[14.488934,40.750348],[14.488937,40.750348],[14.488956,40.750357],[14.488959,40.750358],[14.488964,40.750352],[14.488963,40.750348]]]}},{"type":"Feature","properties":{"level":"property","id":"IX.8.1","label":"Property IX.8.1"},"geometry":{"type":"Polygon","coordinates":[[[14.487598,40.75219],[14.487673,40.752224],[14.487704,40.752184],[14.48759,40.75213],[14.487552,40.752167],[14.48758,40.75218],[14.487598,40.75219]]]}},{"type":"Feature","properties":{"level":"property","id":"IX.8.2","label":"Property IX.8.2"},"geometry":{"type":"Polygon","coordinates":[[[14.4877,40.752237],[14.487714,40.752243],[14.487745,40.752202],[14.487704,40.752184],[14.487673,40.752224],[14.487682,40.752229],[14.4877,40.752237]]]}},{"type":"Feature","properties":{"level":"property","id":"IX.8.3","label":"Property IX.8.3"},"geometry":{"type":"Polygon","coordinates":[[[14.487749,40.752259],[14.487752,40.75226],[14.487783,40.75222],[14.487857,40.752254],[14.487846,40.752269],[14.487882,40.752285],[14.487862,40.752311],[14.4879,40.752328],[14.487925,40.752339],[14.487953,40.752352],[14.487973,40.752327],[14.488016,40.752346],[14.488423,40.751827],[14.488351,40.751796],[14.488336,40.751813],[14.488301,40.751798],[14.488271,40.751833],[14.488211,40.751807],[14.488191,40.751832],[14.48815,40.75181],[14.488089,40.751885],[14.488051,40.751866],[14.488038,40.751875],[14.488033,40.751872],[14.488011,40.751896],[14.487895,40.751827],[14.48759,40.75213],[14.487704,40.752184],[14.487745,40.752202],[14.487714,40.752243],[14.487733,40.752251],[14.487749,40.752259]]]}},{"type":"Feature","properties":{"level":"property","id":"IX.8.4","label":"Property IX.8.4"},"geometry":{"type":"Polygon","coordinates":[[[14.487808,40.752286],[14.487826,40.752295],[14.487846,40.752269],[14.487857,40.752254],[14.487783,40.75222],[14.487752,40.75226],[14.487753,40.752261],[14.487754,40.75226],[14.487762,40.752264],[14.487766,40.752266],[14.487786,40.752275],[14.487808,40.752286]]]}},{"type":"Feature","properties":{"level":"property","id":"IX.8.5","label":"Property IX.8.5"},"geometry":{"type":"Polygon","coordinates":[[[14.487848,40.752305],[14.487848,40.752305],[14.487862,40.752311],[14.487882,40.752285],[14.487846,40.752269],[14.487826,40.752295],[14.487837,40.7523],[14.487848,40.752305]]]}},{"type":"Feature","properties":{"level":"property","id":"IX.8.7","label":"Property IX.8.7"},"geometry":{"type":"Polygon","coordinates":[[[14.487995,40.752372],[14.488016,40.752346],[14.487973,40.752327],[14.487953,40.752352],[14.487955,40.752354],[14.487974,40.752362],[14.487995,40.752372]]]}},{"type":"Feature","properties":{"level":"property","id":"IX.8.8","label":"Property IX.8.8"},"geometry":{"type":"Polygon","coordinates":[[[14.488464,40.751777],[14.488476,40.751765],[14.488467,40.751768],[14.488454,40.751769],[14.488443,40.751765],[14.488424,40.751755],[14.488396,40.751739],[14.488381,40.751732],[14.488357,40.751722],[14.488321,40.751715],[14.488289,40.751706],[14.488266,40.751698],[14.488253,40.751693],[14.488236,40.751688],[14.488221,40.751685],[14.48821,40.751685],[14.488196,40.75169],[14.488182,40.751694],[14.488171,40.751696],[14.488157,40.751695],[14.488142,40.751691],[14.488129,40.751686],[14.488098,40.751677],[14.488086,40.751672],[14.488084,40.751667],[14.488083,40.751661],[14.488061,40.751683],[14.48814,40.751722],[14.48816,40.751701],[14.488203,40.751721],[14.488228,40.751693],[14.488355,40.751749],[14.488325,40.751785],[14.488351,40.751796],[14.488423,40.751827],[14.488434,40.751814],[14.488441,40.751806],[14.488464,40.751777]]]}},{"type":"Feature","properties":{"level":"property","id":"IX.8.b","label":"Property IX.8.b"},"geometry":{"type":"Polygon","coordinates":[[[14.487946,40.751779],[14.487895,40.751827],[14.488011,40.751896],[14.488033,40.751872],[14.488038,40.751875],[14.488051,40.751866],[14.488089,40.751885],[14.488131,40.751834],[14.48809,40.75181],[14.488082,40.751817],[14.487975,40.751751],[14.487955,40.75177],[14.487946,40.751779]]]}},{"type":"Feature","properties":{"level":"property","id":"IX.8.c","label":"Property IX.8.c"},"geometry":{"type":"Polygon","coordinates":[[[14.488,40.751726],[14.487975,40.751751],[14.488082,40.751817],[14.48809,40.75181],[14.488131,40.751834],[14.48815,40.75181],[14.488191,40.751832],[14.488211,40.751807],[14.488271,40.751833],[14.488301,40.751798],[14.488336,40.751813],[14.488351,40.751796],[14.488325,40.751785],[14.488355,40.751749],[14.488228,40.751693],[14.488203,40.751721],[14.48816,40.751701],[14.48814,40.751722],[14.488061,40.751683],[14.488037,40.751705],[14.488031,40.751711],[14.488011,40.751732],[14.488,40.751726]]]}},{"type":"Feature","properties":{"level":"property","id":"IX.9.1"},"geometry":{"type":"Polygon","coordinates":[[[14.488271,40.75226],[14.488295,40.75223],[14.4883,40.752232],[14.488359,40.752161],[14.488261,40.752114],[14.488201,40.75219],[14.488193,40.752199],[14.488068,40.752363],[14.488044,40.752393],[14.488037,40.752402],[14.48804,40.752404],[14.488054,40.75241],[14.488083,40.752423],[14.488104,40.752432],[14.488118,40.752439],[14.48812,40.75244],[14.488255,40.752271],[14.488271,40.75226]]]}},{"type":"Feature","properties":{"level":"property","id":"IX.9.12","label":"Property IX.9.12"},"geometry":{"type":"Polygon","coordinates":[[[14.488433,40.751905],[14.488426,40.751913],[14.48842,40.75192],[14.488584,40.751993],[14.488529,40.752065],[14.48851,40.752091],[14.488561,40.752114],[14.488684,40.752169],[14.488686,40.752168],[14.488704,40.752147],[14.488711,40.752137],[14.488773,40.752057],[14.488782,40.752045],[14.48883,40.751984],[14.48884,40.751971],[14.48888,40.751921],[14.488876,40.751921],[14.488704,40.751856],[14.488686,40.751875],[14.488632,40.751848],[14.488563,40.751932],[14.488452,40.751884],[14.488433,40.751905]]]}},{"type":"Feature","properties":{"level":"property","id":"IX.9.4","label":"Property IX.9.4"},"geometry":{"type":"Polygon","coordinates":[[[14.488236,40.75245],[14.48831,40.752355],[14.488333,40.752365],[14.488343,40.752353],[14.488356,40.752359],[14.488474,40.752219],[14.488561,40.752114],[14.48851,40.752091],[14.488499,40.752105],[14.488486,40.752116],[14.488437,40.752177],[14.488371,40.752147],[14.488359,40.752161],[14.4883,40.752232],[14.488295,40.75223],[14.488271,40.75226],[14.488255,40.752271],[14.488229,40.752302],[14.48823,40.752302],[14.488146,40.752408],[14.48812,40.75244],[14.488125,40.752442],[14.488138,40.752448],[14.488148,40.752452],[14.488165,40.752459],[14.488178,40.752465],[14.488207,40.752477],[14.488214,40.75248],[14.488236,40.75245]]]}},{"type":"Feature","properties":{"level":"property","id":"IX.9.6","label":"Property IX.9.6"},"geometry":{"type":"Polygon","coordinates":[[[14.488397,40.75245],[14.488439,40.752395],[14.48849,40.752419],[14.488494,40.752419],[14.488581,40.752308],[14.488587,40.752301],[14.48869,40.75217],[14.488686,40.752168],[14.488686,40.752168],[14.488684,40.752169],[14.488561,40.752114],[14.488356,40.752359],[14.488343,40.752353],[14.488333,40.752365],[14.48831,40.752355],[14.488236,40.75245],[14.488214,40.75248],[14.48826,40.7525],[14.488273,40.752506],[14.488288,40.752512],[14.488311,40.752522],[14.488334,40.752532],[14.488397,40.75245]]]}},{"type":"Feature","properties":{"level":"property","id":"IX.9.8","label":"Property IX.9.8"},"geometry":{"type":"Polygon","coordinates":[[[14.488502,40.752423],[14.488494,40.752419],[14.48849,40.752419],[14.488439,40.752395],[14.48841,40.752434],[14.488397,40.75245],[14.488334,40.752532],[14.488353,40.75254],[14.488366,40.752546],[14.488383,40.752553],[14.488397,40.75256],[14.488421,40.752528],[14.488435,40.752509],[14.48844,40.7525],[14.488502,40.752423]]]}},{"type":"Feature","properties":{"level":"property","id":"IX.9.c","label":"Property IX.9.c"},"geometry":{"type":"Polygon","coordinates":[[[14.488281,40.75209],[14.488268,40.752105],[14.488262,40.752112],[14.488261,40.752114],[14.488359,40.752161],[14.488371,40.752147],[14.488437,40.752177],[14.488486,40.752116],[14.488499,40.752105],[14.48851,40.752091],[14.488529,40.752065],[14.488474,40.752039],[14.488468,40.752047],[14.488435,40.752032],[14.488406,40.752067],[14.488395,40.752062],[14.488397,40.752059],[14.488332,40.752028],[14.48829,40.752079],[14.488281,40.75209]]]}},{"type":"Feature","properties":{"level":"property","id":"IX.9.d","label":"Property IX.9.d"},"geometry":{"type":"Polygon","coordinates":[[[14.488381,40.751968],[14.488332,40.752028],[14.488397,40.752059],[14.488395,40.752062],[14.488406,40.752067],[14.488435,40.752032],[14.488468,40.752047],[14.488474,40.752039],[14.488529,40.752065],[14.488584,40.751993],[14.48842,40.75192],[14.488388,40.75196],[14.488381,40.751968]]]}},{"type":"Feature","properties":{"level":"property","id":"IX.9.f","label":"Property IX.9.f"},"geometry":{"type":"Polygon","coordinates":[[[14.488453,40.751882],[14.488452,40.751884],[14.488563,40.751932],[14.488595,40.751893],[14.488485,40.75184],[14.488461,40.75187],[14.488453,40.751882]]]}},{"type":"Feature","properties":{"level":"property","id":"IX.9.g","label":"Property IX.9.g"},"geometry":{"type":"Polygon","coordinates":[[[14.488493,40.75183],[14.488493,40.75183],[14.488485,40.75184],[14.488595,40.751893],[14.488632,40.751848],[14.488522,40.751794],[14.488499,40.751823],[14.488493,40.75183]]]}}]}
